10000014
00000001
027c0210
00000001
03000000
00000210
30000000
10000014
00000000
00200000
00000001
00000000
00000c00
30000000
10000014
00000000
00200c00
00000001
00080000
00000c00
30000000
10000014
00000000
00201800
00000001
00100000
00000c00
30000000
10000014
00000000
00202400
00000001
00180000
00000c00
30000000
20000030
00000007
00000000
00000000
00000003
00000032
000000e0
00000000
00000000
004c0000
07072233
00000018
00000070
40000000
10000014
00000001
024c0000
00000001
00000c00
0007e000
30000000
10000014
00000001
024c0000
00000001
00080c00
0007e000
30000000
10000014
00000001
024c0000
00000001
00100c00
0007e000
30000000
10000014
00000001
024c0000
00000001
00180c00
0007e000
30000000
90000060
00000a80
00000306
0000000f
00000000
000000c0
0000000c
00000004
00000000
00000000
00000000
00000000
00000000
00000000
00000000
00000000
00000000
00000000
00000000
00000000
00000000
00000000
00000000
00000000
00000000
70000000
00000000
00000000
00000000
00000000
00000000
00000000
00000000
00000000
00000000
00000000
00000000
00000000
00000000
00000000
00000000
00000000
10000014
00000001
01000000
00000001
024c0000
0002a000
30000000
10000014
00000001
01040000
00000001
024ea000
0002a000
30000000
10000014
00000001
01080000
00000001
02514000
0002a000
30000000
10000014
00000001
010c0000
00000001
0253e000
0002a000
30000000
21000030
00000001
004c0000
00000000
00000010
00000018
00000070
00000110
00000010
001a0000
00000040
00000000
00000000
40000000
21000030
00000001
004ea000
00000000
00000010
00000018
00000070
00000150
00000050
001a0040
00000040
00000000
00000000
40000000
21000030
00000001
00514000
00000000
00000010
00000018
00000070
00000190
00000090
001a0080
00000040
00000000
00000000
40000000
21000030
00000001
0053e000
00000000
00000010
00000018
00000070
000001d0
000000d0
001a00c0
00000040
00000000
00000000
40000000
20000030
00000007
00027600
00000000
00000003
00000035
000000e0
00000000
00000000
004c0000
07072203
00000018
00000070
40000000
10000014
00000001
024c0000
00000001
00000c00
0007e000
30000000
10000014
00000001
024c0000
00000001
00080c00
0007e000
30000000
10000014
00000001
024c0000
00000001
00100c00
0007e000
30000000
10000014
00000001
024c0000
00000001
00180c00
0007e000
30000000
90000060
00000a80
00000306
0000000f
00000000
000000c0
0000000c
00000004
00000000
00000000
00000000
00000000
00000000
00000000
00000000
00000000
00000000
00000000
00000000
00000000
00000000
00000000
00000000
00000000
00000000
70000000
00000000
00000000
00000000
00000000
00000000
00000000
00000000
00000000
00000000
00000000
00000000
00000000
00000000
00000000
00000000
00000000
10000014
00000001
01000000
00000001
024c0000
0002a000
30000000
10000014
00000001
01040000
00000001
024ea000
0002a000
30000000
10000014
00000001
01080000
00000001
02514000
0002a000
30000000
10000014
00000001
010c0000
00000001
0253e000
0002a000
30000000
21000030
00000001
004c0000
00000000
00000010
00000018
00000070
00000110
00000010
00248000
00000040
00000000
00000000
40000000
21000030
00000001
004ea000
00000000
00000010
00000018
00000070
00000150
00000050
00248040
00000040
00000000
00000000
40000000
21000030
00000001
00514000
00000000
00000010
00000018
00000070
00000190
00000090
00248080
00000040
00000000
00000000
40000000
21000030
00000001
0053e000
00000000
00000010
00000018
00000070
000001d0
000000d0
002480c0
00000040
00000000
00000000
40000000
20000030
00000007
00051600
00000000
00000003
00000035
000000e0
00000000
00000000
004c0000
07072203
00000018
00000070
40000000
10000014
00000001
024c0000
00000001
00000c00
0007e000
30000000
10000014
00000001
024c0000
00000001
00080c00
0007e000
30000000
10000014
00000001
024c0000
00000001
00100c00
0007e000
30000000
10000014
00000001
024c0000
00000001
00180c00
0007e000
30000000
90000060
00000a80
00000306
0000000f
00000000
000000c0
0000000c
00000004
00000000
00000000
00000000
00000000
00000000
00000000
00000000
00000000
00000000
00000000
00000000
00000000
00000000
00000000
00000000
00000000
00000000
70000000
00000000
00000000
00000000
00000000
00000000
00000000
00000000
00000000
00000000
00000000
00000000
00000000
00000000
00000000
00000000
00000000
10000014
00000001
01000000
00000001
024c0000
0002a000
30000000
10000014
00000001
01040000
00000001
024ea000
0002a000
30000000
10000014
00000001
01080000
00000001
02514000
0002a000
30000000
10000014
00000001
010c0000
00000001
0253e000
0002a000
30000000
21000030
00000001
004c0000
00000000
00000010
00000018
00000070
00000110
00000010
002f0000
00000040
00000000
00000000
40000000
21000030
00000001
004ea000
00000000
00000010
00000018
00000070
00000150
00000050
002f0040
00000040
00000000
00000000
40000000
21000030
00000001
00514000
00000000
00000010
00000018
00000070
00000190
00000090
002f0080
00000040
00000000
00000000
40000000
21000030
00000001
0053e000
00000000
00000010
00000018
00000070
000001d0
000000d0
002f00c0
00000040
00000000
00000000
40000000
20000030
00000007
0007b600
00000000
00000003
00000035
000000e0
00000000
00000000
004c0000
07072203
00000018
00000070
40000000
10000014
00000001
024c0000
00000001
00000c00
0007e000
30000000
10000014
00000001
024c0000
00000001
00080c00
0007e000
30000000
10000014
00000001
024c0000
00000001
00100c00
0007e000
30000000
10000014
00000001
024c0000
00000001
00180c00
0007e000
30000000
90000060
00000a80
00000306
0000000f
00000000
000000c0
0000000c
00000004
00000000
00000000
00000000
00000000
00000000
00000000
00000000
00000000
00000000
00000000
00000000
00000000
00000000
00000000
00000000
00000000
00000000
70000000
00000000
00000000
00000000
00000000
00000000
00000000
00000000
00000000
00000000
00000000
00000000
00000000
00000000
00000000
00000000
00000000
10000014
00000001
01000000
00000001
024c0000
0002a000
30000000
10000014
00000001
01040000
00000001
024ea000
0002a000
30000000
10000014
00000001
01080000
00000001
02514000
0002a000
30000000
10000014
00000001
010c0000
00000001
0253e000
0002a000
30000000
21000030
00000001
004c0000
00000000
00000010
00000018
00000070
00000110
00000010
00398000
00000040
00000000
00000000
40000000
21000030
00000001
004ea000
00000000
00000010
00000018
00000070
00000150
00000050
00398040
00000040
00000000
00000000
40000000
21000030
00000001
00514000
00000000
00000010
00000018
00000070
00000190
00000090
00398080
00000040
00000000
00000000
40000000
21000030
00000001
0053e000
00000000
00000010
00000018
00000070
000001d0
000000d0
003980c0
00000040
00000000
00000000
40000000
20000030
00000007
000a5600
00000000
00000003
00000023
000000e0
00000000
00000000
004c0000
07072203
00000010
00000070
40000000
10000014
00000001
024c0000
00000001
00000c00
00054000
30000000
10000014
00000001
024c0000
00000001
00080c00
00054000
30000000
10000014
00000001
024c0000
00000001
00100c00
00054000
30000000
10000014
00000001
024c0000
00000001
00180c00
00054000
30000000
90000060
00000700
00000306
0000000f
00000000
000000c0
0000000c
00000004
00000000
00000000
00000000
00000000
00000000
00000000
00000000
00000000
00000000
00000000
00000000
00000000
00000000
00000000
00000000
00000000
00000000
70000000
00000000
00000000
00000000
00000000
00000000
00000000
00000000
00000000
00000000
00000000
00000000
00000000
00000000
00000000
00000000
00000000
10000014
00000001
01000000
00000001
024c0000
0001c000
30000000
10000014
00000001
01040000
00000001
024dc000
0001c000
30000000
10000014
00000001
01080000
00000001
024f8000
0001c000
30000000
10000014
00000001
010c0000
00000001
02514000
0001c000
30000000
21000030
00000001
004c0000
00000000
00000010
00000010
00000070
00000110
00000010
00440000
00000040
00000000
00000000
40000000
21000030
00000001
004dc000
00000000
00000010
00000010
00000070
00000150
00000050
00440040
00000040
00000000
00000000
40000000
21000030
00000001
004f8000
00000000
00000010
00000010
00000070
00000190
00000090
00440080
00000040
00000000
00000000
40000000
21000030
00000001
00514000
00000000
00000010
00000010
00000070
000001d0
000000d0
004400c0
00000040
00000000
00000000
40000000
10000014
00000001
027c0000
00000001
03000000
00000210
30000000
20000030
00000003
001a0000
00000000
00000040
00000070
00000070
00000000
00000000
005a0000
00000000
00000000
00000000
40000000
24000030
00000001
005a0000
00000000
00000040
00000070
00000070
00000110
00000010
001a0000
00000000
00000000
00000000
40000000
20000030
00000004
001a0000
00000000
00000040
00000070
00000070
00000000
00000000
00000000
00000001
00000000
00000000
40000000
10000014
00000001
027c0420
00000001
03000000
00000210
30000000
20000030
00000003
00000000
00000000
00000040
00000038
00000038
00000000
00000000
005a0000
00000000
00000000
00000000
40000000
24000030
00000001
005a0000
00000000
00000040
00000038
00000038
00000110
00000010
00000000
00000000
00000000
00000000
40000000
10000014
00000001
027c0840
00000001
03000000
00000210
30000000
10000014
00000000
00203000
00000001
00000000
00002400
30000000
10000014
00000000
00205400
00000001
00080000
00002400
30000000
10000014
00000000
00207800
00000001
00100000
00002400
30000000
10000014
00000000
00209c00
00000001
00180000
00002400
30000000
20000030
00000003
00000000
00000000
00000040
00000038
00000038
00000000
00000000
005a0000
00000000
00000000
00000000
40000000
20000030
00000007
005a0000
00000000
00000040
00000010
00000038
00000000
00000000
004c0000
03031111
0000000f
00000038
40000000
10000014
00000001
024c0000
00000001
00002400
00076200
30000000
10000014
00000001
024c0000
00000001
00082400
00076200
30000000
10000014
00000001
024c0000
00000001
00102400
00076200
30000000
10000014
00000001
024c0000
00000001
00182400
00076200
30000000
90000060
00000348
00000906
0000000f
00000000
00000240
00000024
00000004
00000000
00000000
00000000
00000000
00000000
00000000
00000000
00000000
00000000
00000000
00000000
00000000
00000000
00000000
00000000
00000000
00000000
70000000
00000000
00000000
00000000
00000000
00000000
00000000
00000000
00000000
00000000
00000000
00000000
00000000
00000000
00000000
00000000
00000000
10000014
00000001
01000000
00000001
024c0000
0000d200
30000000
10000014
00000001
01040000
00000001
024cd200
0000d200
30000000
10000014
00000001
01080000
00000001
024da400
0000d200
30000000
10000014
00000001
010c0000
00000001
024e7600
0000d200
30000000
21000030
00000001
004c0000
00000000
00000010
0000000f
00000038
00000110
00000010
001a0000
00000040
00000000
00000000
40000000
21000030
00000001
004cd200
00000000
00000010
0000000f
00000038
00000150
00000050
001a0040
00000040
00000000
00000000
40000000
21000030
00000001
004da400
00000000
00000010
0000000f
00000038
00000190
00000090
001a0080
00000040
00000000
00000000
40000000
21000030
00000001
004e7600
00000000
00000010
0000000f
00000038
000001d0
000000d0
001a00c0
00000040
00000000
00000000
40000000
20000030
00000007
005ac400
00000000
00000040
00000011
00000038
00000000
00000000
004c0000
03031101
0000000f
00000038
40000000
10000014
00000001
024c0000
00000001
00002400
00076200
30000000
10000014
00000001
024c0000
00000001
00082400
00076200
30000000
10000014
00000001
024c0000
00000001
00102400
00076200
30000000
10000014
00000001
024c0000
00000001
00182400
00076200
30000000
90000060
00000348
00000906
0000000f
00000000
00000240
00000024
00000004
00000000
00000000
00000000
00000000
00000000
00000000
00000000
00000000
00000000
00000000
00000000
00000000
00000000
00000000
00000000
00000000
00000000
70000000
00000000
00000000
00000000
00000000
00000000
00000000
00000000
00000000
00000000
00000000
00000000
00000000
00000000
00000000
00000000
00000000
10000014
00000001
01000000
00000001
024c0000
0000d200
30000000
10000014
00000001
01040000
00000001
024cd200
0000d200
30000000
10000014
00000001
01080000
00000001
024da400
0000d200
30000000
10000014
00000001
010c0000
00000001
024e7600
0000d200
30000000
21000030
00000001
004c0000
00000000
00000010
0000000f
00000038
00000110
00000010
001d4800
00000040
00000000
00000000
40000000
21000030
00000001
004cd200
00000000
00000010
0000000f
00000038
00000150
00000050
001d4840
00000040
00000000
00000000
40000000
21000030
00000001
004da400
00000000
00000010
0000000f
00000038
00000190
00000090
001d4880
00000040
00000000
00000000
40000000
21000030
00000001
004e7600
00000000
00000010
0000000f
00000038
000001d0
000000d0
001d48c0
00000040
00000000
00000000
40000000
20000030
00000007
005b9600
00000000
00000040
00000011
00000038
00000000
00000000
004c0000
03031101
0000000f
00000038
40000000
10000014
00000001
024c0000
00000001
00002400
00076200
30000000
10000014
00000001
024c0000
00000001
00082400
00076200
30000000
10000014
00000001
024c0000
00000001
00102400
00076200
30000000
10000014
00000001
024c0000
00000001
00182400
00076200
30000000
90000060
00000348
00000906
0000000f
00000000
00000240
00000024
00000004
00000000
00000000
00000000
00000000
00000000
00000000
00000000
00000000
00000000
00000000
00000000
00000000
00000000
00000000
00000000
00000000
00000000
70000000
00000000
00000000
00000000
00000000
00000000
00000000
00000000
00000000
00000000
00000000
00000000
00000000
00000000
00000000
00000000
00000000
10000014
00000001
01000000
00000001
024c0000
0000d200
30000000
10000014
00000001
01040000
00000001
024cd200
0000d200
30000000
10000014
00000001
01080000
00000001
024da400
0000d200
30000000
10000014
00000001
010c0000
00000001
024e7600
0000d200
30000000
21000030
00000001
004c0000
00000000
00000010
0000000f
00000038
00000110
00000010
00209000
00000040
00000000
00000000
40000000
21000030
00000001
004cd200
00000000
00000010
0000000f
00000038
00000150
00000050
00209040
00000040
00000000
00000000
40000000
21000030
00000001
004da400
00000000
00000010
0000000f
00000038
00000190
00000090
00209080
00000040
00000000
00000000
40000000
21000030
00000001
004e7600
00000000
00000010
0000000f
00000038
000001d0
000000d0
002090c0
00000040
00000000
00000000
40000000
20000030
00000007
005c6800
00000000
00000040
0000000c
00000038
00000000
00000000
004c0000
03031101
0000000b
00000038
40000000
10000014
00000001
024c0000
00000001
00002400
00056a00
30000000
10000014
00000001
024c0000
00000001
00082400
00056a00
30000000
10000014
00000001
024c0000
00000001
00102400
00056a00
30000000
10000014
00000001
024c0000
00000001
00182400
00056a00
30000000
90000060
00000268
00000906
0000000f
00000000
00000240
00000024
00000004
00000000
00000000
00000000
00000000
00000000
00000000
00000000
00000000
00000000
00000000
00000000
00000000
00000000
00000000
00000000
00000000
00000000
70000000
00000000
00000000
00000000
00000000
00000000
00000000
00000000
00000000
00000000
00000000
00000000
00000000
00000000
00000000
00000000
00000000
10000014
00000001
01000000
00000001
024c0000
00009a00
30000000
10000014
00000001
01040000
00000001
024c9a00
00009a00
30000000
10000014
00000001
01080000
00000001
024d3400
00009a00
30000000
10000014
00000001
010c0000
00000001
024dce00
00009a00
30000000
21000030
00000001
004c0000
00000000
00000010
0000000b
00000038
00000110
00000010
0023d800
00000040
00000000
00000000
40000000
21000030
00000001
004c9a00
00000000
00000010
0000000b
00000038
00000150
00000050
0023d840
00000040
00000000
00000000
40000000
21000030
00000001
004d3400
00000000
00000010
0000000b
00000038
00000190
00000090
0023d880
00000040
00000000
00000000
40000000
21000030
00000001
004dce00
00000000
00000010
0000000b
00000038
000001d0
000000d0
0023d8c0
00000040
00000000
00000000
40000000
10000014
00000001
027c0630
00000001
03000000
00000210
30000000
20000030
00000003
001a0000
00000000
00000040
00000038
00000038
00000000
00000000
005a0000
00000000
00000000
00000000
40000000
24000030
00000001
005a0000
00000000
00000040
00000038
00000038
00000110
00000010
001a0000
00000000
00000000
00000000
40000000
10000014
00000001
027c0c60
00000001
03000000
00000210
30000000
10000014
00000000
0020c000
00000001
00000000
00002400
30000000
10000014
00000000
0020e400
00000001
00080000
00002400
30000000
10000014
00000000
00210800
00000001
00100000
00002400
30000000
10000014
00000000
00212c00
00000001
00180000
00002400
30000000
20000030
00000003
001a0000
00000000
00000040
00000038
00000038
00000000
00000000
001a0000
00000000
00000000
00000000
40000000
20000030
00000007
001a0000
00000000
00000040
00000010
00000038
00000000
00000000
004c0000
03031111
0000000f
00000038
40000000
10000014
00000001
024c0000
00000001
00002400
00076200
30000000
10000014
00000001
024c0000
00000001
00082400
00076200
30000000
10000014
00000001
024c0000
00000001
00102400
00076200
30000000
10000014
00000001
024c0000
00000001
00182400
00076200
30000000
90000060
00000348
00000906
0000000f
00000000
00000240
00000024
00000004
00000000
00000000
00000000
00000000
00000000
00000000
00000000
00000000
00000000
00000000
00000000
00000000
00000000
00000000
00000000
00000000
00000000
70000000
00000000
00000000
00000000
00000000
00000000
00000000
00000000
00000000
00000000
00000000
00000000
00000000
00000000
00000000
00000000
00000000
10000014
00000001
01000000
00000001
024c0000
0000d200
30000000
10000014
00000001
01040000
00000001
024cd200
0000d200
30000000
10000014
00000001
01080000
00000001
024da400
0000d200
30000000
10000014
00000001
010c0000
00000001
024e7600
0000d200
30000000
20000030
00000001
004c0000
00000000
00000010
0000000f
00000038
00000110
00000010
005a0000
00000040
00000000
00000000
40000000
20000030
00000001
004cd200
00000000
00000010
0000000f
00000038
00000150
00000050
005a0040
00000040
00000000
00000000
40000000
20000030
00000001
004da400
00000000
00000010
0000000f
00000038
00000190
00000090
005a0080
00000040
00000000
00000000
40000000
20000030
00000001
004e7600
00000000
00000010
0000000f
00000038
000001d0
000000d0
005a00c0
00000040
00000000
00000000
40000000
20000030
00000007
001ac400
00000000
00000040
00000011
00000038
00000000
00000000
004c0000
03031101
0000000f
00000038
40000000
10000014
00000001
024c0000
00000001
00002400
00076200
30000000
10000014
00000001
024c0000
00000001
00082400
00076200
30000000
10000014
00000001
024c0000
00000001
00102400
00076200
30000000
10000014
00000001
024c0000
00000001
00182400
00076200
30000000
90000060
00000348
00000906
0000000f
00000000
00000240
00000024
00000004
00000000
00000000
00000000
00000000
00000000
00000000
00000000
00000000
00000000
00000000
00000000
00000000
00000000
00000000
00000000
00000000
00000000
70000000
00000000
00000000
00000000
00000000
00000000
00000000
00000000
00000000
00000000
00000000
00000000
00000000
00000000
00000000
00000000
00000000
10000014
00000001
01000000
00000001
024c0000
0000d200
30000000
10000014
00000001
01040000
00000001
024cd200
0000d200
30000000
10000014
00000001
01080000
00000001
024da400
0000d200
30000000
10000014
00000001
010c0000
00000001
024e7600
0000d200
30000000
20000030
00000001
004c0000
00000000
00000010
0000000f
00000038
00000110
00000010
005d4800
00000040
00000000
00000000
40000000
20000030
00000001
004cd200
00000000
00000010
0000000f
00000038
00000150
00000050
005d4840
00000040
00000000
00000000
40000000
20000030
00000001
004da400
00000000
00000010
0000000f
00000038
00000190
00000090
005d4880
00000040
00000000
00000000
40000000
20000030
00000001
004e7600
00000000
00000010
0000000f
00000038
000001d0
000000d0
005d48c0
00000040
00000000
00000000
40000000
20000030
00000007
001b9600
00000000
00000040
00000011
00000038
00000000
00000000
004c0000
03031101
0000000f
00000038
40000000
10000014
00000001
024c0000
00000001
00002400
00076200
30000000
10000014
00000001
024c0000
00000001
00082400
00076200
30000000
10000014
00000001
024c0000
00000001
00102400
00076200
30000000
10000014
00000001
024c0000
00000001
00182400
00076200
30000000
90000060
00000348
00000906
0000000f
00000000
00000240
00000024
00000004
00000000
00000000
00000000
00000000
00000000
00000000
00000000
00000000
00000000
00000000
00000000
00000000
00000000
00000000
00000000
00000000
00000000
70000000
00000000
00000000
00000000
00000000
00000000
00000000
00000000
00000000
00000000
00000000
00000000
00000000
00000000
00000000
00000000
00000000
10000014
00000001
01000000
00000001
024c0000
0000d200
30000000
10000014
00000001
01040000
00000001
024cd200
0000d200
30000000
10000014
00000001
01080000
00000001
024da400
0000d200
30000000
10000014
00000001
010c0000
00000001
024e7600
0000d200
30000000
20000030
00000001
004c0000
00000000
00000010
0000000f
00000038
00000110
00000010
00609000
00000040
00000000
00000000
40000000
20000030
00000001
004cd200
00000000
00000010
0000000f
00000038
00000150
00000050
00609040
00000040
00000000
00000000
40000000
20000030
00000001
004da400
00000000
00000010
0000000f
00000038
00000190
00000090
00609080
00000040
00000000
00000000
40000000
20000030
00000001
004e7600
00000000
00000010
0000000f
00000038
000001d0
000000d0
006090c0
00000040
00000000
00000000
40000000
20000030
00000007
001c6800
00000000
00000040
0000000c
00000038
00000000
00000000
004c0000
03031101
0000000b
00000038
40000000
10000014
00000001
024c0000
00000001
00002400
00056a00
30000000
10000014
00000001
024c0000
00000001
00082400
00056a00
30000000
10000014
00000001
024c0000
00000001
00102400
00056a00
30000000
10000014
00000001
024c0000
00000001
00182400
00056a00
30000000
90000060
00000268
00000906
0000000f
00000000
00000240
00000024
00000004
00000000
00000000
00000000
00000000
00000000
00000000
00000000
00000000
00000000
00000000
00000000
00000000
00000000
00000000
00000000
00000000
00000000
70000000
00000000
00000000
00000000
00000000
00000000
00000000
00000000
00000000
00000000
00000000
00000000
00000000
00000000
00000000
00000000
00000000
10000014
00000001
01000000
00000001
024c0000
00009a00
30000000
10000014
00000001
01040000
00000001
024c9a00
00009a00
30000000
10000014
00000001
01080000
00000001
024d3400
00009a00
30000000
10000014
00000001
010c0000
00000001
024dce00
00009a00
30000000
20000030
00000001
004c0000
00000000
00000010
0000000b
00000038
00000110
00000010
0063d800
00000040
00000000
00000000
40000000
20000030
00000001
004c9a00
00000000
00000010
0000000b
00000038
00000150
00000050
0063d840
00000040
00000000
00000000
40000000
20000030
00000001
004d3400
00000000
00000010
0000000b
00000038
00000190
00000090
0063d880
00000040
00000000
00000000
40000000
20000030
00000001
004dce00
00000000
00000010
0000000b
00000038
000001d0
000000d0
0063d8c0
00000040
00000000
00000000
40000000
10000014
00000001
027c0a50
00000001
03000000
00000210
30000000
20000030
00000003
005a0000
00000000
00000040
00000038
00000038
00000000
00000000
00664000
00000000
00000000
00000000
40000000
24000030
00000001
00664000
00000000
00000040
00000038
00000038
00000110
00000010
005a0000
00000000
00000000
00000000
40000000
10000014
00000001
027c0e70
00000001
03000000
00000210
30000000
20000030
00000006
005a0000
00000000
00000040
00000038
00000038
00000000
00000000
001a0000
00000001
00000000
00000000
40000000
20000030
00000003
001a0000
00000000
00000040
00000038
00000038
00000000
00000000
00664000
00000000
00000000
00000000
40000000
24000030
00000001
00664000
00000000
00000040
00000038
00000038
00000110
00000010
001a0000
00000000
00000000
00000000
40000000
10000014
00000001
027c1290
00000001
03000000
00000210
30000000
10000014
00000000
00215000
00000001
00000000
00002400
30000000
10000014
00000000
00217400
00000001
00080000
00002400
30000000
10000014
00000000
00219800
00000001
00100000
00002400
30000000
10000014
00000000
0021bc00
00000001
00180000
00002400
30000000
20000030
00000003
001a0000
00000000
00000040
00000038
00000038
00000000
00000000
005a0000
00000000
00000000
00000000
40000000
20000030
00000007
005a0000
00000000
00000040
00000010
00000038
00000000
00000000
004c0000
03031111
0000000f
00000038
40000000
10000014
00000001
024c0000
00000001
00002400
00076200
30000000
10000014
00000001
024c0000
00000001
00082400
00076200
30000000
10000014
00000001
024c0000
00000001
00102400
00076200
30000000
10000014
00000001
024c0000
00000001
00182400
00076200
30000000
90000060
00000348
00000906
0000000f
00000000
00000240
00000024
00000004
00000000
00000000
00000000
00000000
00000000
00000000
00000000
00000000
00000000
00000000
00000000
00000000
00000000
00000000
00000000
00000000
00000000
70000000
00000000
00000000
00000000
00000000
00000000
00000000
00000000
00000000
00000000
00000000
00000000
00000000
00000000
00000000
00000000
00000000
10000014
00000001
01000000
00000001
024c0000
0000d200
30000000
10000014
00000001
01040000
00000001
024cd200
0000d200
30000000
10000014
00000001
01080000
00000001
024da400
0000d200
30000000
10000014
00000001
010c0000
00000001
024e7600
0000d200
30000000
21000030
00000001
004c0000
00000000
00000010
0000000f
00000038
00000110
00000010
00000000
00000040
00000000
00000000
40000000
21000030
00000001
004cd200
00000000
00000010
0000000f
00000038
00000150
00000050
00000040
00000040
00000000
00000000
40000000
21000030
00000001
004da400
00000000
00000010
0000000f
00000038
00000190
00000090
00000080
00000040
00000000
00000000
40000000
21000030
00000001
004e7600
00000000
00000010
0000000f
00000038
000001d0
000000d0
000000c0
00000040
00000000
00000000
40000000
20000030
00000007
005ac400
00000000
00000040
00000011
00000038
00000000
00000000
004c0000
03031101
0000000f
00000038
40000000
10000014
00000001
024c0000
00000001
00002400
00076200
30000000
10000014
00000001
024c0000
00000001
00082400
00076200
30000000
10000014
00000001
024c0000
00000001
00102400
00076200
30000000
10000014
00000001
024c0000
00000001
00182400
00076200
30000000
90000060
00000348
00000906
0000000f
00000000
00000240
00000024
00000004
00000000
00000000
00000000
00000000
00000000
00000000
00000000
00000000
00000000
00000000
00000000
00000000
00000000
00000000
00000000
00000000
00000000
70000000
00000000
00000000
00000000
00000000
00000000
00000000
00000000
00000000
00000000
00000000
00000000
00000000
00000000
00000000
00000000
00000000
10000014
00000001
01000000
00000001
024c0000
0000d200
30000000
10000014
00000001
01040000
00000001
024cd200
0000d200
30000000
10000014
00000001
01080000
00000001
024da400
0000d200
30000000
10000014
00000001
010c0000
00000001
024e7600
0000d200
30000000
21000030
00000001
004c0000
00000000
00000010
0000000f
00000038
00000110
00000010
00034800
00000040
00000000
00000000
40000000
21000030
00000001
004cd200
00000000
00000010
0000000f
00000038
00000150
00000050
00034840
00000040
00000000
00000000
40000000
21000030
00000001
004da400
00000000
00000010
0000000f
00000038
00000190
00000090
00034880
00000040
00000000
00000000
40000000
21000030
00000001
004e7600
00000000
00000010
0000000f
00000038
000001d0
000000d0
000348c0
00000040
00000000
00000000
40000000
20000030
00000007
005b9600
00000000
00000040
00000011
00000038
00000000
00000000
004c0000
03031101
0000000f
00000038
40000000
10000014
00000001
024c0000
00000001
00002400
00076200
30000000
10000014
00000001
024c0000
00000001
00082400
00076200
30000000
10000014
00000001
024c0000
00000001
00102400
00076200
30000000
10000014
00000001
024c0000
00000001
00182400
00076200
30000000
90000060
00000348
00000906
0000000f
00000000
00000240
00000024
00000004
00000000
00000000
00000000
00000000
00000000
00000000
00000000
00000000
00000000
00000000
00000000
00000000
00000000
00000000
00000000
00000000
00000000
70000000
00000000
00000000
00000000
00000000
00000000
00000000
00000000
00000000
00000000
00000000
00000000
00000000
00000000
00000000
00000000
00000000
10000014
00000001
01000000
00000001
024c0000
0000d200
30000000
10000014
00000001
01040000
00000001
024cd200
0000d200
30000000
10000014
00000001
01080000
00000001
024da400
0000d200
30000000
10000014
00000001
010c0000
00000001
024e7600
0000d200
30000000
21000030
00000001
004c0000
00000000
00000010
0000000f
00000038
00000110
00000010
00069000
00000040
00000000
00000000
40000000
21000030
00000001
004cd200
00000000
00000010
0000000f
00000038
00000150
00000050
00069040
00000040
00000000
00000000
40000000
21000030
00000001
004da400
00000000
00000010
0000000f
00000038
00000190
00000090
00069080
00000040
00000000
00000000
40000000
21000030
00000001
004e7600
00000000
00000010
0000000f
00000038
000001d0
000000d0
000690c0
00000040
00000000
00000000
40000000
20000030
00000007
005c6800
00000000
00000040
0000000c
00000038
00000000
00000000
004c0000
03031101
0000000b
00000038
40000000
10000014
00000001
024c0000
00000001
00002400
00056a00
30000000
10000014
00000001
024c0000
00000001
00082400
00056a00
30000000
10000014
00000001
024c0000
00000001
00102400
00056a00
30000000
10000014
00000001
024c0000
00000001
00182400
00056a00
30000000
90000060
00000268
00000906
0000000f
00000000
00000240
00000024
00000004
00000000
00000000
00000000
00000000
00000000
00000000
00000000
00000000
00000000
00000000
00000000
00000000
00000000
00000000
00000000
00000000
00000000
70000000
00000000
00000000
00000000
00000000
00000000
00000000
00000000
00000000
00000000
00000000
00000000
00000000
00000000
00000000
00000000
00000000
10000014
00000001
01000000
00000001
024c0000
00009a00
30000000
10000014
00000001
01040000
00000001
024c9a00
00009a00
30000000
10000014
00000001
01080000
00000001
024d3400
00009a00
30000000
10000014
00000001
010c0000
00000001
024dce00
00009a00
30000000
21000030
00000001
004c0000
00000000
00000010
0000000b
00000038
00000110
00000010
0009d800
00000040
00000000
00000000
40000000
21000030
00000001
004c9a00
00000000
00000010
0000000b
00000038
00000150
00000050
0009d840
00000040
00000000
00000000
40000000
21000030
00000001
004d3400
00000000
00000010
0000000b
00000038
00000190
00000090
0009d880
00000040
00000000
00000000
40000000
21000030
00000001
004dce00
00000000
00000010
0000000b
00000038
000001d0
000000d0
0009d8c0
00000040
00000000
00000000
40000000
10000014
00000001
027c1080
00000001
03000000
00000210
30000000
20000030
00000003
00000000
00000000
00000040
00000038
00000038
00000000
00000000
005a0000
00000000
00000000
00000000
40000000
24000030
00000001
005a0000
00000000
00000040
00000038
00000038
00000110
00000010
00000000
00000000
00000000
00000000
40000000
10000014
00000001
027c16b0
00000001
03000000
00000210
30000000
10000014
00000000
0021e000
00000001
00000000
00002400
30000000
10000014
00000000
00220400
00000001
00080000
00002400
30000000
10000014
00000000
00222800
00000001
00100000
00002400
30000000
10000014
00000000
00224c00
00000001
00180000
00002400
30000000
20000030
00000003
00000000
00000000
00000040
00000038
00000038
00000000
00000000
00000000
00000000
00000000
00000000
40000000
20000030
00000007
00000000
00000000
00000040
00000010
00000038
00000000
00000000
004c0000
03031111
0000000f
00000038
40000000
10000014
00000001
024c0000
00000001
00002400
00076200
30000000
10000014
00000001
024c0000
00000001
00082400
00076200
30000000
10000014
00000001
024c0000
00000001
00102400
00076200
30000000
10000014
00000001
024c0000
00000001
00182400
00076200
30000000
90000060
00000348
00000906
0000000f
00000000
00000240
00000024
00000004
00000000
00000000
00000000
00000000
00000000
00000000
00000000
00000000
00000000
00000000
00000000
00000000
00000000
00000000
00000000
00000000
00000000
70000000
00000000
00000000
00000000
00000000
00000000
00000000
00000000
00000000
00000000
00000000
00000000
00000000
00000000
00000000
00000000
00000000
10000014
00000001
01000000
00000001
024c0000
0000d200
30000000
10000014
00000001
01040000
00000001
024cd200
0000d200
30000000
10000014
00000001
01080000
00000001
024da400
0000d200
30000000
10000014
00000001
010c0000
00000001
024e7600
0000d200
30000000
20000030
00000001
004c0000
00000000
00000010
0000000f
00000038
00000110
00000010
005a0000
00000040
00000000
00000000
40000000
20000030
00000001
004cd200
00000000
00000010
0000000f
00000038
00000150
00000050
005a0040
00000040
00000000
00000000
40000000
20000030
00000001
004da400
00000000
00000010
0000000f
00000038
00000190
00000090
005a0080
00000040
00000000
00000000
40000000
20000030
00000001
004e7600
00000000
00000010
0000000f
00000038
000001d0
000000d0
005a00c0
00000040
00000000
00000000
40000000
20000030
00000007
0000c400
00000000
00000040
00000011
00000038
00000000
00000000
004c0000
03031101
0000000f
00000038
40000000
10000014
00000001
024c0000
00000001
00002400
00076200
30000000
10000014
00000001
024c0000
00000001
00082400
00076200
30000000
10000014
00000001
024c0000
00000001
00102400
00076200
30000000
10000014
00000001
024c0000
00000001
00182400
00076200
30000000
90000060
00000348
00000906
0000000f
00000000
00000240
00000024
00000004
00000000
00000000
00000000
00000000
00000000
00000000
00000000
00000000
00000000
00000000
00000000
00000000
00000000
00000000
00000000
00000000
00000000
70000000
00000000
00000000
00000000
00000000
00000000
00000000
00000000
00000000
00000000
00000000
00000000
00000000
00000000
00000000
00000000
00000000
10000014
00000001
01000000
00000001
024c0000
0000d200
30000000
10000014
00000001
01040000
00000001
024cd200
0000d200
30000000
10000014
00000001
01080000
00000001
024da400
0000d200
30000000
10000014
00000001
010c0000
00000001
024e7600
0000d200
30000000
20000030
00000001
004c0000
00000000
00000010
0000000f
00000038
00000110
00000010
005d4800
00000040
00000000
00000000
40000000
20000030
00000001
004cd200
00000000
00000010
0000000f
00000038
00000150
00000050
005d4840
00000040
00000000
00000000
40000000
20000030
00000001
004da400
00000000
00000010
0000000f
00000038
00000190
00000090
005d4880
00000040
00000000
00000000
40000000
20000030
00000001
004e7600
00000000
00000010
0000000f
00000038
000001d0
000000d0
005d48c0
00000040
00000000
00000000
40000000
20000030
00000007
00019600
00000000
00000040
00000011
00000038
00000000
00000000
004c0000
03031101
0000000f
00000038
40000000
10000014
00000001
024c0000
00000001
00002400
00076200
30000000
10000014
00000001
024c0000
00000001
00082400
00076200
30000000
10000014
00000001
024c0000
00000001
00102400
00076200
30000000
10000014
00000001
024c0000
00000001
00182400
00076200
30000000
90000060
00000348
00000906
0000000f
00000000
00000240
00000024
00000004
00000000
00000000
00000000
00000000
00000000
00000000
00000000
00000000
00000000
00000000
00000000
00000000
00000000
00000000
00000000
00000000
00000000
70000000
00000000
00000000
00000000
00000000
00000000
00000000
00000000
00000000
00000000
00000000
00000000
00000000
00000000
00000000
00000000
00000000
10000014
00000001
01000000
00000001
024c0000
0000d200
30000000
10000014
00000001
01040000
00000001
024cd200
0000d200
30000000
10000014
00000001
01080000
00000001
024da400
0000d200
30000000
10000014
00000001
010c0000
00000001
024e7600
0000d200
30000000
20000030
00000001
004c0000
00000000
00000010
0000000f
00000038
00000110
00000010
00609000
00000040
00000000
00000000
40000000
20000030
00000001
004cd200
00000000
00000010
0000000f
00000038
00000150
00000050
00609040
00000040
00000000
00000000
40000000
20000030
00000001
004da400
00000000
00000010
0000000f
00000038
00000190
00000090
00609080
00000040
00000000
00000000
40000000
20000030
00000001
004e7600
00000000
00000010
0000000f
00000038
000001d0
000000d0
006090c0
00000040
00000000
00000000
40000000
20000030
00000007
00026800
00000000
00000040
0000000c
00000038
00000000
00000000
004c0000
03031101
0000000b
00000038
40000000
10000014
00000001
024c0000
00000001
00002400
00056a00
30000000
10000014
00000001
024c0000
00000001
00082400
00056a00
30000000
10000014
00000001
024c0000
00000001
00102400
00056a00
30000000
10000014
00000001
024c0000
00000001
00182400
00056a00
30000000
90000060
00000268
00000906
0000000f
00000000
00000240
00000024
00000004
00000000
00000000
00000000
00000000
00000000
00000000
00000000
00000000
00000000
00000000
00000000
00000000
00000000
00000000
00000000
00000000
00000000
70000000
00000000
00000000
00000000
00000000
00000000
00000000
00000000
00000000
00000000
00000000
00000000
00000000
00000000
00000000
00000000
00000000
10000014
00000001
01000000
00000001
024c0000
00009a00
30000000
10000014
00000001
01040000
00000001
024c9a00
00009a00
30000000
10000014
00000001
01080000
00000001
024d3400
00009a00
30000000
10000014
00000001
010c0000
00000001
024dce00
00009a00
30000000
20000030
00000001
004c0000
00000000
00000010
0000000b
00000038
00000110
00000010
0063d800
00000040
00000000
00000000
40000000
20000030
00000001
004c9a00
00000000
00000010
0000000b
00000038
00000150
00000050
0063d840
00000040
00000000
00000000
40000000
20000030
00000001
004d3400
00000000
00000010
0000000b
00000038
00000190
00000090
0063d880
00000040
00000000
00000000
40000000
20000030
00000001
004dce00
00000000
00000010
0000000b
00000038
000001d0
000000d0
0063d8c0
00000040
00000000
00000000
40000000
10000014
00000001
027c14a0
00000001
03000000
00000210
30000000
20000030
00000003
005a0000
00000000
00000040
00000038
00000038
00000000
00000000
00664000
00000000
00000000
00000000
40000000
24000030
00000001
00664000
00000000
00000040
00000038
00000038
00000110
00000010
005a0000
00000000
00000000
00000000
40000000
10000014
00000001
027c18c0
00000001
03000000
00000210
30000000
20000030
00000006
005a0000
001a0000
00000040
00000038
00000038
00000000
00000000
00000000
00000001
00000000
00000000
40000000
20000030
00000003
00000000
00000000
00000040
00000038
00000038
00000000
00000000
00664000
00000000
00000000
00000000
40000000
24000030
00000001
00664000
00000000
00000040
00000038
00000038
00000110
00000010
00000000
00000000
00000000
00000000
40000000
10000014
00000001
027c1ee0
00000001
03000000
00000410
30000000
10000014
00000000
00227000
00000001
00000000
00002400
30000000
10000014
00000000
00229400
00000001
00080000
00002400
30000000
10000014
00000000
0022b800
00000001
00100000
00002400
30000000
10000014
00000000
0022dc00
00000001
00180000
00002400
30000000
10000014
00000000
00230000
00000001
00200000
00002400
30000000
10000014
00000000
00232400
00000001
00280000
00002400
30000000
10000014
00000000
00234800
00000001
00300000
00002400
30000000
10000014
00000000
00236c00
00000001
00380000
00002400
30000000
20000030
00000003
00000000
00000000
00000040
00000038
00000038
00000000
00000000
005a0000
00000000
00000000
00000000
40000000
20000030
00000007
005a0000
00000000
00000040
00000038
00000038
00000000
00000000
004c0000
03032211
0000001c
0000001c
40000000
10000014
00000001
024c0000
00000001
00002400
0006e400
30000000
10000014
00000001
024c0000
00000001
00082400
0006e400
30000000
10000014
00000001
024c0000
00000001
00102400
0006e400
30000000
10000014
00000001
024c0000
00000001
00182400
0006e400
30000000
10000014
00000001
024c0000
00000001
00202400
0006e400
30000000
10000014
00000001
024c0000
00000001
00282400
0006e400
30000000
10000014
00000001
024c0000
00000001
00302400
0006e400
30000000
10000014
00000001
024c0000
00000001
00382400
0006e400
30000000
90000060
00000310
00000906
000000ff
00000000
00000240
00000024
00000004
00000000
00000000
00000000
00000000
00000000
00000000
00000000
00000000
00000000
00000000
00000000
00000000
00000000
00000000
00000000
00000000
00000000
70000000
00000000
00000000
00000000
00000000
00000000
00000000
00000000
00000000
00000000
00000000
00000000
00000000
00000000
00000000
00000000
00000000
10000014
00000001
01000000
00000001
024c0000
0000c400
30000000
10000014
00000001
01040000
00000001
024cc400
0000c400
30000000
10000014
00000001
01080000
00000001
024d8800
0000c400
30000000
10000014
00000001
010c0000
00000001
024e4c00
0000c400
30000000
10000014
00000001
01100000
00000001
024f1000
0000c400
30000000
10000014
00000001
01140000
00000001
024fd400
0000c400
30000000
10000014
00000001
01180000
00000001
02509800
0000c400
30000000
10000014
00000001
011c0000
00000001
02515c00
0000c400
30000000
21000030
00000001
004c0000
00000000
00000010
0000001c
0000001c
00000210
00000010
001a0000
00000080
00000000
00000000
40000000
21000030
00000001
004cc400
00000000
00000010
0000001c
0000001c
00000250
00000050
001a0040
00000080
00000000
00000000
40000000
21000030
00000001
004d8800
00000000
00000010
0000001c
0000001c
00000290
00000090
001a0080
00000080
00000000
00000000
40000000
21000030
00000001
004e4c00
00000000
00000010
0000001c
0000001c
000002d0
000000d0
001a00c0
00000080
00000000
00000000
40000000
21000030
00000001
004f1000
00000000
00000010
0000001c
0000001c
00000310
00000110
001a0100
00000080
00000000
00000000
40000000
21000030
00000001
004fd400
00000000
00000010
0000001c
0000001c
00000350
00000150
001a0140
00000080
00000000
00000000
40000000
21000030
00000001
00509800
00000000
00000010
0000001c
0000001c
00000390
00000190
001a0180
00000080
00000000
00000000
40000000
21000030
00000001
00515c00
00000000
00000010
0000001c
0000001c
000003d0
000001d0
001a01c0
00000080
00000000
00000000
40000000
10000014
00000001
027c1ad0
00000001
03000000
00000410
30000000
20000030
00000003
001a0000
00000000
00000080
0000001c
0000001c
00000000
00000000
005a0000
00000000
00000000
00000000
40000000
24000030
00000001
005a0000
00000000
00000080
0000001c
0000001c
00000210
00000010
001a0000
00000000
00000000
00000000
40000000
10000014
00000001
027c2700
00000001
03000000
00000410
30000000
10000014
00000000
00239000
00000001
00000000
00004800
30000000
10000014
00000000
0023d800
00000001
00080000
00004800
30000000
10000014
00000000
00242000
00000001
00100000
00004800
30000000
10000014
00000000
00246800
00000001
00180000
00004800
30000000
10000014
00000000
0024b000
00000001
00200000
00004800
30000000
10000014
00000000
0024f800
00000001
00280000
00004800
30000000
10000014
00000000
00254000
00000001
00300000
00004800
30000000
10000014
00000000
00258800
00000001
00380000
00004800
30000000
20000030
00000003
001a0000
00000000
00000080
0000001c
0000001c
00000000
00000000
001a0000
00000000
00000000
00000000
40000000
20000030
00000007
001a0000
00000000
00000080
00000010
0000001c
00000000
00000000
004c0000
03031111
0000000f
0000001c
40000000
10000014
00000001
024c0000
00000001
00004800
00076200
30000000
10000014
00000001
024c0000
00000001
00084800
00076200
30000000
10000014
00000001
024c0000
00000001
00104800
00076200
30000000
10000014
00000001
024c0000
00000001
00184800
00076200
30000000
10000014
00000001
024c0000
00000001
00204800
00076200
30000000
10000014
00000001
024c0000
00000001
00284800
00076200
30000000
10000014
00000001
024c0000
00000001
00304800
00076200
30000000
10000014
00000001
024c0000
00000001
00384800
00076200
30000000
90000060
000001a4
00001206
000000ff
00000000
00000480
00000048
00000004
00000000
00000000
00000000
00000000
00000000
00000000
00000000
00000000
00000000
00000000
00000000
00000000
00000000
00000000
00000000
00000000
00000000
70000000
00000000
00000000
00000000
00000000
00000000
00000000
00000000
00000000
00000000
00000000
00000000
00000000
00000000
00000000
00000000
00000000
10000014
00000001
01000000
00000001
024c0000
00006900
30000000
10000014
00000001
01040000
00000001
024c6900
00006900
30000000
10000014
00000001
01080000
00000001
024cd200
00006900
30000000
10000014
00000001
010c0000
00000001
024d3b00
00006900
30000000
10000014
00000001
01100000
00000001
024da400
00006900
30000000
10000014
00000001
01140000
00000001
024e0d00
00006900
30000000
10000014
00000001
01180000
00000001
024e7600
00006900
30000000
10000014
00000001
011c0000
00000001
024edf00
00006900
30000000
20000030
00000001
004c0000
00000000
00000010
0000000f
0000001c
00000210
00000010
005a0000
00000080
00000000
00000000
40000000
20000030
00000001
004c6900
00000000
00000010
0000000f
0000001c
00000250
00000050
005a0040
00000080
00000000
00000000
40000000
20000030
00000001
004cd200
00000000
00000010
0000000f
0000001c
00000290
00000090
005a0080
00000080
00000000
00000000
40000000
20000030
00000001
004d3b00
00000000
00000010
0000000f
0000001c
000002d0
000000d0
005a00c0
00000080
00000000
00000000
40000000
20000030
00000001
004da400
00000000
00000010
0000000f
0000001c
00000310
00000110
005a0100
00000080
00000000
00000000
40000000
20000030
00000001
004e0d00
00000000
00000010
0000000f
0000001c
00000350
00000150
005a0140
00000080
00000000
00000000
40000000
20000030
00000001
004e7600
00000000
00000010
0000000f
0000001c
00000390
00000190
005a0180
00000080
00000000
00000000
40000000
20000030
00000001
004edf00
00000000
00000010
0000000f
0000001c
000003d0
000001d0
005a01c0
00000080
00000000
00000000
40000000
20000030
00000007
001ac400
00000000
00000080
0000000e
0000001c
00000000
00000000
004c0000
03031101
0000000d
0000001c
40000000
10000014
00000001
024c0000
00000001
00004800
00066600
30000000
10000014
00000001
024c0000
00000001
00084800
00066600
30000000
10000014
00000001
024c0000
00000001
00104800
00066600
30000000
10000014
00000001
024c0000
00000001
00184800
00066600
30000000
10000014
00000001
024c0000
00000001
00204800
00066600
30000000
10000014
00000001
024c0000
00000001
00284800
00066600
30000000
10000014
00000001
024c0000
00000001
00304800
00066600
30000000
10000014
00000001
024c0000
00000001
00384800
00066600
30000000
90000060
0000016c
00001206
000000ff
00000000
00000480
00000048
00000004
00000000
00000000
00000000
00000000
00000000
00000000
00000000
00000000
00000000
00000000
00000000
00000000
00000000
00000000
00000000
00000000
00000000
70000000
00000000
00000000
00000000
00000000
00000000
00000000
00000000
00000000
00000000
00000000
00000000
00000000
00000000
00000000
00000000
00000000
10000014
00000001
01000000
00000001
024c0000
00005b00
30000000
10000014
00000001
01040000
00000001
024c5b00
00005b00
30000000
10000014
00000001
01080000
00000001
024cb600
00005b00
30000000
10000014
00000001
010c0000
00000001
024d1100
00005b00
30000000
10000014
00000001
01100000
00000001
024d6c00
00005b00
30000000
10000014
00000001
01140000
00000001
024dc700
00005b00
30000000
10000014
00000001
01180000
00000001
024e2200
00005b00
30000000
10000014
00000001
011c0000
00000001
024e7d00
00005b00
30000000
20000030
00000001
004c0000
00000000
00000010
0000000d
0000001c
00000210
00000010
005d4800
00000080
00000000
00000000
40000000
20000030
00000001
004c5b00
00000000
00000010
0000000d
0000001c
00000250
00000050
005d4840
00000080
00000000
00000000
40000000
20000030
00000001
004cb600
00000000
00000010
0000000d
0000001c
00000290
00000090
005d4880
00000080
00000000
00000000
40000000
20000030
00000001
004d1100
00000000
00000010
0000000d
0000001c
000002d0
000000d0
005d48c0
00000080
00000000
00000000
40000000
20000030
00000001
004d6c00
00000000
00000010
0000000d
0000001c
00000310
00000110
005d4900
00000080
00000000
00000000
40000000
20000030
00000001
004dc700
00000000
00000010
0000000d
0000001c
00000350
00000150
005d4940
00000080
00000000
00000000
40000000
20000030
00000001
004e2200
00000000
00000010
0000000d
0000001c
00000390
00000190
005d4980
00000080
00000000
00000000
40000000
20000030
00000001
004e7d00
00000000
00000010
0000000d
0000001c
000003d0
000001d0
005d49c0
00000080
00000000
00000000
40000000
10000014
00000001
027c22f0
00000001
03000000
00000410
30000000
20000030
00000003
005a0000
00000000
00000080
0000001c
0000001c
00000000
00000000
00602000
00000000
00000000
00000000
40000000
24000030
00000001
00602000
00000000
00000080
0000001c
0000001c
00000210
00000010
005a0000
00000000
00000000
00000000
40000000
10000014
00000001
027c2f20
00000001
03000000
00000410
30000000
10000014
00000000
0025d000
00000001
00000000
00000400
30000000
10000014
00000000
0025d400
00000001
00080000
00000400
30000000
10000014
00000000
0025d800
00000001
00100000
00000400
30000000
10000014
00000000
0025dc00
00000001
00180000
00000400
30000000
10000014
00000000
0025e000
00000001
00200000
00000400
30000000
10000014
00000000
0025e400
00000001
00280000
00000400
30000000
10000014
00000000
0025e800
00000001
00300000
00000400
30000000
10000014
00000000
0025ec00
00000001
00380000
00000400
30000000
20000030
00000003
00000000
00000000
00000040
00000038
00000038
00000000
00000000
001a0000
00000000
00000000
00000000
40000000
20000030
00000007
001a0000
00000000
00000040
00000037
00000038
00000000
00000000
004c0000
01012200
0000001c
0000001c
40000000
10000014
00000001
024c0000
00000001
00000400
0000c400
30000000
10000014
00000001
024c0000
00000001
00080400
0000c400
30000000
10000014
00000001
024c0000
00000001
00100400
0000c400
30000000
10000014
00000001
024c0000
00000001
00180400
0000c400
30000000
10000014
00000001
024c0000
00000001
00200400
0000c400
30000000
10000014
00000001
024c0000
00000001
00280400
0000c400
30000000
10000014
00000001
024c0000
00000001
00300400
0000c400
30000000
10000014
00000001
024c0000
00000001
00380400
0000c400
30000000
90000060
00000310
00000106
000000ff
00000000
00000040
00000004
00000004
00000000
00000000
00000000
00000000
00000000
00000000
00000000
00000000
00000000
00000000
00000000
00000000
00000000
00000000
00000000
00000000
00000000
70000000
00000000
00000000
00000000
00000000
00000000
00000000
00000000
00000000
00000000
00000000
00000000
00000000
00000000
00000000
00000000
00000000
10000014
00000001
01000000
00000001
024c0000
0000c400
30000000
10000014
00000001
01040000
00000001
024cc400
0000c400
30000000
10000014
00000001
01080000
00000001
024d8800
0000c400
30000000
10000014
00000001
010c0000
00000001
024e4c00
0000c400
30000000
10000014
00000001
01100000
00000001
024f1000
0000c400
30000000
10000014
00000001
01140000
00000001
024fd400
0000c400
30000000
10000014
00000001
01180000
00000001
02509800
0000c400
30000000
10000014
00000001
011c0000
00000001
02515c00
0000c400
30000000
20000030
00000001
004c0000
00000000
00000010
0000001c
0000001c
00000210
00000010
00602000
00000080
00000000
00000000
40000000
20000030
00000001
004cc400
00000000
00000010
0000001c
0000001c
00000250
00000050
00602040
00000080
00000000
00000000
40000000
20000030
00000001
004d8800
00000000
00000010
0000001c
0000001c
00000290
00000090
00602080
00000080
00000000
00000000
40000000
20000030
00000001
004e4c00
00000000
00000010
0000001c
0000001c
000002d0
000000d0
006020c0
00000080
00000000
00000000
40000000
20000030
00000001
004f1000
00000000
00000010
0000001c
0000001c
00000310
00000110
00602100
00000080
00000000
00000000
40000000
20000030
00000001
004fd400
00000000
00000010
0000001c
0000001c
00000350
00000150
00602140
00000080
00000000
00000000
40000000
20000030
00000001
00509800
00000000
00000010
0000001c
0000001c
00000390
00000190
00602180
00000080
00000000
00000000
40000000
20000030
00000001
00515c00
00000000
00000010
0000001c
0000001c
000003d0
000001d0
006021c0
00000080
00000000
00000000
40000000
10000014
00000001
027c2b10
00000001
03000000
00000410
30000000
20000030
00000003
00602000
00000000
00000080
0000001c
0000001c
00000000
00000000
00664000
00000000
00000000
00000000
40000000
24000030
00000001
00664000
00000000
00000080
0000001c
0000001c
00000210
00000010
00602000
00000000
00000000
00000000
40000000
10000014
00000001
027c3330
00000001
03000000
00000410
30000000
20000030
00000006
005a0000
00602000
00000080
0000001c
0000001c
00000000
00000000
001a0000
00000001
00000000
00000000
40000000
20000030
00000003
001a0000
00000000
00000080
0000001c
0000001c
00000000
00000000
00664000
00000000
00000000
00000000
40000000
24000030
00000001
00664000
00000000
00000080
0000001c
0000001c
00000210
00000010
001a0000
00000000
00000000
00000000
40000000
10000014
00000001
027c3b50
00000001
03000000
00000410
30000000
10000014
00000000
0025f000
00000001
00000000
00004800
30000000
10000014
00000000
00263800
00000001
00080000
00004800
30000000
10000014
00000000
00268000
00000001
00100000
00004800
30000000
10000014
00000000
0026c800
00000001
00180000
00004800
30000000
10000014
00000000
00271000
00000001
00200000
00004800
30000000
10000014
00000000
00275800
00000001
00280000
00004800
30000000
10000014
00000000
0027a000
00000001
00300000
00004800
30000000
10000014
00000000
0027e800
00000001
00380000
00004800
30000000
20000030
00000003
001a0000
00000000
00000080
0000001c
0000001c
00000000
00000000
005a0000
00000000
00000000
00000000
40000000
20000030
00000007
005a0000
00000000
00000080
00000010
0000001c
00000000
00000000
004c0000
03031111
0000000f
0000001c
40000000
10000014
00000001
024c0000
00000001
00004800
00076200
30000000
10000014
00000001
024c0000
00000001
00084800
00076200
30000000
10000014
00000001
024c0000
00000001
00104800
00076200
30000000
10000014
00000001
024c0000
00000001
00184800
00076200
30000000
10000014
00000001
024c0000
00000001
00204800
00076200
30000000
10000014
00000001
024c0000
00000001
00284800
00076200
30000000
10000014
00000001
024c0000
00000001
00304800
00076200
30000000
10000014
00000001
024c0000
00000001
00384800
00076200
30000000
90000060
000001a4
00001206
000000ff
00000000
00000480
00000048
00000004
00000000
00000000
00000000
00000000
00000000
00000000
00000000
00000000
00000000
00000000
00000000
00000000
00000000
00000000
00000000
00000000
00000000
70000000
00000000
00000000
00000000
00000000
00000000
00000000
00000000
00000000
00000000
00000000
00000000
00000000
00000000
00000000
00000000
00000000
10000014
00000001
01000000
00000001
024c0000
00006900
30000000
10000014
00000001
01040000
00000001
024c6900
00006900
30000000
10000014
00000001
01080000
00000001
024cd200
00006900
30000000
10000014
00000001
010c0000
00000001
024d3b00
00006900
30000000
10000014
00000001
01100000
00000001
024da400
00006900
30000000
10000014
00000001
01140000
00000001
024e0d00
00006900
30000000
10000014
00000001
01180000
00000001
024e7600
00006900
30000000
10000014
00000001
011c0000
00000001
024edf00
00006900
30000000
21000030
00000001
004c0000
00000000
00000010
0000000f
0000001c
00000210
00000010
00000000
00000080
00000000
00000000
40000000
21000030
00000001
004c6900
00000000
00000010
0000000f
0000001c
00000250
00000050
00000040
00000080
00000000
00000000
40000000
21000030
00000001
004cd200
00000000
00000010
0000000f
0000001c
00000290
00000090
00000080
00000080
00000000
00000000
40000000
21000030
00000001
004d3b00
00000000
00000010
0000000f
0000001c
000002d0
000000d0
000000c0
00000080
00000000
00000000
40000000
21000030
00000001
004da400
00000000
00000010
0000000f
0000001c
00000310
00000110
00000100
00000080
00000000
00000000
40000000
21000030
00000001
004e0d00
00000000
00000010
0000000f
0000001c
00000350
00000150
00000140
00000080
00000000
00000000
40000000
21000030
00000001
004e7600
00000000
00000010
0000000f
0000001c
00000390
00000190
00000180
00000080
00000000
00000000
40000000
21000030
00000001
004edf00
00000000
00000010
0000000f
0000001c
000003d0
000001d0
000001c0
00000080
00000000
00000000
40000000
20000030
00000007
005ac400
00000000
00000080
0000000e
0000001c
00000000
00000000
004c0000
03031101
0000000d
0000001c
40000000
10000014
00000001
024c0000
00000001
00004800
00066600
30000000
10000014
00000001
024c0000
00000001
00084800
00066600
30000000
10000014
00000001
024c0000
00000001
00104800
00066600
30000000
10000014
00000001
024c0000
00000001
00184800
00066600
30000000
10000014
00000001
024c0000
00000001
00204800
00066600
30000000
10000014
00000001
024c0000
00000001
00284800
00066600
30000000
10000014
00000001
024c0000
00000001
00304800
00066600
30000000
10000014
00000001
024c0000
00000001
00384800
00066600
30000000
90000060
0000016c
00001206
000000ff
00000000
00000480
00000048
00000004
00000000
00000000
00000000
00000000
00000000
00000000
00000000
00000000
00000000
00000000
00000000
00000000
00000000
00000000
00000000
00000000
00000000
70000000
00000000
00000000
00000000
00000000
00000000
00000000
00000000
00000000
00000000
00000000
00000000
00000000
00000000
00000000
00000000
00000000
10000014
00000001
01000000
00000001
024c0000
00005b00
30000000
10000014
00000001
01040000
00000001
024c5b00
00005b00
30000000
10000014
00000001
01080000
00000001
024cb600
00005b00
30000000
10000014
00000001
010c0000
00000001
024d1100
00005b00
30000000
10000014
00000001
01100000
00000001
024d6c00
00005b00
30000000
10000014
00000001
01140000
00000001
024dc700
00005b00
30000000
10000014
00000001
01180000
00000001
024e2200
00005b00
30000000
10000014
00000001
011c0000
00000001
024e7d00
00005b00
30000000
21000030
00000001
004c0000
00000000
00000010
0000000d
0000001c
00000210
00000010
00034800
00000080
00000000
00000000
40000000
21000030
00000001
004c5b00
00000000
00000010
0000000d
0000001c
00000250
00000050
00034840
00000080
00000000
00000000
40000000
21000030
00000001
004cb600
00000000
00000010
0000000d
0000001c
00000290
00000090
00034880
00000080
00000000
00000000
40000000
21000030
00000001
004d1100
00000000
00000010
0000000d
0000001c
000002d0
000000d0
000348c0
00000080
00000000
00000000
40000000
21000030
00000001
004d6c00
00000000
00000010
0000000d
0000001c
00000310
00000110
00034900
00000080
00000000
00000000
40000000
21000030
00000001
004dc700
00000000
00000010
0000000d
0000001c
00000350
00000150
00034940
00000080
00000000
00000000
40000000
21000030
00000001
004e2200
00000000
00000010
0000000d
0000001c
00000390
00000190
00034980
00000080
00000000
00000000
40000000
21000030
00000001
004e7d00
00000000
00000010
0000000d
0000001c
000003d0
000001d0
000349c0
00000080
00000000
00000000
40000000
10000014
00000001
027c3740
00000001
03000000
00000410
30000000
20000030
00000003
00000000
00000000
00000080
0000001c
0000001c
00000000
00000000
005a0000
00000000
00000000
00000000
40000000
24000030
00000001
005a0000
00000000
00000080
0000001c
0000001c
00000210
00000010
00000000
00000000
00000000
00000000
40000000
10000014
00000001
027c4370
00000001
03000000
00000410
30000000
10000014
00000000
00283000
00000001
00000000
00004800
30000000
10000014
00000000
00287800
00000001
00080000
00004800
30000000
10000014
00000000
0028c000
00000001
00100000
00004800
30000000
10000014
00000000
00290800
00000001
00180000
00004800
30000000
10000014
00000000
00295000
00000001
00200000
00004800
30000000
10000014
00000000
00299800
00000001
00280000
00004800
30000000
10000014
00000000
0029e000
00000001
00300000
00004800
30000000
10000014
00000000
002a2800
00000001
00380000
00004800
30000000
20000030
00000003
00000000
00000000
00000080
0000001c
0000001c
00000000
00000000
00000000
00000000
00000000
00000000
40000000
20000030
00000007
00000000
00000000
00000080
00000010
0000001c
00000000
00000000
004c0000
03031111
0000000f
0000001c
40000000
10000014
00000001
024c0000
00000001
00004800
00076200
30000000
10000014
00000001
024c0000
00000001
00084800
00076200
30000000
10000014
00000001
024c0000
00000001
00104800
00076200
30000000
10000014
00000001
024c0000
00000001
00184800
00076200
30000000
10000014
00000001
024c0000
00000001
00204800
00076200
30000000
10000014
00000001
024c0000
00000001
00284800
00076200
30000000
10000014
00000001
024c0000
00000001
00304800
00076200
30000000
10000014
00000001
024c0000
00000001
00384800
00076200
30000000
90000060
000001a4
00001206
000000ff
00000000
00000480
00000048
00000004
00000000
00000000
00000000
00000000
00000000
00000000
00000000
00000000
00000000
00000000
00000000
00000000
00000000
00000000
00000000
00000000
00000000
70000000
00000000
00000000
00000000
00000000
00000000
00000000
00000000
00000000
00000000
00000000
00000000
00000000
00000000
00000000
00000000
00000000
10000014
00000001
01000000
00000001
024c0000
00006900
30000000
10000014
00000001
01040000
00000001
024c6900
00006900
30000000
10000014
00000001
01080000
00000001
024cd200
00006900
30000000
10000014
00000001
010c0000
00000001
024d3b00
00006900
30000000
10000014
00000001
01100000
00000001
024da400
00006900
30000000
10000014
00000001
01140000
00000001
024e0d00
00006900
30000000
10000014
00000001
01180000
00000001
024e7600
00006900
30000000
10000014
00000001
011c0000
00000001
024edf00
00006900
30000000
20000030
00000001
004c0000
00000000
00000010
0000000f
0000001c
00000210
00000010
005a0000
00000080
00000000
00000000
40000000
20000030
00000001
004c6900
00000000
00000010
0000000f
0000001c
00000250
00000050
005a0040
00000080
00000000
00000000
40000000
20000030
00000001
004cd200
00000000
00000010
0000000f
0000001c
00000290
00000090
005a0080
00000080
00000000
00000000
40000000
20000030
00000001
004d3b00
00000000
00000010
0000000f
0000001c
000002d0
000000d0
005a00c0
00000080
00000000
00000000
40000000
20000030
00000001
004da400
00000000
00000010
0000000f
0000001c
00000310
00000110
005a0100
00000080
00000000
00000000
40000000
20000030
00000001
004e0d00
00000000
00000010
0000000f
0000001c
00000350
00000150
005a0140
00000080
00000000
00000000
40000000
20000030
00000001
004e7600
00000000
00000010
0000000f
0000001c
00000390
00000190
005a0180
00000080
00000000
00000000
40000000
20000030
00000001
004edf00
00000000
00000010
0000000f
0000001c
000003d0
000001d0
005a01c0
00000080
00000000
00000000
40000000
20000030
00000007
0000c400
00000000
00000080
0000000e
0000001c
00000000
00000000
004c0000
03031101
0000000d
0000001c
40000000
10000014
00000001
024c0000
00000001
00004800
00066600
30000000
10000014
00000001
024c0000
00000001
00084800
00066600
30000000
10000014
00000001
024c0000
00000001
00104800
00066600
30000000
10000014
00000001
024c0000
00000001
00184800
00066600
30000000
10000014
00000001
024c0000
00000001
00204800
00066600
30000000
10000014
00000001
024c0000
00000001
00284800
00066600
30000000
10000014
00000001
024c0000
00000001
00304800
00066600
30000000
10000014
00000001
024c0000
00000001
00384800
00066600
30000000
90000060
0000016c
00001206
000000ff
00000000
00000480
00000048
00000004
00000000
00000000
00000000
00000000
00000000
00000000
00000000
00000000
00000000
00000000
00000000
00000000
00000000
00000000
00000000
00000000
00000000
70000000
00000000
00000000
00000000
00000000
00000000
00000000
00000000
00000000
00000000
00000000
00000000
00000000
00000000
00000000
00000000
00000000
10000014
00000001
01000000
00000001
024c0000
00005b00
30000000
10000014
00000001
01040000
00000001
024c5b00
00005b00
30000000
10000014
00000001
01080000
00000001
024cb600
00005b00
30000000
10000014
00000001
010c0000
00000001
024d1100
00005b00
30000000
10000014
00000001
01100000
00000001
024d6c00
00005b00
30000000
10000014
00000001
01140000
00000001
024dc700
00005b00
30000000
10000014
00000001
01180000
00000001
024e2200
00005b00
30000000
10000014
00000001
011c0000
00000001
024e7d00
00005b00
30000000
20000030
00000001
004c0000
00000000
00000010
0000000d
0000001c
00000210
00000010
005d4800
00000080
00000000
00000000
40000000
20000030
00000001
004c5b00
00000000
00000010
0000000d
0000001c
00000250
00000050
005d4840
00000080
00000000
00000000
40000000
20000030
00000001
004cb600
00000000
00000010
0000000d
0000001c
00000290
00000090
005d4880
00000080
00000000
00000000
40000000
20000030
00000001
004d1100
00000000
00000010
0000000d
0000001c
000002d0
000000d0
005d48c0
00000080
00000000
00000000
40000000
20000030
00000001
004d6c00
00000000
00000010
0000000d
0000001c
00000310
00000110
005d4900
00000080
00000000
00000000
40000000
20000030
00000001
004dc700
00000000
00000010
0000000d
0000001c
00000350
00000150
005d4940
00000080
00000000
00000000
40000000
20000030
00000001
004e2200
00000000
00000010
0000000d
0000001c
00000390
00000190
005d4980
00000080
00000000
00000000
40000000
20000030
00000001
004e7d00
00000000
00000010
0000000d
0000001c
000003d0
000001d0
005d49c0
00000080
00000000
00000000
40000000
10000014
00000001
027c3f60
00000001
03000000
00000410
30000000
20000030
00000003
005a0000
00000000
00000080
0000001c
0000001c
00000000
00000000
00602000
00000000
00000000
00000000
40000000
24000030
00000001
00602000
00000000
00000080
0000001c
0000001c
00000210
00000010
005a0000
00000000
00000000
00000000
40000000
10000014
00000001
027c4780
00000001
03000000
00000410
30000000
20000030
00000006
005a0000
001a0000
00000080
0000001c
0000001c
00000000
00000000
00000000
00000001
00000000
00000000
40000000
20000030
00000003
00000000
00000000
00000080
0000001c
0000001c
00000000
00000000
00602000
00000000
00000000
00000000
40000000
24000030
00000001
00602000
00000000
00000080
0000001c
0000001c
00000210
00000010
00000000
00000000
00000000
00000000
40000000
10000014
00000001
027c53a0
00000001
03000000
00000810
30000000
10000014
00000000
002a7000
00000001
00000000
00004800
30000000
10000014
00000000
002ab800
00000001
00080000
00004800
30000000
10000014
00000000
002b0000
00000001
00100000
00004800
30000000
10000014
00000000
002b4800
00000001
00180000
00004800
30000000
10000014
00000000
002b9000
00000001
00200000
00004800
30000000
10000014
00000000
002bd800
00000001
00280000
00004800
30000000
10000014
00000000
002c2000
00000001
00300000
00004800
30000000
10000014
00000000
002c6800
00000001
00380000
00004800
30000000
20000030
00000003
00000000
00000000
00000080
0000001c
0000001c
00000000
00000000
005a0000
00000000
00000000
00000000
40000000
20000030
00000007
005a0000
00000000
00000080
0000001c
0000001c
00000000
00000000
004c0000
03032211
0000000e
0000000e
40000000
10000014
00000001
024c0000
00000001
00004800
00037200
30000000
10000014
00000001
024c0000
00000001
00084800
00037200
30000000
10000014
00000001
024c0000
00000001
00104800
00037200
30000000
10000014
00000001
024c0000
00000001
00184800
00037200
30000000
10000014
00000001
024c0000
00000001
00204800
00037200
30000000
10000014
00000001
024c0000
00000001
00284800
00037200
30000000
10000014
00000001
024c0000
00000001
00304800
00037200
30000000
10000014
00000001
024c0000
00000001
00384800
00037200
30000000
90000060
000000c4
00001206
000000ff
00000000
00000480
00000048
00000004
00000000
00000000
00000000
00000000
00000000
00000000
00000000
00000000
00000000
00000000
00000000
00000000
00000000
00000000
00000000
00000000
00000000
70000000
00000000
00000000
00000000
00000000
00000000
00000000
00000000
00000000
00000000
00000000
00000000
00000000
00000000
00000000
00000000
00000000
10000014
00000001
01000000
00000001
024c0000
00003100
30000000
10000014
00000001
01040000
00000001
024c3100
00003100
30000000
10000014
00000001
01080000
00000001
024c6200
00003100
30000000
10000014
00000001
010c0000
00000001
024c9300
00003100
30000000
10000014
00000001
01100000
00000001
024cc400
00003100
30000000
10000014
00000001
01140000
00000001
024cf500
00003100
30000000
10000014
00000001
01180000
00000001
024d2600
00003100
30000000
10000014
00000001
011c0000
00000001
024d5700
00003100
30000000
21000030
00000001
004c0000
00000000
00000010
0000000e
0000000e
00000410
00000010
001a0000
00000100
00000000
00000000
40000000
21000030
00000001
004c3100
00000000
00000010
0000000e
0000000e
00000450
00000050
001a0040
00000100
00000000
00000000
40000000
21000030
00000001
004c6200
00000000
00000010
0000000e
0000000e
00000490
00000090
001a0080
00000100
00000000
00000000
40000000
21000030
00000001
004c9300
00000000
00000010
0000000e
0000000e
000004d0
000000d0
001a00c0
00000100
00000000
00000000
40000000
21000030
00000001
004cc400
00000000
00000010
0000000e
0000000e
00000510
00000110
001a0100
00000100
00000000
00000000
40000000
21000030
00000001
004cf500
00000000
00000010
0000000e
0000000e
00000550
00000150
001a0140
00000100
00000000
00000000
40000000
21000030
00000001
004d2600
00000000
00000010
0000000e
0000000e
00000590
00000190
001a0180
00000100
00000000
00000000
40000000
21000030
00000001
004d5700
00000000
00000010
0000000e
0000000e
000005d0
000001d0
001a01c0
00000100
00000000
00000000
40000000
10000014
00000001
027c53a0
00000001
03000000
00000810
30000000
10000014
00000000
002cb000
00000001
00000000
00004800
30000000
10000014
00000000
002cf800
00000001
00080000
00004800
30000000
10000014
00000000
002d4000
00000001
00100000
00004800
30000000
10000014
00000000
002d8800
00000001
00180000
00004800
30000000
10000014
00000000
002dd000
00000001
00200000
00004800
30000000
10000014
00000000
002e1800
00000001
00280000
00004800
30000000
10000014
00000000
002e6000
00000001
00300000
00004800
30000000
10000014
00000000
002ea800
00000001
00380000
00004800
30000000
20000030
00000007
005a0000
00000000
00000080
0000001c
0000001c
00000000
00000000
004c0000
03032211
0000000e
0000000e
40000000
10000014
00000001
024c0000
00000001
00004800
00037200
30000000
10000014
00000001
024c0000
00000001
00084800
00037200
30000000
10000014
00000001
024c0000
00000001
00104800
00037200
30000000
10000014
00000001
024c0000
00000001
00184800
00037200
30000000
10000014
00000001
024c0000
00000001
00204800
00037200
30000000
10000014
00000001
024c0000
00000001
00284800
00037200
30000000
10000014
00000001
024c0000
00000001
00304800
00037200
30000000
10000014
00000001
024c0000
00000001
00384800
00037200
30000000
90000060
000000c4
00001206
000000ff
00000000
00000480
00000048
00000004
00000000
00000000
00000000
00000000
00000000
00000000
00000000
00000000
00000000
00000000
00000000
00000000
00000000
00000000
00000000
00000000
00000000
70000000
00000000
00000000
00000000
00000000
00000000
00000000
00000000
00000000
00000000
00000000
00000000
00000000
00000000
00000000
00000000
00000000
10000014
00000001
01000000
00000001
024c0000
00003100
30000000
10000014
00000001
01040000
00000001
024c3100
00003100
30000000
10000014
00000001
01080000
00000001
024c6200
00003100
30000000
10000014
00000001
010c0000
00000001
024c9300
00003100
30000000
10000014
00000001
01100000
00000001
024cc400
00003100
30000000
10000014
00000001
01140000
00000001
024cf500
00003100
30000000
10000014
00000001
01180000
00000001
024d2600
00003100
30000000
10000014
00000001
011c0000
00000001
024d5700
00003100
30000000
21000030
00000001
004c0000
00000000
00000010
0000000e
0000000e
00000610
00000210
001a0200
00000100
00000000
00000000
40000000
21000030
00000001
004c3100
00000000
00000010
0000000e
0000000e
00000650
00000250
001a0240
00000100
00000000
00000000
40000000
21000030
00000001
004c6200
00000000
00000010
0000000e
0000000e
00000690
00000290
001a0280
00000100
00000000
00000000
40000000
21000030
00000001
004c9300
00000000
00000010
0000000e
0000000e
000006d0
000002d0
001a02c0
00000100
00000000
00000000
40000000
21000030
00000001
004cc400
00000000
00000010
0000000e
0000000e
00000710
00000310
001a0300
00000100
00000000
00000000
40000000
21000030
00000001
004cf500
00000000
00000010
0000000e
0000000e
00000750
00000350
001a0340
00000100
00000000
00000000
40000000
21000030
00000001
004d2600
00000000
00000010
0000000e
0000000e
00000790
00000390
001a0380
00000100
00000000
00000000
40000000
21000030
00000001
004d5700
00000000
00000010
0000000e
0000000e
000007d0
000003d0
001a03c0
00000100
00000000
00000000
40000000
10000014
00000001
027c4b90
00000001
03000000
00000810
30000000
20000030
00000003
001a0000
00000000
00000100
0000000e
0000000e
00000000
00000000
005a0000
00000000
00000000
00000000
40000000
24000030
00000001
005a0000
00000000
00000100
0000000e
0000000e
00000410
00000010
001a0000
00000000
00000000
00000000
40000000
10000014
00000001
027c63c0
00000001
03000000
00000810
30000000
10000014
00000000
002ef000
00000001
00000000
00009000
30000000
10000014
00000000
002f8000
00000001
00080000
00009000
30000000
10000014
00000000
00301000
00000001
00100000
00009000
30000000
10000014
00000000
0030a000
00000001
00180000
00009000
30000000
10000014
00000000
00313000
00000001
00200000
00009000
30000000
10000014
00000000
0031c000
00000001
00280000
00009000
30000000
10000014
00000000
00325000
00000001
00300000
00009000
30000000
10000014
00000000
0032e000
00000001
00380000
00009000
30000000
20000030
00000003
001a0000
00000000
00000100
0000000e
0000000e
00000000
00000000
001a0000
00000000
00000000
00000000
40000000
20000030
00000007
001a0000
00000000
00000100
0000000e
0000000e
00000000
00000000
004c0000
03031111
0000000e
0000000e
40000000
10000014
00000001
024c0000
00000001
00009000
0006e400
30000000
10000014
00000001
024c0000
00000001
00089000
0006e400
30000000
10000014
00000001
024c0000
00000001
00109000
0006e400
30000000
10000014
00000001
024c0000
00000001
00189000
0006e400
30000000
10000014
00000001
024c0000
00000001
00209000
0006e400
30000000
10000014
00000001
024c0000
00000001
00289000
0006e400
30000000
10000014
00000001
024c0000
00000001
00309000
0006e400
30000000
10000014
00000001
024c0000
00000001
00389000
0006e400
30000000
90000060
000000c4
00002406
000000ff
00000000
00000900
00000090
00000004
00000000
00000000
00000000
00000000
00000000
00000000
00000000
00000000
00000000
00000000
00000000
00000000
00000000
00000000
00000000
00000000
00000000
70000000
00000000
00000000
00000000
00000000
00000000
00000000
00000000
00000000
00000000
00000000
00000000
00000000
00000000
00000000
00000000
00000000
10000014
00000001
01000000
00000001
024c0000
00003100
30000000
10000014
00000001
01040000
00000001
024c3100
00003100
30000000
10000014
00000001
01080000
00000001
024c6200
00003100
30000000
10000014
00000001
010c0000
00000001
024c9300
00003100
30000000
10000014
00000001
01100000
00000001
024cc400
00003100
30000000
10000014
00000001
01140000
00000001
024cf500
00003100
30000000
10000014
00000001
01180000
00000001
024d2600
00003100
30000000
10000014
00000001
011c0000
00000001
024d5700
00003100
30000000
20000030
00000001
004c0000
00000000
00000010
0000000e
0000000e
00000410
00000010
005a0000
00000100
00000000
00000000
40000000
20000030
00000001
004c3100
00000000
00000010
0000000e
0000000e
00000450
00000050
005a0040
00000100
00000000
00000000
40000000
20000030
00000001
004c6200
00000000
00000010
0000000e
0000000e
00000490
00000090
005a0080
00000100
00000000
00000000
40000000
20000030
00000001
004c9300
00000000
00000010
0000000e
0000000e
000004d0
000000d0
005a00c0
00000100
00000000
00000000
40000000
20000030
00000001
004cc400
00000000
00000010
0000000e
0000000e
00000510
00000110
005a0100
00000100
00000000
00000000
40000000
20000030
00000001
004cf500
00000000
00000010
0000000e
0000000e
00000550
00000150
005a0140
00000100
00000000
00000000
40000000
20000030
00000001
004d2600
00000000
00000010
0000000e
0000000e
00000590
00000190
005a0180
00000100
00000000
00000000
40000000
20000030
00000001
004d5700
00000000
00000010
0000000e
0000000e
000005d0
000001d0
005a01c0
00000100
00000000
00000000
40000000
10000014
00000001
027c63c0
00000001
03000000
00000810
30000000
10000014
00000000
00337000
00000001
00000000
00009000
30000000
10000014
00000000
00340000
00000001
00080000
00009000
30000000
10000014
00000000
00349000
00000001
00100000
00009000
30000000
10000014
00000000
00352000
00000001
00180000
00009000
30000000
10000014
00000000
0035b000
00000001
00200000
00009000
30000000
10000014
00000000
00364000
00000001
00280000
00009000
30000000
10000014
00000000
0036d000
00000001
00300000
00009000
30000000
10000014
00000000
00376000
00000001
00380000
00009000
30000000
20000030
00000007
001a0000
00000000
00000100
0000000e
0000000e
00000000
00000000
004c0000
03031111
0000000e
0000000e
40000000
10000014
00000001
024c0000
00000001
00009000
0006e400
30000000
10000014
00000001
024c0000
00000001
00089000
0006e400
30000000
10000014
00000001
024c0000
00000001
00109000
0006e400
30000000
10000014
00000001
024c0000
00000001
00189000
0006e400
30000000
10000014
00000001
024c0000
00000001
00209000
0006e400
30000000
10000014
00000001
024c0000
00000001
00289000
0006e400
30000000
10000014
00000001
024c0000
00000001
00309000
0006e400
30000000
10000014
00000001
024c0000
00000001
00389000
0006e400
30000000
90000060
000000c4
00002406
000000ff
00000000
00000900
00000090
00000004
00000000
00000000
00000000
00000000
00000000
00000000
00000000
00000000
00000000
00000000
00000000
00000000
00000000
00000000
00000000
00000000
00000000
70000000
00000000
00000000
00000000
00000000
00000000
00000000
00000000
00000000
00000000
00000000
00000000
00000000
00000000
00000000
00000000
00000000
10000014
00000001
01000000
00000001
024c0000
00003100
30000000
10000014
00000001
01040000
00000001
024c3100
00003100
30000000
10000014
00000001
01080000
00000001
024c6200
00003100
30000000
10000014
00000001
010c0000
00000001
024c9300
00003100
30000000
10000014
00000001
01100000
00000001
024cc400
00003100
30000000
10000014
00000001
01140000
00000001
024cf500
00003100
30000000
10000014
00000001
01180000
00000001
024d2600
00003100
30000000
10000014
00000001
011c0000
00000001
024d5700
00003100
30000000
20000030
00000001
004c0000
00000000
00000010
0000000e
0000000e
00000610
00000210
005a0200
00000100
00000000
00000000
40000000
20000030
00000001
004c3100
00000000
00000010
0000000e
0000000e
00000650
00000250
005a0240
00000100
00000000
00000000
40000000
20000030
00000001
004c6200
00000000
00000010
0000000e
0000000e
00000690
00000290
005a0280
00000100
00000000
00000000
40000000
20000030
00000001
004c9300
00000000
00000010
0000000e
0000000e
000006d0
000002d0
005a02c0
00000100
00000000
00000000
40000000
20000030
00000001
004cc400
00000000
00000010
0000000e
0000000e
00000710
00000310
005a0300
00000100
00000000
00000000
40000000
20000030
00000001
004cf500
00000000
00000010
0000000e
0000000e
00000750
00000350
005a0340
00000100
00000000
00000000
40000000
20000030
00000001
004d2600
00000000
00000010
0000000e
0000000e
00000790
00000390
005a0380
00000100
00000000
00000000
40000000
20000030
00000001
004d5700
00000000
00000010
0000000e
0000000e
000007d0
000003d0
005a03c0
00000100
00000000
00000000
40000000
10000014
00000001
027c5bb0
00000001
03000000
00000810
30000000
20000030
00000003
005a0000
00000000
00000100
0000000e
0000000e
00000000
00000000
005d1000
00000000
00000000
00000000
40000000
24000030
00000001
005d1000
00000000
00000100
0000000e
0000000e
00000410
00000010
005a0000
00000000
00000000
00000000
40000000
10000014
00000001
027c73e0
00000001
03000000
00000810
30000000
10000014
00000000
0037f000
00000001
00000000
00000800
30000000
10000014
00000000
0037f800
00000001
00080000
00000800
30000000
10000014
00000000
00380000
00000001
00100000
00000800
30000000
10000014
00000000
00380800
00000001
00180000
00000800
30000000
10000014
00000000
00381000
00000001
00200000
00000800
30000000
10000014
00000000
00381800
00000001
00280000
00000800
30000000
10000014
00000000
00382000
00000001
00300000
00000800
30000000
10000014
00000000
00382800
00000001
00380000
00000800
30000000
20000030
00000003
00000000
00000000
00000080
0000001c
0000001c
00000000
00000000
001a0000
00000000
00000000
00000000
40000000
20000030
00000007
001a0000
00000000
00000080
0000001b
0000001c
00000000
00000000
004c0000
01012200
0000000e
0000000e
40000000
10000014
00000001
024c0000
00000001
00000800
00006200
30000000
10000014
00000001
024c0000
00000001
00080800
00006200
30000000
10000014
00000001
024c0000
00000001
00100800
00006200
30000000
10000014
00000001
024c0000
00000001
00180800
00006200
30000000
10000014
00000001
024c0000
00000001
00200800
00006200
30000000
10000014
00000001
024c0000
00000001
00280800
00006200
30000000
10000014
00000001
024c0000
00000001
00300800
00006200
30000000
10000014
00000001
024c0000
00000001
00380800
00006200
30000000
90000060
000000c4
00000206
000000ff
00000000
00000080
00000008
00000004
00000000
00000000
00000000
00000000
00000000
00000000
00000000
00000000
00000000
00000000
00000000
00000000
00000000
00000000
00000000
00000000
00000000
70000000
00000000
00000000
00000000
00000000
00000000
00000000
00000000
00000000
00000000
00000000
00000000
00000000
00000000
00000000
00000000
00000000
10000014
00000001
01000000
00000001
024c0000
00003100
30000000
10000014
00000001
01040000
00000001
024c3100
00003100
30000000
10000014
00000001
01080000
00000001
024c6200
00003100
30000000
10000014
00000001
010c0000
00000001
024c9300
00003100
30000000
10000014
00000001
01100000
00000001
024cc400
00003100
30000000
10000014
00000001
01140000
00000001
024cf500
00003100
30000000
10000014
00000001
01180000
00000001
024d2600
00003100
30000000
10000014
00000001
011c0000
00000001
024d5700
00003100
30000000
20000030
00000001
004c0000
00000000
00000010
0000000e
0000000e
00000410
00000010
005d1000
00000100
00000000
00000000
40000000
20000030
00000001
004c3100
00000000
00000010
0000000e
0000000e
00000450
00000050
005d1040
00000100
00000000
00000000
40000000
20000030
00000001
004c6200
00000000
00000010
0000000e
0000000e
00000490
00000090
005d1080
00000100
00000000
00000000
40000000
20000030
00000001
004c9300
00000000
00000010
0000000e
0000000e
000004d0
000000d0
005d10c0
00000100
00000000
00000000
40000000
20000030
00000001
004cc400
00000000
00000010
0000000e
0000000e
00000510
00000110
005d1100
00000100
00000000
00000000
40000000
20000030
00000001
004cf500
00000000
00000010
0000000e
0000000e
00000550
00000150
005d1140
00000100
00000000
00000000
40000000
20000030
00000001
004d2600
00000000
00000010
0000000e
0000000e
00000590
00000190
005d1180
00000100
00000000
00000000
40000000
20000030
00000001
004d5700
00000000
00000010
0000000e
0000000e
000005d0
000001d0
005d11c0
00000100
00000000
00000000
40000000
10000014
00000001
027c73e0
00000001
03000000
00000810
30000000
10000014
00000000
00383000
00000001
00000000
00000800
30000000
10000014
00000000
00383800
00000001
00080000
00000800
30000000
10000014
00000000
00384000
00000001
00100000
00000800
30000000
10000014
00000000
00384800
00000001
00180000
00000800
30000000
10000014
00000000
00385000
00000001
00200000
00000800
30000000
10000014
00000000
00385800
00000001
00280000
00000800
30000000
10000014
00000000
00386000
00000001
00300000
00000800
30000000
10000014
00000000
00386800
00000001
00380000
00000800
30000000
20000030
00000007
001a0000
00000000
00000080
0000001b
0000001c
00000000
00000000
004c0000
01012200
0000000e
0000000e
40000000
10000014
00000001
024c0000
00000001
00000800
00006200
30000000
10000014
00000001
024c0000
00000001
00080800
00006200
30000000
10000014
00000001
024c0000
00000001
00100800
00006200
30000000
10000014
00000001
024c0000
00000001
00180800
00006200
30000000
10000014
00000001
024c0000
00000001
00200800
00006200
30000000
10000014
00000001
024c0000
00000001
00280800
00006200
30000000
10000014
00000001
024c0000
00000001
00300800
00006200
30000000
10000014
00000001
024c0000
00000001
00380800
00006200
30000000
90000060
000000c4
00000206
000000ff
00000000
00000080
00000008
00000004
00000000
00000000
00000000
00000000
00000000
00000000
00000000
00000000
00000000
00000000
00000000
00000000
00000000
00000000
00000000
00000000
00000000
70000000
00000000
00000000
00000000
00000000
00000000
00000000
00000000
00000000
00000000
00000000
00000000
00000000
00000000
00000000
00000000
00000000
10000014
00000001
01000000
00000001
024c0000
00003100
30000000
10000014
00000001
01040000
00000001
024c3100
00003100
30000000
10000014
00000001
01080000
00000001
024c6200
00003100
30000000
10000014
00000001
010c0000
00000001
024c9300
00003100
30000000
10000014
00000001
01100000
00000001
024cc400
00003100
30000000
10000014
00000001
01140000
00000001
024cf500
00003100
30000000
10000014
00000001
01180000
00000001
024d2600
00003100
30000000
10000014
00000001
011c0000
00000001
024d5700
00003100
30000000
20000030
00000001
004c0000
00000000
00000010
0000000e
0000000e
00000610
00000210
005d1200
00000100
00000000
00000000
40000000
20000030
00000001
004c3100
00000000
00000010
0000000e
0000000e
00000650
00000250
005d1240
00000100
00000000
00000000
40000000
20000030
00000001
004c6200
00000000
00000010
0000000e
0000000e
00000690
00000290
005d1280
00000100
00000000
00000000
40000000
20000030
00000001
004c9300
00000000
00000010
0000000e
0000000e
000006d0
000002d0
005d12c0
00000100
00000000
00000000
40000000
20000030
00000001
004cc400
00000000
00000010
0000000e
0000000e
00000710
00000310
005d1300
00000100
00000000
00000000
40000000
20000030
00000001
004cf500
00000000
00000010
0000000e
0000000e
00000750
00000350
005d1340
00000100
00000000
00000000
40000000
20000030
00000001
004d2600
00000000
00000010
0000000e
0000000e
00000790
00000390
005d1380
00000100
00000000
00000000
40000000
20000030
00000001
004d5700
00000000
00000010
0000000e
0000000e
000007d0
000003d0
005d13c0
00000100
00000000
00000000
40000000
10000014
00000001
027c6bd0
00000001
03000000
00000810
30000000
20000030
00000003
005d1000
00000000
00000100
0000000e
0000000e
00000000
00000000
00602000
00000000
00000000
00000000
40000000
24000030
00000001
00602000
00000000
00000100
0000000e
0000000e
00000410
00000010
005d1000
00000000
00000000
00000000
40000000
10000014
00000001
027c7bf0
00000001
03000000
00000810
30000000
20000030
00000006
005a0000
005d1000
00000100
0000000e
0000000e
00000000
00000000
001a0000
00000001
00000000
00000000
40000000
20000030
00000003
001a0000
00000000
00000100
0000000e
0000000e
00000000
00000000
00602000
00000000
00000000
00000000
40000000
24000030
00000001
00602000
00000000
00000100
0000000e
0000000e
00000410
00000010
001a0000
00000000
00000000
00000000
40000000
10000014
00000001
027c8c10
00000001
03000000
00000810
30000000
10000014
00000000
00387000
00000001
00000000
00009000
30000000
10000014
00000000
00390000
00000001
00080000
00009000
30000000
10000014
00000000
00399000
00000001
00100000
00009000
30000000
10000014
00000000
003a2000
00000001
00180000
00009000
30000000
10000014
00000000
003ab000
00000001
00200000
00009000
30000000
10000014
00000000
003b4000
00000001
00280000
00009000
30000000
10000014
00000000
003bd000
00000001
00300000
00009000
30000000
10000014
00000000
003c6000
00000001
00380000
00009000
30000000
20000030
00000003
001a0000
00000000
00000100
0000000e
0000000e
00000000
00000000
005a0000
00000000
00000000
00000000
40000000
20000030
00000007
005a0000
00000000
00000100
0000000e
0000000e
00000000
00000000
004c0000
03031111
0000000e
0000000e
40000000
10000014
00000001
024c0000
00000001
00009000
0006e400
30000000
10000014
00000001
024c0000
00000001
00089000
0006e400
30000000
10000014
00000001
024c0000
00000001
00109000
0006e400
30000000
10000014
00000001
024c0000
00000001
00189000
0006e400
30000000
10000014
00000001
024c0000
00000001
00209000
0006e400
30000000
10000014
00000001
024c0000
00000001
00289000
0006e400
30000000
10000014
00000001
024c0000
00000001
00309000
0006e400
30000000
10000014
00000001
024c0000
00000001
00389000
0006e400
30000000
90000060
000000c4
00002406
000000ff
00000000
00000900
00000090
00000004
00000000
00000000
00000000
00000000
00000000
00000000
00000000
00000000
00000000
00000000
00000000
00000000
00000000
00000000
00000000
00000000
00000000
70000000
00000000
00000000
00000000
00000000
00000000
00000000
00000000
00000000
00000000
00000000
00000000
00000000
00000000
00000000
00000000
00000000
10000014
00000001
01000000
00000001
024c0000
00003100
30000000
10000014
00000001
01040000
00000001
024c3100
00003100
30000000
10000014
00000001
01080000
00000001
024c6200
00003100
30000000
10000014
00000001
010c0000
00000001
024c9300
00003100
30000000
10000014
00000001
01100000
00000001
024cc400
00003100
30000000
10000014
00000001
01140000
00000001
024cf500
00003100
30000000
10000014
00000001
01180000
00000001
024d2600
00003100
30000000
10000014
00000001
011c0000
00000001
024d5700
00003100
30000000
21000030
00000001
004c0000
00000000
00000010
0000000e
0000000e
00000410
00000010
00000000
00000100
00000000
00000000
40000000
21000030
00000001
004c3100
00000000
00000010
0000000e
0000000e
00000450
00000050
00000040
00000100
00000000
00000000
40000000
21000030
00000001
004c6200
00000000
00000010
0000000e
0000000e
00000490
00000090
00000080
00000100
00000000
00000000
40000000
21000030
00000001
004c9300
00000000
00000010
0000000e
0000000e
000004d0
000000d0
000000c0
00000100
00000000
00000000
40000000
21000030
00000001
004cc400
00000000
00000010
0000000e
0000000e
00000510
00000110
00000100
00000100
00000000
00000000
40000000
21000030
00000001
004cf500
00000000
00000010
0000000e
0000000e
00000550
00000150
00000140
00000100
00000000
00000000
40000000
21000030
00000001
004d2600
00000000
00000010
0000000e
0000000e
00000590
00000190
00000180
00000100
00000000
00000000
40000000
21000030
00000001
004d5700
00000000
00000010
0000000e
0000000e
000005d0
000001d0
000001c0
00000100
00000000
00000000
40000000
10000014
00000001
027c8c10
00000001
03000000
00000810
30000000
10000014
00000000
003cf000
00000001
00000000
00009000
30000000
10000014
00000000
003d8000
00000001
00080000
00009000
30000000
10000014
00000000
003e1000
00000001
00100000
00009000
30000000
10000014
00000000
003ea000
00000001
00180000
00009000
30000000
10000014
00000000
003f3000
00000001
00200000
00009000
30000000
10000014
00000000
003fc000
00000001
00280000
00009000
30000000
10000014
00000000
00405000
00000001
00300000
00009000
30000000
10000014
00000000
0040e000
00000001
00380000
00009000
30000000
20000030
00000007
005a0000
00000000
00000100
0000000e
0000000e
00000000
00000000
004c0000
03031111
0000000e
0000000e
40000000
10000014
00000001
024c0000
00000001
00009000
0006e400
30000000
10000014
00000001
024c0000
00000001
00089000
0006e400
30000000
10000014
00000001
024c0000
00000001
00109000
0006e400
30000000
10000014
00000001
024c0000
00000001
00189000
0006e400
30000000
10000014
00000001
024c0000
00000001
00209000
0006e400
30000000
10000014
00000001
024c0000
00000001
00289000
0006e400
30000000
10000014
00000001
024c0000
00000001
00309000
0006e400
30000000
10000014
00000001
024c0000
00000001
00389000
0006e400
30000000
90000060
000000c4
00002406
000000ff
00000000
00000900
00000090
00000004
00000000
00000000
00000000
00000000
00000000
00000000
00000000
00000000
00000000
00000000
00000000
00000000
00000000
00000000
00000000
00000000
00000000
70000000
00000000
00000000
00000000
00000000
00000000
00000000
00000000
00000000
00000000
00000000
00000000
00000000
00000000
00000000
00000000
00000000
10000014
00000001
01000000
00000001
024c0000
00003100
30000000
10000014
00000001
01040000
00000001
024c3100
00003100
30000000
10000014
00000001
01080000
00000001
024c6200
00003100
30000000
10000014
00000001
010c0000
00000001
024c9300
00003100
30000000
10000014
00000001
01100000
00000001
024cc400
00003100
30000000
10000014
00000001
01140000
00000001
024cf500
00003100
30000000
10000014
00000001
01180000
00000001
024d2600
00003100
30000000
10000014
00000001
011c0000
00000001
024d5700
00003100
30000000
21000030
00000001
004c0000
00000000
00000010
0000000e
0000000e
00000610
00000210
00000200
00000100
00000000
00000000
40000000
21000030
00000001
004c3100
00000000
00000010
0000000e
0000000e
00000650
00000250
00000240
00000100
00000000
00000000
40000000
21000030
00000001
004c6200
00000000
00000010
0000000e
0000000e
00000690
00000290
00000280
00000100
00000000
00000000
40000000
21000030
00000001
004c9300
00000000
00000010
0000000e
0000000e
000006d0
000002d0
000002c0
00000100
00000000
00000000
40000000
21000030
00000001
004cc400
00000000
00000010
0000000e
0000000e
00000710
00000310
00000300
00000100
00000000
00000000
40000000
21000030
00000001
004cf500
00000000
00000010
0000000e
0000000e
00000750
00000350
00000340
00000100
00000000
00000000
40000000
21000030
00000001
004d2600
00000000
00000010
0000000e
0000000e
00000790
00000390
00000380
00000100
00000000
00000000
40000000
21000030
00000001
004d5700
00000000
00000010
0000000e
0000000e
000007d0
000003d0
000003c0
00000100
00000000
00000000
40000000
10000014
00000001
027c8400
00000001
03000000
00000810
30000000
20000030
00000003
00000000
00000000
00000100
0000000e
0000000e
00000000
00000000
005a0000
00000000
00000000
00000000
40000000
24000030
00000001
005a0000
00000000
00000100
0000000e
0000000e
00000410
00000010
00000000
00000000
00000000
00000000
40000000
10000014
00000001
027c9c30
00000001
03000000
00000810
30000000
10000014
00000000
00417000
00000001
00000000
00009000
30000000
10000014
00000000
00420000
00000001
00080000
00009000
30000000
10000014
00000000
00429000
00000001
00100000
00009000
30000000
10000014
00000000
00432000
00000001
00180000
00009000
30000000
10000014
00000000
0043b000
00000001
00200000
00009000
30000000
10000014
00000000
00444000
00000001
00280000
00009000
30000000
10000014
00000000
0044d000
00000001
00300000
00009000
30000000
10000014
00000000
00456000
00000001
00380000
00009000
30000000
20000030
00000003
00000000
00000000
00000100
0000000e
0000000e
00000000
00000000
00000000
00000000
00000000
00000000
40000000
20000030
00000007
00000000
00000000
00000100
0000000e
0000000e
00000000
00000000
004c0000
03031111
0000000e
0000000e
40000000
10000014
00000001
024c0000
00000001
00009000
0006e400
30000000
10000014
00000001
024c0000
00000001
00089000
0006e400
30000000
10000014
00000001
024c0000
00000001
00109000
0006e400
30000000
10000014
00000001
024c0000
00000001
00189000
0006e400
30000000
10000014
00000001
024c0000
00000001
00209000
0006e400
30000000
10000014
00000001
024c0000
00000001
00289000
0006e400
30000000
10000014
00000001
024c0000
00000001
00309000
0006e400
30000000
10000014
00000001
024c0000
00000001
00389000
0006e400
30000000
90000060
000000c4
00002406
000000ff
00000000
00000900
00000090
00000004
00000000
00000000
00000000
00000000
00000000
00000000
00000000
00000000
00000000
00000000
00000000
00000000
00000000
00000000
00000000
00000000
00000000
70000000
00000000
00000000
00000000
00000000
00000000
00000000
00000000
00000000
00000000
00000000
00000000
00000000
00000000
00000000
00000000
00000000
10000014
00000001
01000000
00000001
024c0000
00003100
30000000
10000014
00000001
01040000
00000001
024c3100
00003100
30000000
10000014
00000001
01080000
00000001
024c6200
00003100
30000000
10000014
00000001
010c0000
00000001
024c9300
00003100
30000000
10000014
00000001
01100000
00000001
024cc400
00003100
30000000
10000014
00000001
01140000
00000001
024cf500
00003100
30000000
10000014
00000001
01180000
00000001
024d2600
00003100
30000000
10000014
00000001
011c0000
00000001
024d5700
00003100
30000000
20000030
00000001
004c0000
00000000
00000010
0000000e
0000000e
00000410
00000010
005a0000
00000100
00000000
00000000
40000000
20000030
00000001
004c3100
00000000
00000010
0000000e
0000000e
00000450
00000050
005a0040
00000100
00000000
00000000
40000000
20000030
00000001
004c6200
00000000
00000010
0000000e
0000000e
00000490
00000090
005a0080
00000100
00000000
00000000
40000000
20000030
00000001
004c9300
00000000
00000010
0000000e
0000000e
000004d0
000000d0
005a00c0
00000100
00000000
00000000
40000000
20000030
00000001
004cc400
00000000
00000010
0000000e
0000000e
00000510
00000110
005a0100
00000100
00000000
00000000
40000000
20000030
00000001
004cf500
00000000
00000010
0000000e
0000000e
00000550
00000150
005a0140
00000100
00000000
00000000
40000000
20000030
00000001
004d2600
00000000
00000010
0000000e
0000000e
00000590
00000190
005a0180
00000100
00000000
00000000
40000000
20000030
00000001
004d5700
00000000
00000010
0000000e
0000000e
000005d0
000001d0
005a01c0
00000100
00000000
00000000
40000000
10000014
00000001
027c9c30
00000001
03000000
00000810
30000000
10000014
00000000
0045f000
00000001
00000000
00009000
30000000
10000014
00000000
00468000
00000001
00080000
00009000
30000000
10000014
00000000
00471000
00000001
00100000
00009000
30000000
10000014
00000000
0047a000
00000001
00180000
00009000
30000000
10000014
00000000
00483000
00000001
00200000
00009000
30000000
10000014
00000000
0048c000
00000001
00280000
00009000
30000000
10000014
00000000
00495000
00000001
00300000
00009000
30000000
10000014
00000000
0049e000
00000001
00380000
00009000
30000000
20000030
00000007
00000000
00000000
00000100
0000000e
0000000e
00000000
00000000
004c0000
03031111
0000000e
0000000e
40000000
10000014
00000001
024c0000
00000001
00009000
0006e400
30000000
10000014
00000001
024c0000
00000001
00089000
0006e400
30000000
10000014
00000001
024c0000
00000001
00109000
0006e400
30000000
10000014
00000001
024c0000
00000001
00189000
0006e400
30000000
10000014
00000001
024c0000
00000001
00209000
0006e400
30000000
10000014
00000001
024c0000
00000001
00289000
0006e400
30000000
10000014
00000001
024c0000
00000001
00309000
0006e400
30000000
10000014
00000001
024c0000
00000001
00389000
0006e400
30000000
90000060
000000c4
00002406
000000ff
00000000
00000900
00000090
00000004
00000000
00000000
00000000
00000000
00000000
00000000
00000000
00000000
00000000
00000000
00000000
00000000
00000000
00000000
00000000
00000000
00000000
70000000
00000000
00000000
00000000
00000000
00000000
00000000
00000000
00000000
00000000
00000000
00000000
00000000
00000000
00000000
00000000
00000000
10000014
00000001
01000000
00000001
024c0000
00003100
30000000
10000014
00000001
01040000
00000001
024c3100
00003100
30000000
10000014
00000001
01080000
00000001
024c6200
00003100
30000000
10000014
00000001
010c0000
00000001
024c9300
00003100
30000000
10000014
00000001
01100000
00000001
024cc400
00003100
30000000
10000014
00000001
01140000
00000001
024cf500
00003100
30000000
10000014
00000001
01180000
00000001
024d2600
00003100
30000000
10000014
00000001
011c0000
00000001
024d5700
00003100
30000000
20000030
00000001
004c0000
00000000
00000010
0000000e
0000000e
00000610
00000210
005a0200
00000100
00000000
00000000
40000000
20000030
00000001
004c3100
00000000
00000010
0000000e
0000000e
00000650
00000250
005a0240
00000100
00000000
00000000
40000000
20000030
00000001
004c6200
00000000
00000010
0000000e
0000000e
00000690
00000290
005a0280
00000100
00000000
00000000
40000000
20000030
00000001
004c9300
00000000
00000010
0000000e
0000000e
000006d0
000002d0
005a02c0
00000100
00000000
00000000
40000000
20000030
00000001
004cc400
00000000
00000010
0000000e
0000000e
00000710
00000310
005a0300
00000100
00000000
00000000
40000000
20000030
00000001
004cf500
00000000
00000010
0000000e
0000000e
00000750
00000350
005a0340
00000100
00000000
00000000
40000000
20000030
00000001
004d2600
00000000
00000010
0000000e
0000000e
00000790
00000390
005a0380
00000100
00000000
00000000
40000000
20000030
00000001
004d5700
00000000
00000010
0000000e
0000000e
000007d0
000003d0
005a03c0
00000100
00000000
00000000
40000000
10000014
00000001
027c9420
00000001
03000000
00000810
30000000
20000030
00000003
005a0000
00000000
00000100
0000000e
0000000e
00000000
00000000
005d1000
00000000
00000000
00000000
40000000
24000030
00000001
005d1000
00000000
00000100
0000000e
0000000e
00000410
00000010
005a0000
00000000
00000000
00000000
40000000
10000014
00000001
027ca440
00000001
03000000
00000810
30000000
20000030
00000006
005a0000
001a0000
00000100
0000000e
0000000e
00000000
00000000
00000000
00000001
00000000
00000000
40000000
20000030
00000003
00000000
00000000
00000100
0000000e
0000000e
00000000
00000000
005d1000
00000000
00000000
00000000
40000000
24000030
00000001
005d1000
00000000
00000100
0000000e
0000000e
00000410
00000010
00000000
00000000
00000000
00000000
40000000
10000014
00000001
027cbc60
00000001
03000000
00001010
30000000
10000014
00000000
004a7000
00000001
00000000
00009000
30000000
10000014
00000000
004b0000
00000001
00080000
00009000
30000000
10000014
00000000
004b9000
00000001
00100000
00009000
30000000
10000014
00000000
004c2000
00000001
00180000
00009000
30000000
10000014
00000000
004cb000
00000001
00200000
00009000
30000000
10000014
00000000
004d4000
00000001
00280000
00009000
30000000
10000014
00000000
004dd000
00000001
00300000
00009000
30000000
10000014
00000000
004e6000
00000001
00380000
00009000
30000000
20000030
00000003
00000000
00000000
00000100
0000000e
0000000e
00000000
00000000
005a0000
00000000
00000000
00000000
40000000
20000030
00000007
005a0000
00000000
00000100
0000000e
0000000e
00000000
00000000
004c0000
03032211
00000007
00000007
40000000
10000014
00000001
024c0000
00000001
00009000
0001b900
30000000
10000014
00000001
024c0000
00000001
00089000
0001b900
30000000
10000014
00000001
024c0000
00000001
00109000
0001b900
30000000
10000014
00000001
024c0000
00000001
00189000
0001b900
30000000
10000014
00000001
024c0000
00000001
00209000
0001b900
30000000
10000014
00000001
024c0000
00000001
00289000
0001b900
30000000
10000014
00000001
024c0000
00000001
00309000
0001b900
30000000
10000014
00000001
024c0000
00000001
00389000
0001b900
30000000
90000060
00000031
00002406
000000ff
00000000
00000900
00000090
00000004
00000000
00000000
00000000
00000000
00000000
00000000
00000000
00000000
00000000
00000000
00000000
00000000
00000000
00000000
00000000
00000000
00000000
70000000
00000000
00000000
00000000
00000000
00000000
00000000
00000000
00000000
00000000
00000000
00000000
00000000
00000000
00000000
00000000
00000000
10000014
00000001
01000000
00000001
024c0000
00000c40
30000000
10000014
00000001
01040000
00000001
024c0c40
00000c40
30000000
10000014
00000001
01080000
00000001
024c1880
00000c40
30000000
10000014
00000001
010c0000
00000001
024c24c0
00000c40
30000000
10000014
00000001
01100000
00000001
024c3100
00000c40
30000000
10000014
00000001
01140000
00000001
024c3d40
00000c40
30000000
10000014
00000001
01180000
00000001
024c4980
00000c40
30000000
10000014
00000001
011c0000
00000001
024c55c0
00000c40
30000000
21000030
00000001
004c0000
00000000
00000010
00000007
00000007
00000810
00000010
001a0000
00000200
00000000
00000000
40000000
21000030
00000001
004c0c40
00000000
00000010
00000007
00000007
00000850
00000050
001a0040
00000200
00000000
00000000
40000000
21000030
00000001
004c1880
00000000
00000010
00000007
00000007
00000890
00000090
001a0080
00000200
00000000
00000000
40000000
21000030
00000001
004c24c0
00000000
00000010
00000007
00000007
000008d0
000000d0
001a00c0
00000200
00000000
00000000
40000000
21000030
00000001
004c3100
00000000
00000010
00000007
00000007
00000910
00000110
001a0100
00000200
00000000
00000000
40000000
21000030
00000001
004c3d40
00000000
00000010
00000007
00000007
00000950
00000150
001a0140
00000200
00000000
00000000
40000000
21000030
00000001
004c4980
00000000
00000010
00000007
00000007
00000990
00000190
001a0180
00000200
00000000
00000000
40000000
21000030
00000001
004c55c0
00000000
00000010
00000007
00000007
000009d0
000001d0
001a01c0
00000200
00000000
00000000
40000000
10000014
00000001
027cbc60
00000001
03000000
00001010
30000000
10000014
00000000
004ef000
00000001
00000000
00009000
30000000
10000014
00000000
004f8000
00000001
00080000
00009000
30000000
10000014
00000000
00501000
00000001
00100000
00009000
30000000
10000014
00000000
0050a000
00000001
00180000
00009000
30000000
10000014
00000000
00513000
00000001
00200000
00009000
30000000
10000014
00000000
0051c000
00000001
00280000
00009000
30000000
10000014
00000000
00525000
00000001
00300000
00009000
30000000
10000014
00000000
0052e000
00000001
00380000
00009000
30000000
20000030
00000007
005a0000
00000000
00000100
0000000e
0000000e
00000000
00000000
004c0000
03032211
00000007
00000007
40000000
10000014
00000001
024c0000
00000001
00009000
0001b900
30000000
10000014
00000001
024c0000
00000001
00089000
0001b900
30000000
10000014
00000001
024c0000
00000001
00109000
0001b900
30000000
10000014
00000001
024c0000
00000001
00189000
0001b900
30000000
10000014
00000001
024c0000
00000001
00209000
0001b900
30000000
10000014
00000001
024c0000
00000001
00289000
0001b900
30000000
10000014
00000001
024c0000
00000001
00309000
0001b900
30000000
10000014
00000001
024c0000
00000001
00389000
0001b900
30000000
90000060
00000031
00002406
000000ff
00000000
00000900
00000090
00000004
00000000
00000000
00000000
00000000
00000000
00000000
00000000
00000000
00000000
00000000
00000000
00000000
00000000
00000000
00000000
00000000
00000000
70000000
00000000
00000000
00000000
00000000
00000000
00000000
00000000
00000000
00000000
00000000
00000000
00000000
00000000
00000000
00000000
00000000
10000014
00000001
01000000
00000001
024c0000
00000c40
30000000
10000014
00000001
01040000
00000001
024c0c40
00000c40
30000000
10000014
00000001
01080000
00000001
024c1880
00000c40
30000000
10000014
00000001
010c0000
00000001
024c24c0
00000c40
30000000
10000014
00000001
01100000
00000001
024c3100
00000c40
30000000
10000014
00000001
01140000
00000001
024c3d40
00000c40
30000000
10000014
00000001
01180000
00000001
024c4980
00000c40
30000000
10000014
00000001
011c0000
00000001
024c55c0
00000c40
30000000
21000030
00000001
004c0000
00000000
00000010
00000007
00000007
00000a10
00000210
001a0200
00000200
00000000
00000000
40000000
21000030
00000001
004c0c40
00000000
00000010
00000007
00000007
00000a50
00000250
001a0240
00000200
00000000
00000000
40000000
21000030
00000001
004c1880
00000000
00000010
00000007
00000007
00000a90
00000290
001a0280
00000200
00000000
00000000
40000000
21000030
00000001
004c24c0
00000000
00000010
00000007
00000007
00000ad0
000002d0
001a02c0
00000200
00000000
00000000
40000000
21000030
00000001
004c3100
00000000
00000010
00000007
00000007
00000b10
00000310
001a0300
00000200
00000000
00000000
40000000
21000030
00000001
004c3d40
00000000
00000010
00000007
00000007
00000b50
00000350
001a0340
00000200
00000000
00000000
40000000
21000030
00000001
004c4980
00000000
00000010
00000007
00000007
00000b90
00000390
001a0380
00000200
00000000
00000000
40000000
21000030
00000001
004c55c0
00000000
00000010
00000007
00000007
00000bd0
000003d0
001a03c0
00000200
00000000
00000000
40000000
10000014
00000001
027cbc60
00000001
03000000
00001010
30000000
10000014
00000000
00537000
00000001
00000000
00009000
30000000
10000014
00000000
00540000
00000001
00080000
00009000
30000000
10000014
00000000
00549000
00000001
00100000
00009000
30000000
10000014
00000000
00552000
00000001
00180000
00009000
30000000
10000014
00000000
0055b000
00000001
00200000
00009000
30000000
10000014
00000000
00564000
00000001
00280000
00009000
30000000
10000014
00000000
0056d000
00000001
00300000
00009000
30000000
10000014
00000000
00576000
00000001
00380000
00009000
30000000
20000030
00000007
005a0000
00000000
00000100
0000000e
0000000e
00000000
00000000
004c0000
03032211
00000007
00000007
40000000
10000014
00000001
024c0000
00000001
00009000
0001b900
30000000
10000014
00000001
024c0000
00000001
00089000
0001b900
30000000
10000014
00000001
024c0000
00000001
00109000
0001b900
30000000
10000014
00000001
024c0000
00000001
00189000
0001b900
30000000
10000014
00000001
024c0000
00000001
00209000
0001b900
30000000
10000014
00000001
024c0000
00000001
00289000
0001b900
30000000
10000014
00000001
024c0000
00000001
00309000
0001b900
30000000
10000014
00000001
024c0000
00000001
00389000
0001b900
30000000
90000060
00000031
00002406
000000ff
00000000
00000900
00000090
00000004
00000000
00000000
00000000
00000000
00000000
00000000
00000000
00000000
00000000
00000000
00000000
00000000
00000000
00000000
00000000
00000000
00000000
70000000
00000000
00000000
00000000
00000000
00000000
00000000
00000000
00000000
00000000
00000000
00000000
00000000
00000000
00000000
00000000
00000000
10000014
00000001
01000000
00000001
024c0000
00000c40
30000000
10000014
00000001
01040000
00000001
024c0c40
00000c40
30000000
10000014
00000001
01080000
00000001
024c1880
00000c40
30000000
10000014
00000001
010c0000
00000001
024c24c0
00000c40
30000000
10000014
00000001
01100000
00000001
024c3100
00000c40
30000000
10000014
00000001
01140000
00000001
024c3d40
00000c40
30000000
10000014
00000001
01180000
00000001
024c4980
00000c40
30000000
10000014
00000001
011c0000
00000001
024c55c0
00000c40
30000000
21000030
00000001
004c0000
00000000
00000010
00000007
00000007
00000c10
00000410
001a0400
00000200
00000000
00000000
40000000
21000030
00000001
004c0c40
00000000
00000010
00000007
00000007
00000c50
00000450
001a0440
00000200
00000000
00000000
40000000
21000030
00000001
004c1880
00000000
00000010
00000007
00000007
00000c90
00000490
001a0480
00000200
00000000
00000000
40000000
21000030
00000001
004c24c0
00000000
00000010
00000007
00000007
00000cd0
000004d0
001a04c0
00000200
00000000
00000000
40000000
21000030
00000001
004c3100
00000000
00000010
00000007
00000007
00000d10
00000510
001a0500
00000200
00000000
00000000
40000000
21000030
00000001
004c3d40
00000000
00000010
00000007
00000007
00000d50
00000550
001a0540
00000200
00000000
00000000
40000000
21000030
00000001
004c4980
00000000
00000010
00000007
00000007
00000d90
00000590
001a0580
00000200
00000000
00000000
40000000
21000030
00000001
004c55c0
00000000
00000010
00000007
00000007
00000dd0
000005d0
001a05c0
00000200
00000000
00000000
40000000
10000014
00000001
027cbc60
00000001
03000000
00001010
30000000
10000014
00000000
0057f000
00000001
00000000
00009000
30000000
10000014
00000000
00588000
00000001
00080000
00009000
30000000
10000014
00000000
00591000
00000001
00100000
00009000
30000000
10000014
00000000
0059a000
00000001
00180000
00009000
30000000
10000014
00000000
005a3000
00000001
00200000
00009000
30000000
10000014
00000000
005ac000
00000001
00280000
00009000
30000000
10000014
00000000
005b5000
00000001
00300000
00009000
30000000
10000014
00000000
005be000
00000001
00380000
00009000
30000000
20000030
00000007
005a0000
00000000
00000100
0000000e
0000000e
00000000
00000000
004c0000
03032211
00000007
00000007
40000000
10000014
00000001
024c0000
00000001
00009000
0001b900
30000000
10000014
00000001
024c0000
00000001
00089000
0001b900
30000000
10000014
00000001
024c0000
00000001
00109000
0001b900
30000000
10000014
00000001
024c0000
00000001
00189000
0001b900
30000000
10000014
00000001
024c0000
00000001
00209000
0001b900
30000000
10000014
00000001
024c0000
00000001
00289000
0001b900
30000000
10000014
00000001
024c0000
00000001
00309000
0001b900
30000000
10000014
00000001
024c0000
00000001
00389000
0001b900
30000000
90000060
00000031
00002406
000000ff
00000000
00000900
00000090
00000004
00000000
00000000
00000000
00000000
00000000
00000000
00000000
00000000
00000000
00000000
00000000
00000000
00000000
00000000
00000000
00000000
00000000
70000000
00000000
00000000
00000000
00000000
00000000
00000000
00000000
00000000
00000000
00000000
00000000
00000000
00000000
00000000
00000000
00000000
10000014
00000001
01000000
00000001
024c0000
00000c40
30000000
10000014
00000001
01040000
00000001
024c0c40
00000c40
30000000
10000014
00000001
01080000
00000001
024c1880
00000c40
30000000
10000014
00000001
010c0000
00000001
024c24c0
00000c40
30000000
10000014
00000001
01100000
00000001
024c3100
00000c40
30000000
10000014
00000001
01140000
00000001
024c3d40
00000c40
30000000
10000014
00000001
01180000
00000001
024c4980
00000c40
30000000
10000014
00000001
011c0000
00000001
024c55c0
00000c40
30000000
21000030
00000001
004c0000
00000000
00000010
00000007
00000007
00000e10
00000610
001a0600
00000200
00000000
00000000
40000000
21000030
00000001
004c0c40
00000000
00000010
00000007
00000007
00000e50
00000650
001a0640
00000200
00000000
00000000
40000000
21000030
00000001
004c1880
00000000
00000010
00000007
00000007
00000e90
00000690
001a0680
00000200
00000000
00000000
40000000
21000030
00000001
004c24c0
00000000
00000010
00000007
00000007
00000ed0
000006d0
001a06c0
00000200
00000000
00000000
40000000
21000030
00000001
004c3100
00000000
00000010
00000007
00000007
00000f10
00000710
001a0700
00000200
00000000
00000000
40000000
21000030
00000001
004c3d40
00000000
00000010
00000007
00000007
00000f50
00000750
001a0740
00000200
00000000
00000000
40000000
21000030
00000001
004c4980
00000000
00000010
00000007
00000007
00000f90
00000790
001a0780
00000200
00000000
00000000
40000000
21000030
00000001
004c55c0
00000000
00000010
00000007
00000007
00000fd0
000007d0
001a07c0
00000200
00000000
00000000
40000000
10000014
00000001
027cac50
00000001
03000000
00001010
30000000
20000030
00000003
001a0000
00000000
00000200
00000007
00000007
00000000
00000000
005a0000
00000000
00000000
00000000
40000000
24000030
00000001
005a0000
00000000
00000200
00000007
00000007
00000810
00000010
001a0000
00000000
00000000
00000000
40000000
10000014
00000001
027cdc80
00000001
03000000
00001010
30000000
10000014
00000000
005c7000
00000001
00000000
00012000
30000000
10000014
00000000
005d9000
00000001
00080000
00012000
30000000
10000014
00000000
005eb000
00000001
00100000
00012000
30000000
10000014
00000000
005fd000
00000001
00180000
00012000
30000000
10000014
00000000
0060f000
00000001
00200000
00012000
30000000
10000014
00000000
00621000
00000001
00280000
00012000
30000000
10000014
00000000
00633000
00000001
00300000
00012000
30000000
10000014
00000000
00645000
00000001
00380000
00012000
30000000
20000030
00000003
001a0000
00000000
00000200
00000007
00000007
00000000
00000000
001a0000
00000000
00000000
00000000
40000000
20000030
00000007
001a0000
00000000
00000200
00000007
00000007
00000000
00000000
004c0000
03031111
00000007
00000007
40000000
10000014
00000001
024c0000
00000001
00012000
00037200
30000000
10000014
00000001
024c0000
00000001
00092000
00037200
30000000
10000014
00000001
024c0000
00000001
00112000
00037200
30000000
10000014
00000001
024c0000
00000001
00192000
00037200
30000000
10000014
00000001
024c0000
00000001
00212000
00037200
30000000
10000014
00000001
024c0000
00000001
00292000
00037200
30000000
10000014
00000001
024c0000
00000001
00312000
00037200
30000000
10000014
00000001
024c0000
00000001
00392000
00037200
30000000
90000060
00000031
00004806
000000ff
00000000
00001200
00000120
00000004
00000000
00000000
00000000
00000000
00000000
00000000
00000000
00000000
00000000
00000000
00000000
00000000
00000000
00000000
00000000
00000000
00000000
70000000
00000000
00000000
00000000
00000000
00000000
00000000
00000000
00000000
00000000
00000000
00000000
00000000
00000000
00000000
00000000
00000000
10000014
00000001
01000000
00000001
024c0000
00000c40
30000000
10000014
00000001
01040000
00000001
024c0c40
00000c40
30000000
10000014
00000001
01080000
00000001
024c1880
00000c40
30000000
10000014
00000001
010c0000
00000001
024c24c0
00000c40
30000000
10000014
00000001
01100000
00000001
024c3100
00000c40
30000000
10000014
00000001
01140000
00000001
024c3d40
00000c40
30000000
10000014
00000001
01180000
00000001
024c4980
00000c40
30000000
10000014
00000001
011c0000
00000001
024c55c0
00000c40
30000000
20000030
00000001
004c0000
00000000
00000010
00000007
00000007
00000810
00000010
005a0000
00000200
00000000
00000000
40000000
20000030
00000001
004c0c40
00000000
00000010
00000007
00000007
00000850
00000050
005a0040
00000200
00000000
00000000
40000000
20000030
00000001
004c1880
00000000
00000010
00000007
00000007
00000890
00000090
005a0080
00000200
00000000
00000000
40000000
20000030
00000001
004c24c0
00000000
00000010
00000007
00000007
000008d0
000000d0
005a00c0
00000200
00000000
00000000
40000000
20000030
00000001
004c3100
00000000
00000010
00000007
00000007
00000910
00000110
005a0100
00000200
00000000
00000000
40000000
20000030
00000001
004c3d40
00000000
00000010
00000007
00000007
00000950
00000150
005a0140
00000200
00000000
00000000
40000000
20000030
00000001
004c4980
00000000
00000010
00000007
00000007
00000990
00000190
005a0180
00000200
00000000
00000000
40000000
20000030
00000001
004c55c0
00000000
00000010
00000007
00000007
000009d0
000001d0
005a01c0
00000200
00000000
00000000
40000000
10000014
00000001
027cdc80
00000001
03000000
00001010
30000000
10000014
00000000
00657000
00000001
00000000
00012000
30000000
10000014
00000000
00669000
00000001
00080000
00012000
30000000
10000014
00000000
0067b000
00000001
00100000
00012000
30000000
10000014
00000000
0068d000
00000001
00180000
00012000
30000000
10000014
00000000
0069f000
00000001
00200000
00012000
30000000
10000014
00000000
006b1000
00000001
00280000
00012000
30000000
10000014
00000000
006c3000
00000001
00300000
00012000
30000000
10000014
00000000
006d5000
00000001
00380000
00012000
30000000
20000030
00000007
001a0000
00000000
00000200
00000007
00000007
00000000
00000000
004c0000
03031111
00000007
00000007
40000000
10000014
00000001
024c0000
00000001
00012000
00037200
30000000
10000014
00000001
024c0000
00000001
00092000
00037200
30000000
10000014
00000001
024c0000
00000001
00112000
00037200
30000000
10000014
00000001
024c0000
00000001
00192000
00037200
30000000
10000014
00000001
024c0000
00000001
00212000
00037200
30000000
10000014
00000001
024c0000
00000001
00292000
00037200
30000000
10000014
00000001
024c0000
00000001
00312000
00037200
30000000
10000014
00000001
024c0000
00000001
00392000
00037200
30000000
90000060
00000031
00004806
000000ff
00000000
00001200
00000120
00000004
00000000
00000000
00000000
00000000
00000000
00000000
00000000
00000000
00000000
00000000
00000000
00000000
00000000
00000000
00000000
00000000
00000000
70000000
00000000
00000000
00000000
00000000
00000000
00000000
00000000
00000000
00000000
00000000
00000000
00000000
00000000
00000000
00000000
00000000
10000014
00000001
01000000
00000001
024c0000
00000c40
30000000
10000014
00000001
01040000
00000001
024c0c40
00000c40
30000000
10000014
00000001
01080000
00000001
024c1880
00000c40
30000000
10000014
00000001
010c0000
00000001
024c24c0
00000c40
30000000
10000014
00000001
01100000
00000001
024c3100
00000c40
30000000
10000014
00000001
01140000
00000001
024c3d40
00000c40
30000000
10000014
00000001
01180000
00000001
024c4980
00000c40
30000000
10000014
00000001
011c0000
00000001
024c55c0
00000c40
30000000
20000030
00000001
004c0000
00000000
00000010
00000007
00000007
00000a10
00000210
005a0200
00000200
00000000
00000000
40000000
20000030
00000001
004c0c40
00000000
00000010
00000007
00000007
00000a50
00000250
005a0240
00000200
00000000
00000000
40000000
20000030
00000001
004c1880
00000000
00000010
00000007
00000007
00000a90
00000290
005a0280
00000200
00000000
00000000
40000000
20000030
00000001
004c24c0
00000000
00000010
00000007
00000007
00000ad0
000002d0
005a02c0
00000200
00000000
00000000
40000000
20000030
00000001
004c3100
00000000
00000010
00000007
00000007
00000b10
00000310
005a0300
00000200
00000000
00000000
40000000
20000030
00000001
004c3d40
00000000
00000010
00000007
00000007
00000b50
00000350
005a0340
00000200
00000000
00000000
40000000
20000030
00000001
004c4980
00000000
00000010
00000007
00000007
00000b90
00000390
005a0380
00000200
00000000
00000000
40000000
20000030
00000001
004c55c0
00000000
00000010
00000007
00000007
00000bd0
000003d0
005a03c0
00000200
00000000
00000000
40000000
10000014
00000001
027cdc80
00000001
03000000
00001010
30000000
10000014
00000000
006e7000
00000001
00000000
00012000
30000000
10000014
00000000
006f9000
00000001
00080000
00012000
30000000
10000014
00000000
0070b000
00000001
00100000
00012000
30000000
10000014
00000000
0071d000
00000001
00180000
00012000
30000000
10000014
00000000
0072f000
00000001
00200000
00012000
30000000
10000014
00000000
00741000
00000001
00280000
00012000
30000000
10000014
00000000
00753000
00000001
00300000
00012000
30000000
10000014
00000000
00765000
00000001
00380000
00012000
30000000
20000030
00000007
001a0000
00000000
00000200
00000007
00000007
00000000
00000000
004c0000
03031111
00000007
00000007
40000000
10000014
00000001
024c0000
00000001
00012000
00037200
30000000
10000014
00000001
024c0000
00000001
00092000
00037200
30000000
10000014
00000001
024c0000
00000001
00112000
00037200
30000000
10000014
00000001
024c0000
00000001
00192000
00037200
30000000
10000014
00000001
024c0000
00000001
00212000
00037200
30000000
10000014
00000001
024c0000
00000001
00292000
00037200
30000000
10000014
00000001
024c0000
00000001
00312000
00037200
30000000
10000014
00000001
024c0000
00000001
00392000
00037200
30000000
90000060
00000031
00004806
000000ff
00000000
00001200
00000120
00000004
00000000
00000000
00000000
00000000
00000000
00000000
00000000
00000000
00000000
00000000
00000000
00000000
00000000
00000000
00000000
00000000
00000000
70000000
00000000
00000000
00000000
00000000
00000000
00000000
00000000
00000000
00000000
00000000
00000000
00000000
00000000
00000000
00000000
00000000
10000014
00000001
01000000
00000001
024c0000
00000c40
30000000
10000014
00000001
01040000
00000001
024c0c40
00000c40
30000000
10000014
00000001
01080000
00000001
024c1880
00000c40
30000000
10000014
00000001
010c0000
00000001
024c24c0
00000c40
30000000
10000014
00000001
01100000
00000001
024c3100
00000c40
30000000
10000014
00000001
01140000
00000001
024c3d40
00000c40
30000000
10000014
00000001
01180000
00000001
024c4980
00000c40
30000000
10000014
00000001
011c0000
00000001
024c55c0
00000c40
30000000
20000030
00000001
004c0000
00000000
00000010
00000007
00000007
00000c10
00000410
005a0400
00000200
00000000
00000000
40000000
20000030
00000001
004c0c40
00000000
00000010
00000007
00000007
00000c50
00000450
005a0440
00000200
00000000
00000000
40000000
20000030
00000001
004c1880
00000000
00000010
00000007
00000007
00000c90
00000490
005a0480
00000200
00000000
00000000
40000000
20000030
00000001
004c24c0
00000000
00000010
00000007
00000007
00000cd0
000004d0
005a04c0
00000200
00000000
00000000
40000000
20000030
00000001
004c3100
00000000
00000010
00000007
00000007
00000d10
00000510
005a0500
00000200
00000000
00000000
40000000
20000030
00000001
004c3d40
00000000
00000010
00000007
00000007
00000d50
00000550
005a0540
00000200
00000000
00000000
40000000
20000030
00000001
004c4980
00000000
00000010
00000007
00000007
00000d90
00000590
005a0580
00000200
00000000
00000000
40000000
20000030
00000001
004c55c0
00000000
00000010
00000007
00000007
00000dd0
000005d0
005a05c0
00000200
00000000
00000000
40000000
10000014
00000001
027cdc80
00000001
03000000
00001010
30000000
10000014
00000000
00777000
00000001
00000000
00012000
30000000
10000014
00000000
00789000
00000001
00080000
00012000
30000000
10000014
00000000
0079b000
00000001
00100000
00012000
30000000
10000014
00000000
007ad000
00000001
00180000
00012000
30000000
10000014
00000000
007bf000
00000001
00200000
00012000
30000000
10000014
00000000
007d1000
00000001
00280000
00012000
30000000
10000014
00000000
007e3000
00000001
00300000
00012000
30000000
10000014
00000000
007f5000
00000001
00380000
00012000
30000000
20000030
00000007
001a0000
00000000
00000200
00000007
00000007
00000000
00000000
004c0000
03031111
00000007
00000007
40000000
10000014
00000001
024c0000
00000001
00012000
00037200
30000000
10000014
00000001
024c0000
00000001
00092000
00037200
30000000
10000014
00000001
024c0000
00000001
00112000
00037200
30000000
10000014
00000001
024c0000
00000001
00192000
00037200
30000000
10000014
00000001
024c0000
00000001
00212000
00037200
30000000
10000014
00000001
024c0000
00000001
00292000
00037200
30000000
10000014
00000001
024c0000
00000001
00312000
00037200
30000000
10000014
00000001
024c0000
00000001
00392000
00037200
30000000
90000060
00000031
00004806
000000ff
00000000
00001200
00000120
00000004
00000000
00000000
00000000
00000000
00000000
00000000
00000000
00000000
00000000
00000000
00000000
00000000
00000000
00000000
00000000
00000000
00000000
70000000
00000000
00000000
00000000
00000000
00000000
00000000
00000000
00000000
00000000
00000000
00000000
00000000
00000000
00000000
00000000
00000000
10000014
00000001
01000000
00000001
024c0000
00000c40
30000000
10000014
00000001
01040000
00000001
024c0c40
00000c40
30000000
10000014
00000001
01080000
00000001
024c1880
00000c40
30000000
10000014
00000001
010c0000
00000001
024c24c0
00000c40
30000000
10000014
00000001
01100000
00000001
024c3100
00000c40
30000000
10000014
00000001
01140000
00000001
024c3d40
00000c40
30000000
10000014
00000001
01180000
00000001
024c4980
00000c40
30000000
10000014
00000001
011c0000
00000001
024c55c0
00000c40
30000000
20000030
00000001
004c0000
00000000
00000010
00000007
00000007
00000e10
00000610
005a0600
00000200
00000000
00000000
40000000
20000030
00000001
004c0c40
00000000
00000010
00000007
00000007
00000e50
00000650
005a0640
00000200
00000000
00000000
40000000
20000030
00000001
004c1880
00000000
00000010
00000007
00000007
00000e90
00000690
005a0680
00000200
00000000
00000000
40000000
20000030
00000001
004c24c0
00000000
00000010
00000007
00000007
00000ed0
000006d0
005a06c0
00000200
00000000
00000000
40000000
20000030
00000001
004c3100
00000000
00000010
00000007
00000007
00000f10
00000710
005a0700
00000200
00000000
00000000
40000000
20000030
00000001
004c3d40
00000000
00000010
00000007
00000007
00000f50
00000750
005a0740
00000200
00000000
00000000
40000000
20000030
00000001
004c4980
00000000
00000010
00000007
00000007
00000f90
00000790
005a0780
00000200
00000000
00000000
40000000
20000030
00000001
004c55c0
00000000
00000010
00000007
00000007
00000fd0
000007d0
005a07c0
00000200
00000000
00000000
40000000
10000014
00000001
027ccc70
00000001
03000000
00001010
30000000
20000030
00000003
005a0000
00000000
00000200
00000007
00000007
00000000
00000000
005b8800
00000000
00000000
00000000
40000000
24000030
00000001
005b8800
00000000
00000200
00000007
00000007
00000810
00000010
005a0000
00000000
00000000
00000000
40000000
10000014
00000001
027cfca0
00000001
03000000
00001010
30000000
10000014
00000000
00807000
00000001
00000000
00001000
30000000
10000014
00000000
00808000
00000001
00080000
00001000
30000000
10000014
00000000
00809000
00000001
00100000
00001000
30000000
10000014
00000000
0080a000
00000001
00180000
00001000
30000000
10000014
00000000
0080b000
00000001
00200000
00001000
30000000
10000014
00000000
0080c000
00000001
00280000
00001000
30000000
10000014
00000000
0080d000
00000001
00300000
00001000
30000000
10000014
00000000
0080e000
00000001
00380000
00001000
30000000
20000030
00000003
00000000
00000000
00000100
0000000e
0000000e
00000000
00000000
001a0000
00000000
00000000
00000000
40000000
20000030
00000007
001a0000
00000000
00000100
0000000d
0000000e
00000000
00000000
004c0000
01012200
00000007
00000007
40000000
10000014
00000001
024c0000
00000001
00001000
00003100
30000000
10000014
00000001
024c0000
00000001
00081000
00003100
30000000
10000014
00000001
024c0000
00000001
00101000
00003100
30000000
10000014
00000001
024c0000
00000001
00181000
00003100
30000000
10000014
00000001
024c0000
00000001
00201000
00003100
30000000
10000014
00000001
024c0000
00000001
00281000
00003100
30000000
10000014
00000001
024c0000
00000001
00301000
00003100
30000000
10000014
00000001
024c0000
00000001
00381000
00003100
30000000
90000060
00000031
00000406
000000ff
00000000
00000100
00000010
00000004
00000000
00000000
00000000
00000000
00000000
00000000
00000000
00000000
00000000
00000000
00000000
00000000
00000000
00000000
00000000
00000000
00000000
70000000
00000000
00000000
00000000
00000000
00000000
00000000
00000000
00000000
00000000
00000000
00000000
00000000
00000000
00000000
00000000
00000000
10000014
00000001
01000000
00000001
024c0000
00000c40
30000000
10000014
00000001
01040000
00000001
024c0c40
00000c40
30000000
10000014
00000001
01080000
00000001
024c1880
00000c40
30000000
10000014
00000001
010c0000
00000001
024c24c0
00000c40
30000000
10000014
00000001
01100000
00000001
024c3100
00000c40
30000000
10000014
00000001
01140000
00000001
024c3d40
00000c40
30000000
10000014
00000001
01180000
00000001
024c4980
00000c40
30000000
10000014
00000001
011c0000
00000001
024c55c0
00000c40
30000000
20000030
00000001
004c0000
00000000
00000010
00000007
00000007
00000810
00000010
005b8800
00000200
00000000
00000000
40000000
20000030
00000001
004c0c40
00000000
00000010
00000007
00000007
00000850
00000050
005b8840
00000200
00000000
00000000
40000000
20000030
00000001
004c1880
00000000
00000010
00000007
00000007
00000890
00000090
005b8880
00000200
00000000
00000000
40000000
20000030
00000001
004c24c0
00000000
00000010
00000007
00000007
000008d0
000000d0
005b88c0
00000200
00000000
00000000
40000000
20000030
00000001
004c3100
00000000
00000010
00000007
00000007
00000910
00000110
005b8900
00000200
00000000
00000000
40000000
20000030
00000001
004c3d40
00000000
00000010
00000007
00000007
00000950
00000150
005b8940
00000200
00000000
00000000
40000000
20000030
00000001
004c4980
00000000
00000010
00000007
00000007
00000990
00000190
005b8980
00000200
00000000
00000000
40000000
20000030
00000001
004c55c0
00000000
00000010
00000007
00000007
000009d0
000001d0
005b89c0
00000200
00000000
00000000
40000000
10000014
00000001
027cfca0
00000001
03000000
00001010
30000000
10000014
00000000
0080f000
00000001
00000000
00001000
30000000
10000014
00000000
00810000
00000001
00080000
00001000
30000000
10000014
00000000
00811000
00000001
00100000
00001000
30000000
10000014
00000000
00812000
00000001
00180000
00001000
30000000
10000014
00000000
00813000
00000001
00200000
00001000
30000000
10000014
00000000
00814000
00000001
00280000
00001000
30000000
10000014
00000000
00815000
00000001
00300000
00001000
30000000
10000014
00000000
00816000
00000001
00380000
00001000
30000000
20000030
00000007
001a0000
00000000
00000100
0000000d
0000000e
00000000
00000000
004c0000
01012200
00000007
00000007
40000000
10000014
00000001
024c0000
00000001
00001000
00003100
30000000
10000014
00000001
024c0000
00000001
00081000
00003100
30000000
10000014
00000001
024c0000
00000001
00101000
00003100
30000000
10000014
00000001
024c0000
00000001
00181000
00003100
30000000
10000014
00000001
024c0000
00000001
00201000
00003100
30000000
10000014
00000001
024c0000
00000001
00281000
00003100
30000000
10000014
00000001
024c0000
00000001
00301000
00003100
30000000
10000014
00000001
024c0000
00000001
00381000
00003100
30000000
90000060
00000031
00000406
000000ff
00000000
00000100
00000010
00000004
00000000
00000000
00000000
00000000
00000000
00000000
00000000
00000000
00000000
00000000
00000000
00000000
00000000
00000000
00000000
00000000
00000000
70000000
00000000
00000000
00000000
00000000
00000000
00000000
00000000
00000000
00000000
00000000
00000000
00000000
00000000
00000000
00000000
00000000
10000014
00000001
01000000
00000001
024c0000
00000c40
30000000
10000014
00000001
01040000
00000001
024c0c40
00000c40
30000000
10000014
00000001
01080000
00000001
024c1880
00000c40
30000000
10000014
00000001
010c0000
00000001
024c24c0
00000c40
30000000
10000014
00000001
01100000
00000001
024c3100
00000c40
30000000
10000014
00000001
01140000
00000001
024c3d40
00000c40
30000000
10000014
00000001
01180000
00000001
024c4980
00000c40
30000000
10000014
00000001
011c0000
00000001
024c55c0
00000c40
30000000
20000030
00000001
004c0000
00000000
00000010
00000007
00000007
00000a10
00000210
005b8a00
00000200
00000000
00000000
40000000
20000030
00000001
004c0c40
00000000
00000010
00000007
00000007
00000a50
00000250
005b8a40
00000200
00000000
00000000
40000000
20000030
00000001
004c1880
00000000
00000010
00000007
00000007
00000a90
00000290
005b8a80
00000200
00000000
00000000
40000000
20000030
00000001
004c24c0
00000000
00000010
00000007
00000007
00000ad0
000002d0
005b8ac0
00000200
00000000
00000000
40000000
20000030
00000001
004c3100
00000000
00000010
00000007
00000007
00000b10
00000310
005b8b00
00000200
00000000
00000000
40000000
20000030
00000001
004c3d40
00000000
00000010
00000007
00000007
00000b50
00000350
005b8b40
00000200
00000000
00000000
40000000
20000030
00000001
004c4980
00000000
00000010
00000007
00000007
00000b90
00000390
005b8b80
00000200
00000000
00000000
40000000
20000030
00000001
004c55c0
00000000
00000010
00000007
00000007
00000bd0
000003d0
005b8bc0
00000200
00000000
00000000
40000000
10000014
00000001
027cfca0
00000001
03000000
00001010
30000000
10000014
00000000
00817000
00000001
00000000
00001000
30000000
10000014
00000000
00818000
00000001
00080000
00001000
30000000
10000014
00000000
00819000
00000001
00100000
00001000
30000000
10000014
00000000
0081a000
00000001
00180000
00001000
30000000
10000014
00000000
0081b000
00000001
00200000
00001000
30000000
10000014
00000000
0081c000
00000001
00280000
00001000
30000000
10000014
00000000
0081d000
00000001
00300000
00001000
30000000
10000014
00000000
0081e000
00000001
00380000
00001000
30000000
20000030
00000007
001a0000
00000000
00000100
0000000d
0000000e
00000000
00000000
004c0000
01012200
00000007
00000007
40000000
10000014
00000001
024c0000
00000001
00001000
00003100
30000000
10000014
00000001
024c0000
00000001
00081000
00003100
30000000
10000014
00000001
024c0000
00000001
00101000
00003100
30000000
10000014
00000001
024c0000
00000001
00181000
00003100
30000000
10000014
00000001
024c0000
00000001
00201000
00003100
30000000
10000014
00000001
024c0000
00000001
00281000
00003100
30000000
10000014
00000001
024c0000
00000001
00301000
00003100
30000000
10000014
00000001
024c0000
00000001
00381000
00003100
30000000
90000060
00000031
00000406
000000ff
00000000
00000100
00000010
00000004
00000000
00000000
00000000
00000000
00000000
00000000
00000000
00000000
00000000
00000000
00000000
00000000
00000000
00000000
00000000
00000000
00000000
70000000
00000000
00000000
00000000
00000000
00000000
00000000
00000000
00000000
00000000
00000000
00000000
00000000
00000000
00000000
00000000
00000000
10000014
00000001
01000000
00000001
024c0000
00000c40
30000000
10000014
00000001
01040000
00000001
024c0c40
00000c40
30000000
10000014
00000001
01080000
00000001
024c1880
00000c40
30000000
10000014
00000001
010c0000
00000001
024c24c0
00000c40
30000000
10000014
00000001
01100000
00000001
024c3100
00000c40
30000000
10000014
00000001
01140000
00000001
024c3d40
00000c40
30000000
10000014
00000001
01180000
00000001
024c4980
00000c40
30000000
10000014
00000001
011c0000
00000001
024c55c0
00000c40
30000000
20000030
00000001
004c0000
00000000
00000010
00000007
00000007
00000c10
00000410
005b8c00
00000200
00000000
00000000
40000000
20000030
00000001
004c0c40
00000000
00000010
00000007
00000007
00000c50
00000450
005b8c40
00000200
00000000
00000000
40000000
20000030
00000001
004c1880
00000000
00000010
00000007
00000007
00000c90
00000490
005b8c80
00000200
00000000
00000000
40000000
20000030
00000001
004c24c0
00000000
00000010
00000007
00000007
00000cd0
000004d0
005b8cc0
00000200
00000000
00000000
40000000
20000030
00000001
004c3100
00000000
00000010
00000007
00000007
00000d10
00000510
005b8d00
00000200
00000000
00000000
40000000
20000030
00000001
004c3d40
00000000
00000010
00000007
00000007
00000d50
00000550
005b8d40
00000200
00000000
00000000
40000000
20000030
00000001
004c4980
00000000
00000010
00000007
00000007
00000d90
00000590
005b8d80
00000200
00000000
00000000
40000000
20000030
00000001
004c55c0
00000000
00000010
00000007
00000007
00000dd0
000005d0
005b8dc0
00000200
00000000
00000000
40000000
10000014
00000001
027cfca0
00000001
03000000
00001010
30000000
10000014
00000000
0081f000
00000001
00000000
00001000
30000000
10000014
00000000
00820000
00000001
00080000
00001000
30000000
10000014
00000000
00821000
00000001
00100000
00001000
30000000
10000014
00000000
00822000
00000001
00180000
00001000
30000000
10000014
00000000
00823000
00000001
00200000
00001000
30000000
10000014
00000000
00824000
00000001
00280000
00001000
30000000
10000014
00000000
00825000
00000001
00300000
00001000
30000000
10000014
00000000
00826000
00000001
00380000
00001000
30000000
20000030
00000007
001a0000
00000000
00000100
0000000d
0000000e
00000000
00000000
004c0000
01012200
00000007
00000007
40000000
10000014
00000001
024c0000
00000001
00001000
00003100
30000000
10000014
00000001
024c0000
00000001
00081000
00003100
30000000
10000014
00000001
024c0000
00000001
00101000
00003100
30000000
10000014
00000001
024c0000
00000001
00181000
00003100
30000000
10000014
00000001
024c0000
00000001
00201000
00003100
30000000
10000014
00000001
024c0000
00000001
00281000
00003100
30000000
10000014
00000001
024c0000
00000001
00301000
00003100
30000000
10000014
00000001
024c0000
00000001
00381000
00003100
30000000
90000060
00000031
00000406
000000ff
00000000
00000100
00000010
00000004
00000000
00000000
00000000
00000000
00000000
00000000
00000000
00000000
00000000
00000000
00000000
00000000
00000000
00000000
00000000
00000000
00000000
70000000
00000000
00000000
00000000
00000000
00000000
00000000
00000000
00000000
00000000
00000000
00000000
00000000
00000000
00000000
00000000
00000000
10000014
00000001
01000000
00000001
024c0000
00000c40
30000000
10000014
00000001
01040000
00000001
024c0c40
00000c40
30000000
10000014
00000001
01080000
00000001
024c1880
00000c40
30000000
10000014
00000001
010c0000
00000001
024c24c0
00000c40
30000000
10000014
00000001
01100000
00000001
024c3100
00000c40
30000000
10000014
00000001
01140000
00000001
024c3d40
00000c40
30000000
10000014
00000001
01180000
00000001
024c4980
00000c40
30000000
10000014
00000001
011c0000
00000001
024c55c0
00000c40
30000000
20000030
00000001
004c0000
00000000
00000010
00000007
00000007
00000e10
00000610
005b8e00
00000200
00000000
00000000
40000000
20000030
00000001
004c0c40
00000000
00000010
00000007
00000007
00000e50
00000650
005b8e40
00000200
00000000
00000000
40000000
20000030
00000001
004c1880
00000000
00000010
00000007
00000007
00000e90
00000690
005b8e80
00000200
00000000
00000000
40000000
20000030
00000001
004c24c0
00000000
00000010
00000007
00000007
00000ed0
000006d0
005b8ec0
00000200
00000000
00000000
40000000
20000030
00000001
004c3100
00000000
00000010
00000007
00000007
00000f10
00000710
005b8f00
00000200
00000000
00000000
40000000
20000030
00000001
004c3d40
00000000
00000010
00000007
00000007
00000f50
00000750
005b8f40
00000200
00000000
00000000
40000000
20000030
00000001
004c4980
00000000
00000010
00000007
00000007
00000f90
00000790
005b8f80
00000200
00000000
00000000
40000000
20000030
00000001
004c55c0
00000000
00000010
00000007
00000007
00000fd0
000007d0
005b8fc0
00000200
00000000
00000000
40000000
10000014
00000001
027cec90
00000001
03000000
00001010
30000000
20000030
00000003
005b8800
00000000
00000200
00000007
00000007
00000000
00000000
005d1000
00000000
00000000
00000000
40000000
24000030
00000001
005d1000
00000000
00000200
00000007
00000007
00000810
00000010
005b8800
00000000
00000000
00000000
40000000
10000014
00000001
027d0cb0
00000001
03000000
00001010
30000000
20000030
00000006
005a0000
005b8800
00000200
00000007
00000007
00000000
00000000
001a0000
00000001
00000000
00000000
40000000
20000030
00000003
001a0000
00000000
00000200
00000007
00000007
00000000
00000000
005d1000
00000000
00000000
00000000
40000000
24000030
00000001
005d1000
00000000
00000200
00000007
00000007
00000810
00000010
001a0000
00000000
00000000
00000000
40000000
10000014
00000001
027d2cd0
00000001
03000000
00001010
30000000
10000014
00000000
00827000
00000001
00000000
00012000
30000000
10000014
00000000
00839000
00000001
00080000
00012000
30000000
10000014
00000000
0084b000
00000001
00100000
00012000
30000000
10000014
00000000
0085d000
00000001
00180000
00012000
30000000
10000014
00000000
0086f000
00000001
00200000
00012000
30000000
10000014
00000000
00881000
00000001
00280000
00012000
30000000
10000014
00000000
00893000
00000001
00300000
00012000
30000000
10000014
00000000
008a5000
00000001
00380000
00012000
30000000
20000030
00000003
001a0000
00000000
00000200
00000007
00000007
00000000
00000000
005a0000
00000000
00000000
00000000
40000000
20000030
00000007
005a0000
00000000
00000200
00000007
00000007
00000000
00000000
004c0000
03031111
00000007
00000007
40000000
10000014
00000001
024c0000
00000001
00012000
00037200
30000000
10000014
00000001
024c0000
00000001
00092000
00037200
30000000
10000014
00000001
024c0000
00000001
00112000
00037200
30000000
10000014
00000001
024c0000
00000001
00192000
00037200
30000000
10000014
00000001
024c0000
00000001
00212000
00037200
30000000
10000014
00000001
024c0000
00000001
00292000
00037200
30000000
10000014
00000001
024c0000
00000001
00312000
00037200
30000000
10000014
00000001
024c0000
00000001
00392000
00037200
30000000
90000060
00000031
00004806
000000ff
00000000
00001200
00000120
00000004
00000000
00000000
00000000
00000000
00000000
00000000
00000000
00000000
00000000
00000000
00000000
00000000
00000000
00000000
00000000
00000000
00000000
70000000
00000000
00000000
00000000
00000000
00000000
00000000
00000000
00000000
00000000
00000000
00000000
00000000
00000000
00000000
00000000
00000000
10000014
00000001
01000000
00000001
024c0000
00000c40
30000000
10000014
00000001
01040000
00000001
024c0c40
00000c40
30000000
10000014
00000001
01080000
00000001
024c1880
00000c40
30000000
10000014
00000001
010c0000
00000001
024c24c0
00000c40
30000000
10000014
00000001
01100000
00000001
024c3100
00000c40
30000000
10000014
00000001
01140000
00000001
024c3d40
00000c40
30000000
10000014
00000001
01180000
00000001
024c4980
00000c40
30000000
10000014
00000001
011c0000
00000001
024c55c0
00000c40
30000000
21000030
00000001
004c0000
00000000
00000010
00000007
00000007
00000810
00000010
00000000
00000200
00000000
00000000
40000000
21000030
00000001
004c0c40
00000000
00000010
00000007
00000007
00000850
00000050
00000040
00000200
00000000
00000000
40000000
21000030
00000001
004c1880
00000000
00000010
00000007
00000007
00000890
00000090
00000080
00000200
00000000
00000000
40000000
21000030
00000001
004c24c0
00000000
00000010
00000007
00000007
000008d0
000000d0
000000c0
00000200
00000000
00000000
40000000
21000030
00000001
004c3100
00000000
00000010
00000007
00000007
00000910
00000110
00000100
00000200
00000000
00000000
40000000
21000030
00000001
004c3d40
00000000
00000010
00000007
00000007
00000950
00000150
00000140
00000200
00000000
00000000
40000000
21000030
00000001
004c4980
00000000
00000010
00000007
00000007
00000990
00000190
00000180
00000200
00000000
00000000
40000000
21000030
00000001
004c55c0
00000000
00000010
00000007
00000007
000009d0
000001d0
000001c0
00000200
00000000
00000000
40000000
10000014
00000001
027d2cd0
00000001
03000000
00001010
30000000
10000014
00000000
008b7000
00000001
00000000
00012000
30000000
10000014
00000000
008c9000
00000001
00080000
00012000
30000000
10000014
00000000
008db000
00000001
00100000
00012000
30000000
10000014
00000000
008ed000
00000001
00180000
00012000
30000000
10000014
00000000
008ff000
00000001
00200000
00012000
30000000
10000014
00000000
00911000
00000001
00280000
00012000
30000000
10000014
00000000
00923000
00000001
00300000
00012000
30000000
10000014
00000000
00935000
00000001
00380000
00012000
30000000
20000030
00000007
005a0000
00000000
00000200
00000007
00000007
00000000
00000000
004c0000
03031111
00000007
00000007
40000000
10000014
00000001
024c0000
00000001
00012000
00037200
30000000
10000014
00000001
024c0000
00000001
00092000
00037200
30000000
10000014
00000001
024c0000
00000001
00112000
00037200
30000000
10000014
00000001
024c0000
00000001
00192000
00037200
30000000
10000014
00000001
024c0000
00000001
00212000
00037200
30000000
10000014
00000001
024c0000
00000001
00292000
00037200
30000000
10000014
00000001
024c0000
00000001
00312000
00037200
30000000
10000014
00000001
024c0000
00000001
00392000
00037200
30000000
90000060
00000031
00004806
000000ff
00000000
00001200
00000120
00000004
00000000
00000000
00000000
00000000
00000000
00000000
00000000
00000000
00000000
00000000
00000000
00000000
00000000
00000000
00000000
00000000
00000000
70000000
00000000
00000000
00000000
00000000
00000000
00000000
00000000
00000000
00000000
00000000
00000000
00000000
00000000
00000000
00000000
00000000
10000014
00000001
01000000
00000001
024c0000
00000c40
30000000
10000014
00000001
01040000
00000001
024c0c40
00000c40
30000000
10000014
00000001
01080000
00000001
024c1880
00000c40
30000000
10000014
00000001
010c0000
00000001
024c24c0
00000c40
30000000
10000014
00000001
01100000
00000001
024c3100
00000c40
30000000
10000014
00000001
01140000
00000001
024c3d40
00000c40
30000000
10000014
00000001
01180000
00000001
024c4980
00000c40
30000000
10000014
00000001
011c0000
00000001
024c55c0
00000c40
30000000
21000030
00000001
004c0000
00000000
00000010
00000007
00000007
00000a10
00000210
00000200
00000200
00000000
00000000
40000000
21000030
00000001
004c0c40
00000000
00000010
00000007
00000007
00000a50
00000250
00000240
00000200
00000000
00000000
40000000
21000030
00000001
004c1880
00000000
00000010
00000007
00000007
00000a90
00000290
00000280
00000200
00000000
00000000
40000000
21000030
00000001
004c24c0
00000000
00000010
00000007
00000007
00000ad0
000002d0
000002c0
00000200
00000000
00000000
40000000
21000030
00000001
004c3100
00000000
00000010
00000007
00000007
00000b10
00000310
00000300
00000200
00000000
00000000
40000000
21000030
00000001
004c3d40
00000000
00000010
00000007
00000007
00000b50
00000350
00000340
00000200
00000000
00000000
40000000
21000030
00000001
004c4980
00000000
00000010
00000007
00000007
00000b90
00000390
00000380
00000200
00000000
00000000
40000000
21000030
00000001
004c55c0
00000000
00000010
00000007
00000007
00000bd0
000003d0
000003c0
00000200
00000000
00000000
40000000
10000014
00000001
027d2cd0
00000001
03000000
00001010
30000000
10000014
00000000
00947000
00000001
00000000
00012000
30000000
10000014
00000000
00959000
00000001
00080000
00012000
30000000
10000014
00000000
0096b000
00000001
00100000
00012000
30000000
10000014
00000000
0097d000
00000001
00180000
00012000
30000000
10000014
00000000
0098f000
00000001
00200000
00012000
30000000
10000014
00000000
009a1000
00000001
00280000
00012000
30000000
10000014
00000000
009b3000
00000001
00300000
00012000
30000000
10000014
00000000
009c5000
00000001
00380000
00012000
30000000
20000030
00000007
005a0000
00000000
00000200
00000007
00000007
00000000
00000000
004c0000
03031111
00000007
00000007
40000000
10000014
00000001
024c0000
00000001
00012000
00037200
30000000
10000014
00000001
024c0000
00000001
00092000
00037200
30000000
10000014
00000001
024c0000
00000001
00112000
00037200
30000000
10000014
00000001
024c0000
00000001
00192000
00037200
30000000
10000014
00000001
024c0000
00000001
00212000
00037200
30000000
10000014
00000001
024c0000
00000001
00292000
00037200
30000000
10000014
00000001
024c0000
00000001
00312000
00037200
30000000
10000014
00000001
024c0000
00000001
00392000
00037200
30000000
90000060
00000031
00004806
000000ff
00000000
00001200
00000120
00000004
00000000
00000000
00000000
00000000
00000000
00000000
00000000
00000000
00000000
00000000
00000000
00000000
00000000
00000000
00000000
00000000
00000000
70000000
00000000
00000000
00000000
00000000
00000000
00000000
00000000
00000000
00000000
00000000
00000000
00000000
00000000
00000000
00000000
00000000
10000014
00000001
01000000
00000001
024c0000
00000c40
30000000
10000014
00000001
01040000
00000001
024c0c40
00000c40
30000000
10000014
00000001
01080000
00000001
024c1880
00000c40
30000000
10000014
00000001
010c0000
00000001
024c24c0
00000c40
30000000
10000014
00000001
01100000
00000001
024c3100
00000c40
30000000
10000014
00000001
01140000
00000001
024c3d40
00000c40
30000000
10000014
00000001
01180000
00000001
024c4980
00000c40
30000000
10000014
00000001
011c0000
00000001
024c55c0
00000c40
30000000
21000030
00000001
004c0000
00000000
00000010
00000007
00000007
00000c10
00000410
00000400
00000200
00000000
00000000
40000000
21000030
00000001
004c0c40
00000000
00000010
00000007
00000007
00000c50
00000450
00000440
00000200
00000000
00000000
40000000
21000030
00000001
004c1880
00000000
00000010
00000007
00000007
00000c90
00000490
00000480
00000200
00000000
00000000
40000000
21000030
00000001
004c24c0
00000000
00000010
00000007
00000007
00000cd0
000004d0
000004c0
00000200
00000000
00000000
40000000
21000030
00000001
004c3100
00000000
00000010
00000007
00000007
00000d10
00000510
00000500
00000200
00000000
00000000
40000000
21000030
00000001
004c3d40
00000000
00000010
00000007
00000007
00000d50
00000550
00000540
00000200
00000000
00000000
40000000
21000030
00000001
004c4980
00000000
00000010
00000007
00000007
00000d90
00000590
00000580
00000200
00000000
00000000
40000000
21000030
00000001
004c55c0
00000000
00000010
00000007
00000007
00000dd0
000005d0
000005c0
00000200
00000000
00000000
40000000
10000014
00000001
027d2cd0
00000001
03000000
00001010
30000000
10000014
00000000
009d7000
00000001
00000000
00012000
30000000
10000014
00000000
009e9000
00000001
00080000
00012000
30000000
10000014
00000000
009fb000
00000001
00100000
00012000
30000000
10000014
00000000
00a0d000
00000001
00180000
00012000
30000000
10000014
00000000
00a1f000
00000001
00200000
00012000
30000000
10000014
00000000
00a31000
00000001
00280000
00012000
30000000
10000014
00000000
00a43000
00000001
00300000
00012000
30000000
10000014
00000000
00a55000
00000001
00380000
00012000
30000000
20000030
00000007
005a0000
00000000
00000200
00000007
00000007
00000000
00000000
004c0000
03031111
00000007
00000007
40000000
10000014
00000001
024c0000
00000001
00012000
00037200
30000000
10000014
00000001
024c0000
00000001
00092000
00037200
30000000
10000014
00000001
024c0000
00000001
00112000
00037200
30000000
10000014
00000001
024c0000
00000001
00192000
00037200
30000000
10000014
00000001
024c0000
00000001
00212000
00037200
30000000
10000014
00000001
024c0000
00000001
00292000
00037200
30000000
10000014
00000001
024c0000
00000001
00312000
00037200
30000000
10000014
00000001
024c0000
00000001
00392000
00037200
30000000
90000060
00000031
00004806
000000ff
00000000
00001200
00000120
00000004
00000000
00000000
00000000
00000000
00000000
00000000
00000000
00000000
00000000
00000000
00000000
00000000
00000000
00000000
00000000
00000000
00000000
70000000
00000000
00000000
00000000
00000000
00000000
00000000
00000000
00000000
00000000
00000000
00000000
00000000
00000000
00000000
00000000
00000000
10000014
00000001
01000000
00000001
024c0000
00000c40
30000000
10000014
00000001
01040000
00000001
024c0c40
00000c40
30000000
10000014
00000001
01080000
00000001
024c1880
00000c40
30000000
10000014
00000001
010c0000
00000001
024c24c0
00000c40
30000000
10000014
00000001
01100000
00000001
024c3100
00000c40
30000000
10000014
00000001
01140000
00000001
024c3d40
00000c40
30000000
10000014
00000001
01180000
00000001
024c4980
00000c40
30000000
10000014
00000001
011c0000
00000001
024c55c0
00000c40
30000000
21000030
00000001
004c0000
00000000
00000010
00000007
00000007
00000e10
00000610
00000600
00000200
00000000
00000000
40000000
21000030
00000001
004c0c40
00000000
00000010
00000007
00000007
00000e50
00000650
00000640
00000200
00000000
00000000
40000000
21000030
00000001
004c1880
00000000
00000010
00000007
00000007
00000e90
00000690
00000680
00000200
00000000
00000000
40000000
21000030
00000001
004c24c0
00000000
00000010
00000007
00000007
00000ed0
000006d0
000006c0
00000200
00000000
00000000
40000000
21000030
00000001
004c3100
00000000
00000010
00000007
00000007
00000f10
00000710
00000700
00000200
00000000
00000000
40000000
21000030
00000001
004c3d40
00000000
00000010
00000007
00000007
00000f50
00000750
00000740
00000200
00000000
00000000
40000000
21000030
00000001
004c4980
00000000
00000010
00000007
00000007
00000f90
00000790
00000780
00000200
00000000
00000000
40000000
21000030
00000001
004c55c0
00000000
00000010
00000007
00000007
00000fd0
000007d0
000007c0
00000200
00000000
00000000
40000000
10000014
00000001
027d1cc0
00000001
03000000
00001010
30000000
20000030
00000003
00000000
00000000
00000200
00000007
00000007
00000000
00000000
005a0000
00000000
00000000
00000000
40000000
24000030
00000001
005a0000
00000000
00000200
00000007
00000007
00000810
00000010
00000000
00000000
00000000
00000000
40000000
10000014
00000001
027d4cf0
00000001
03000000
00001010
30000000
10000014
00000000
00a67000
00000001
00000000
00012000
30000000
10000014
00000000
00a79000
00000001
00080000
00012000
30000000
10000014
00000000
00a8b000
00000001
00100000
00012000
30000000
10000014
00000000
00a9d000
00000001
00180000
00012000
30000000
10000014
00000000
00aaf000
00000001
00200000
00012000
30000000
10000014
00000000
00ac1000
00000001
00280000
00012000
30000000
10000014
00000000
00ad3000
00000001
00300000
00012000
30000000
10000014
00000000
00ae5000
00000001
00380000
00012000
30000000
20000030
00000003
00000000
00000000
00000200
00000007
00000007
00000000
00000000
00000000
00000000
00000000
00000000
40000000
20000030
00000007
00000000
00000000
00000200
00000007
00000007
00000000
00000000
004c0000
03031111
00000007
00000007
40000000
10000014
00000001
024c0000
00000001
00012000
00037200
30000000
10000014
00000001
024c0000
00000001
00092000
00037200
30000000
10000014
00000001
024c0000
00000001
00112000
00037200
30000000
10000014
00000001
024c0000
00000001
00192000
00037200
30000000
10000014
00000001
024c0000
00000001
00212000
00037200
30000000
10000014
00000001
024c0000
00000001
00292000
00037200
30000000
10000014
00000001
024c0000
00000001
00312000
00037200
30000000
10000014
00000001
024c0000
00000001
00392000
00037200
30000000
90000060
00000031
00004806
000000ff
00000000
00001200
00000120
00000004
00000000
00000000
00000000
00000000
00000000
00000000
00000000
00000000
00000000
00000000
00000000
00000000
00000000
00000000
00000000
00000000
00000000
70000000
00000000
00000000
00000000
00000000
00000000
00000000
00000000
00000000
00000000
00000000
00000000
00000000
00000000
00000000
00000000
00000000
10000014
00000001
01000000
00000001
024c0000
00000c40
30000000
10000014
00000001
01040000
00000001
024c0c40
00000c40
30000000
10000014
00000001
01080000
00000001
024c1880
00000c40
30000000
10000014
00000001
010c0000
00000001
024c24c0
00000c40
30000000
10000014
00000001
01100000
00000001
024c3100
00000c40
30000000
10000014
00000001
01140000
00000001
024c3d40
00000c40
30000000
10000014
00000001
01180000
00000001
024c4980
00000c40
30000000
10000014
00000001
011c0000
00000001
024c55c0
00000c40
30000000
20000030
00000001
004c0000
00000000
00000010
00000007
00000007
00000810
00000010
005a0000
00000200
00000000
00000000
40000000
20000030
00000001
004c0c40
00000000
00000010
00000007
00000007
00000850
00000050
005a0040
00000200
00000000
00000000
40000000
20000030
00000001
004c1880
00000000
00000010
00000007
00000007
00000890
00000090
005a0080
00000200
00000000
00000000
40000000
20000030
00000001
004c24c0
00000000
00000010
00000007
00000007
000008d0
000000d0
005a00c0
00000200
00000000
00000000
40000000
20000030
00000001
004c3100
00000000
00000010
00000007
00000007
00000910
00000110
005a0100
00000200
00000000
00000000
40000000
20000030
00000001
004c3d40
00000000
00000010
00000007
00000007
00000950
00000150
005a0140
00000200
00000000
00000000
40000000
20000030
00000001
004c4980
00000000
00000010
00000007
00000007
00000990
00000190
005a0180
00000200
00000000
00000000
40000000
20000030
00000001
004c55c0
00000000
00000010
00000007
00000007
000009d0
000001d0
005a01c0
00000200
00000000
00000000
40000000
10000014
00000001
027d4cf0
00000001
03000000
00001010
30000000
10000014
00000000
00af7000
00000001
00000000
00012000
30000000
10000014
00000000
00b09000
00000001
00080000
00012000
30000000
10000014
00000000
00b1b000
00000001
00100000
00012000
30000000
10000014
00000000
00b2d000
00000001
00180000
00012000
30000000
10000014
00000000
00b3f000
00000001
00200000
00012000
30000000
10000014
00000000
00b51000
00000001
00280000
00012000
30000000
10000014
00000000
00b63000
00000001
00300000
00012000
30000000
10000014
00000000
00b75000
00000001
00380000
00012000
30000000
20000030
00000007
00000000
00000000
00000200
00000007
00000007
00000000
00000000
004c0000
03031111
00000007
00000007
40000000
10000014
00000001
024c0000
00000001
00012000
00037200
30000000
10000014
00000001
024c0000
00000001
00092000
00037200
30000000
10000014
00000001
024c0000
00000001
00112000
00037200
30000000
10000014
00000001
024c0000
00000001
00192000
00037200
30000000
10000014
00000001
024c0000
00000001
00212000
00037200
30000000
10000014
00000001
024c0000
00000001
00292000
00037200
30000000
10000014
00000001
024c0000
00000001
00312000
00037200
30000000
10000014
00000001
024c0000
00000001
00392000
00037200
30000000
90000060
00000031
00004806
000000ff
00000000
00001200
00000120
00000004
00000000
00000000
00000000
00000000
00000000
00000000
00000000
00000000
00000000
00000000
00000000
00000000
00000000
00000000
00000000
00000000
00000000
70000000
00000000
00000000
00000000
00000000
00000000
00000000
00000000
00000000
00000000
00000000
00000000
00000000
00000000
00000000
00000000
00000000
10000014
00000001
01000000
00000001
024c0000
00000c40
30000000
10000014
00000001
01040000
00000001
024c0c40
00000c40
30000000
10000014
00000001
01080000
00000001
024c1880
00000c40
30000000
10000014
00000001
010c0000
00000001
024c24c0
00000c40
30000000
10000014
00000001
01100000
00000001
024c3100
00000c40
30000000
10000014
00000001
01140000
00000001
024c3d40
00000c40
30000000
10000014
00000001
01180000
00000001
024c4980
00000c40
30000000
10000014
00000001
011c0000
00000001
024c55c0
00000c40
30000000
20000030
00000001
004c0000
00000000
00000010
00000007
00000007
00000a10
00000210
005a0200
00000200
00000000
00000000
40000000
20000030
00000001
004c0c40
00000000
00000010
00000007
00000007
00000a50
00000250
005a0240
00000200
00000000
00000000
40000000
20000030
00000001
004c1880
00000000
00000010
00000007
00000007
00000a90
00000290
005a0280
00000200
00000000
00000000
40000000
20000030
00000001
004c24c0
00000000
00000010
00000007
00000007
00000ad0
000002d0
005a02c0
00000200
00000000
00000000
40000000
20000030
00000001
004c3100
00000000
00000010
00000007
00000007
00000b10
00000310
005a0300
00000200
00000000
00000000
40000000
20000030
00000001
004c3d40
00000000
00000010
00000007
00000007
00000b50
00000350
005a0340
00000200
00000000
00000000
40000000
20000030
00000001
004c4980
00000000
00000010
00000007
00000007
00000b90
00000390
005a0380
00000200
00000000
00000000
40000000
20000030
00000001
004c55c0
00000000
00000010
00000007
00000007
00000bd0
000003d0
005a03c0
00000200
00000000
00000000
40000000
10000014
00000001
027d4cf0
00000001
03000000
00001010
30000000
10000014
00000000
00b87000
00000001
00000000
00012000
30000000
10000014
00000000
00b99000
00000001
00080000
00012000
30000000
10000014
00000000
00bab000
00000001
00100000
00012000
30000000
10000014
00000000
00bbd000
00000001
00180000
00012000
30000000
10000014
00000000
00bcf000
00000001
00200000
00012000
30000000
10000014
00000000
00be1000
00000001
00280000
00012000
30000000
10000014
00000000
00bf3000
00000001
00300000
00012000
30000000
10000014
00000000
00c05000
00000001
00380000
00012000
30000000
20000030
00000007
00000000
00000000
00000200
00000007
00000007
00000000
00000000
004c0000
03031111
00000007
00000007
40000000
10000014
00000001
024c0000
00000001
00012000
00037200
30000000
10000014
00000001
024c0000
00000001
00092000
00037200
30000000
10000014
00000001
024c0000
00000001
00112000
00037200
30000000
10000014
00000001
024c0000
00000001
00192000
00037200
30000000
10000014
00000001
024c0000
00000001
00212000
00037200
30000000
10000014
00000001
024c0000
00000001
00292000
00037200
30000000
10000014
00000001
024c0000
00000001
00312000
00037200
30000000
10000014
00000001
024c0000
00000001
00392000
00037200
30000000
90000060
00000031
00004806
000000ff
00000000
00001200
00000120
00000004
00000000
00000000
00000000
00000000
00000000
00000000
00000000
00000000
00000000
00000000
00000000
00000000
00000000
00000000
00000000
00000000
00000000
70000000
00000000
00000000
00000000
00000000
00000000
00000000
00000000
00000000
00000000
00000000
00000000
00000000
00000000
00000000
00000000
00000000
10000014
00000001
01000000
00000001
024c0000
00000c40
30000000
10000014
00000001
01040000
00000001
024c0c40
00000c40
30000000
10000014
00000001
01080000
00000001
024c1880
00000c40
30000000
10000014
00000001
010c0000
00000001
024c24c0
00000c40
30000000
10000014
00000001
01100000
00000001
024c3100
00000c40
30000000
10000014
00000001
01140000
00000001
024c3d40
00000c40
30000000
10000014
00000001
01180000
00000001
024c4980
00000c40
30000000
10000014
00000001
011c0000
00000001
024c55c0
00000c40
30000000
20000030
00000001
004c0000
00000000
00000010
00000007
00000007
00000c10
00000410
005a0400
00000200
00000000
00000000
40000000
20000030
00000001
004c0c40
00000000
00000010
00000007
00000007
00000c50
00000450
005a0440
00000200
00000000
00000000
40000000
20000030
00000001
004c1880
00000000
00000010
00000007
00000007
00000c90
00000490
005a0480
00000200
00000000
00000000
40000000
20000030
00000001
004c24c0
00000000
00000010
00000007
00000007
00000cd0
000004d0
005a04c0
00000200
00000000
00000000
40000000
20000030
00000001
004c3100
00000000
00000010
00000007
00000007
00000d10
00000510
005a0500
00000200
00000000
00000000
40000000
20000030
00000001
004c3d40
00000000
00000010
00000007
00000007
00000d50
00000550
005a0540
00000200
00000000
00000000
40000000
20000030
00000001
004c4980
00000000
00000010
00000007
00000007
00000d90
00000590
005a0580
00000200
00000000
00000000
40000000
20000030
00000001
004c55c0
00000000
00000010
00000007
00000007
00000dd0
000005d0
005a05c0
00000200
00000000
00000000
40000000
10000014
00000001
027d4cf0
00000001
03000000
00001010
30000000
10000014
00000000
00c17000
00000001
00000000
00012000
30000000
10000014
00000000
00c29000
00000001
00080000
00012000
30000000
10000014
00000000
00c3b000
00000001
00100000
00012000
30000000
10000014
00000000
00c4d000
00000001
00180000
00012000
30000000
10000014
00000000
00c5f000
00000001
00200000
00012000
30000000
10000014
00000000
00c71000
00000001
00280000
00012000
30000000
10000014
00000000
00c83000
00000001
00300000
00012000
30000000
10000014
00000000
00c95000
00000001
00380000
00012000
30000000
20000030
00000007
00000000
00000000
00000200
00000007
00000007
00000000
00000000
004c0000
03031111
00000007
00000007
40000000
10000014
00000001
024c0000
00000001
00012000
00037200
30000000
10000014
00000001
024c0000
00000001
00092000
00037200
30000000
10000014
00000001
024c0000
00000001
00112000
00037200
30000000
10000014
00000001
024c0000
00000001
00192000
00037200
30000000
10000014
00000001
024c0000
00000001
00212000
00037200
30000000
10000014
00000001
024c0000
00000001
00292000
00037200
30000000
10000014
00000001
024c0000
00000001
00312000
00037200
30000000
10000014
00000001
024c0000
00000001
00392000
00037200
30000000
90000060
00000031
00004806
000000ff
00000000
00001200
00000120
00000004
00000000
00000000
00000000
00000000
00000000
00000000
00000000
00000000
00000000
00000000
00000000
00000000
00000000
00000000
00000000
00000000
00000000
70000000
00000000
00000000
00000000
00000000
00000000
00000000
00000000
00000000
00000000
00000000
00000000
00000000
00000000
00000000
00000000
00000000
10000014
00000001
01000000
00000001
024c0000
00000c40
30000000
10000014
00000001
01040000
00000001
024c0c40
00000c40
30000000
10000014
00000001
01080000
00000001
024c1880
00000c40
30000000
10000014
00000001
010c0000
00000001
024c24c0
00000c40
30000000
10000014
00000001
01100000
00000001
024c3100
00000c40
30000000
10000014
00000001
01140000
00000001
024c3d40
00000c40
30000000
10000014
00000001
01180000
00000001
024c4980
00000c40
30000000
10000014
00000001
011c0000
00000001
024c55c0
00000c40
30000000
20000030
00000001
004c0000
00000000
00000010
00000007
00000007
00000e10
00000610
005a0600
00000200
00000000
00000000
40000000
20000030
00000001
004c0c40
00000000
00000010
00000007
00000007
00000e50
00000650
005a0640
00000200
00000000
00000000
40000000
20000030
00000001
004c1880
00000000
00000010
00000007
00000007
00000e90
00000690
005a0680
00000200
00000000
00000000
40000000
20000030
00000001
004c24c0
00000000
00000010
00000007
00000007
00000ed0
000006d0
005a06c0
00000200
00000000
00000000
40000000
20000030
00000001
004c3100
00000000
00000010
00000007
00000007
00000f10
00000710
005a0700
00000200
00000000
00000000
40000000
20000030
00000001
004c3d40
00000000
00000010
00000007
00000007
00000f50
00000750
005a0740
00000200
00000000
00000000
40000000
20000030
00000001
004c4980
00000000
00000010
00000007
00000007
00000f90
00000790
005a0780
00000200
00000000
00000000
40000000
20000030
00000001
004c55c0
00000000
00000010
00000007
00000007
00000fd0
000007d0
005a07c0
00000200
00000000
00000000
40000000
10000014
00000001
027d3ce0
00000001
03000000
00001010
30000000
20000030
00000003
005a0000
00000000
00000200
00000007
00000007
00000000
00000000
005b8800
00000000
00000000
00000000
40000000
24000030
00000001
005b8800
00000000
00000200
00000007
00000007
00000810
00000010
005a0000
00000000
00000000
00000000
40000000
10000014
00000001
027d5d00
00000001
03000000
00001010
30000000
20000030
00000006
005a0000
001a0000
00000200
00000007
00000007
00000000
00000000
00000000
00000001
00000000
00000000
40000000
20000030
00000003
00000000
00000000
00000200
00000007
00000007
00000000
00000000
005b8800
00000000
00000000
00000000
40000000
24000030
00000001
005b8800
00000000
00000200
00000007
00000007
00000810
00000010
00000000
00000000
00000000
00000000
40000000
10000014
00000001
027d6d10
00000001
03000000
00000010
30000000
20000030
00000003
00000000
00000000
00000200
00000007
00000007
00000000
00000000
005a0000
00000000
00000000
00000000
40000000
f0000000
