10000014
00000001
027c0210
00000001
03000000
00000210
30000000
10000014
00000000
00200000
00000001
00000000
00000c00
30000000
10000014
00000000
00200c00
00000001
00080000
00000c00
30000000
10000014
00000000
00201800
00000001
00100000
00000c00
30000000
10000014
00000000
00202400
00000001
00180000
00000c00
30000000
10000014
00000000
00203000
00000001
00200000
00000c00
30000000
10000014
00000000
00203c00
00000001
00280000
00000c00
30000000
10000014
00000000
00204800
00000001
00300000
00000c00
30000000
10000014
00000000
00205400
00000001
00380000
00000c00
30000000
22000030
00000007
00000000
00000000
00000003
0000001a
000000e0
00000000
00000000
004c0000
07072233
0000000c
00000070
40000000
10000014
00000001
024c0000
00000001
00000c00
0007e000
30000000
10000014
00000001
024c0000
00000001
00080c00
0007e000
30000000
10000014
00000001
024c0000
00000001
00100c00
0007e000
30000000
10000014
00000001
024c0000
00000001
00180c00
0007e000
30000000
10000014
00000001
024c0000
00000001
00200c00
0007e000
30000000
10000014
00000001
024c0000
00000001
00280c00
0007e000
30000000
10000014
00000001
024c0000
00000001
00300c00
0007e000
30000000
10000014
00000001
024c0000
00000001
00380c00
0007e000
30000000
90000060
00000540
00000307
000000ff
00000000
000000c0
00000018
00000002
00000000
00000000
00000000
00000000
00000000
00000000
00000000
00000000
00000000
00000000
00000000
00000000
00000000
00000000
00000000
00000000
00000000
70000000
00000000
00000000
00000000
00000000
00000000
00000000
00000000
00000000
00000000
00000000
00000000
00000000
00000000
00000000
00000000
00000000
10000014
00000001
01000000
00000001
024c0000
0000a800
30000000
10000014
00000001
01040000
00000001
024ca800
0000a800
30000000
10000014
00000001
01080000
00000001
024d5000
0000a800
30000000
10000014
00000001
010c0000
00000001
024df800
0000a800
30000000
10000014
00000001
01100000
00000001
024ea000
0000a800
30000000
10000014
00000001
01140000
00000001
024f4800
0000a800
30000000
10000014
00000001
01180000
00000001
024ff000
0000a800
30000000
10000014
00000001
011c0000
00000001
02509800
0000a800
30000000
21000030
00000001
004c0000
00000000
00000008
0000000c
00000070
00000110
00000010
001a0000
00000040
00000000
00000000
40000000
21000030
00000001
004ca800
00000000
00000008
0000000c
00000070
00000130
00000030
001a0020
00000040
00000000
00000000
40000000
21000030
00000001
004d5000
00000000
00000008
0000000c
00000070
00000150
00000050
001a0040
00000040
00000000
00000000
40000000
21000030
00000001
004df800
00000000
00000008
0000000c
00000070
00000170
00000070
001a0060
00000040
00000000
00000000
40000000
21000030
00000001
004ea000
00000000
00000008
0000000c
00000070
00000190
00000090
001a0080
00000040
00000000
00000000
40000000
21000030
00000001
004f4800
00000000
00000008
0000000c
00000070
000001b0
000000b0
001a00a0
00000040
00000000
00000000
40000000
21000030
00000001
004ff000
00000000
00000008
0000000c
00000070
000001d0
000000d0
001a00c0
00000040
00000000
00000000
40000000
21000030
00000001
00509800
00000000
00000008
0000000c
00000070
000001f0
000000f0
001a00e0
00000040
00000000
00000000
40000000
22000030
00000007
00012600
00000000
00000003
0000001d
000000e0
00000000
00000000
004c0000
07072203
0000000c
00000070
40000000
10000014
00000001
024c0000
00000001
00000c00
0007e000
30000000
10000014
00000001
024c0000
00000001
00080c00
0007e000
30000000
10000014
00000001
024c0000
00000001
00100c00
0007e000
30000000
10000014
00000001
024c0000
00000001
00180c00
0007e000
30000000
10000014
00000001
024c0000
00000001
00200c00
0007e000
30000000
10000014
00000001
024c0000
00000001
00280c00
0007e000
30000000
10000014
00000001
024c0000
00000001
00300c00
0007e000
30000000
10000014
00000001
024c0000
00000001
00380c00
0007e000
30000000
90000060
00000540
00000307
000000ff
00000000
000000c0
00000018
00000002
00000000
00000000
00000000
00000000
00000000
00000000
00000000
00000000
00000000
00000000
00000000
00000000
00000000
00000000
00000000
00000000
00000000
70000000
00000000
00000000
00000000
00000000
00000000
00000000
00000000
00000000
00000000
00000000
00000000
00000000
00000000
00000000
00000000
00000000
10000014
00000001
01000000
00000001
024c0000
0000a800
30000000
10000014
00000001
01040000
00000001
024ca800
0000a800
30000000
10000014
00000001
01080000
00000001
024d5000
0000a800
30000000
10000014
00000001
010c0000
00000001
024df800
0000a800
30000000
10000014
00000001
01100000
00000001
024ea000
0000a800
30000000
10000014
00000001
01140000
00000001
024f4800
0000a800
30000000
10000014
00000001
01180000
00000001
024ff000
0000a800
30000000
10000014
00000001
011c0000
00000001
02509800
0000a800
30000000
21000030
00000001
004c0000
00000000
00000008
0000000c
00000070
00000110
00000010
001f4000
00000040
00000000
00000000
40000000
21000030
00000001
004ca800
00000000
00000008
0000000c
00000070
00000130
00000030
001f4020
00000040
00000000
00000000
40000000
21000030
00000001
004d5000
00000000
00000008
0000000c
00000070
00000150
00000050
001f4040
00000040
00000000
00000000
40000000
21000030
00000001
004df800
00000000
00000008
0000000c
00000070
00000170
00000070
001f4060
00000040
00000000
00000000
40000000
21000030
00000001
004ea000
00000000
00000008
0000000c
00000070
00000190
00000090
001f4080
00000040
00000000
00000000
40000000
21000030
00000001
004f4800
00000000
00000008
0000000c
00000070
000001b0
000000b0
001f40a0
00000040
00000000
00000000
40000000
21000030
00000001
004ff000
00000000
00000008
0000000c
00000070
000001d0
000000d0
001f40c0
00000040
00000000
00000000
40000000
21000030
00000001
00509800
00000000
00000008
0000000c
00000070
000001f0
000000f0
001f40e0
00000040
00000000
00000000
40000000
22000030
00000007
00027600
00000000
00000003
0000001d
000000e0
00000000
00000000
004c0000
07072203
0000000c
00000070
40000000
10000014
00000001
024c0000
00000001
00000c00
0007e000
30000000
10000014
00000001
024c0000
00000001
00080c00
0007e000
30000000
10000014
00000001
024c0000
00000001
00100c00
0007e000
30000000
10000014
00000001
024c0000
00000001
00180c00
0007e000
30000000
10000014
00000001
024c0000
00000001
00200c00
0007e000
30000000
10000014
00000001
024c0000
00000001
00280c00
0007e000
30000000
10000014
00000001
024c0000
00000001
00300c00
0007e000
30000000
10000014
00000001
024c0000
00000001
00380c00
0007e000
30000000
90000060
00000540
00000307
000000ff
00000000
000000c0
00000018
00000002
00000000
00000000
00000000
00000000
00000000
00000000
00000000
00000000
00000000
00000000
00000000
00000000
00000000
00000000
00000000
00000000
00000000
70000000
00000000
00000000
00000000
00000000
00000000
00000000
00000000
00000000
00000000
00000000
00000000
00000000
00000000
00000000
00000000
00000000
10000014
00000001
01000000
00000001
024c0000
0000a800
30000000
10000014
00000001
01040000
00000001
024ca800
0000a800
30000000
10000014
00000001
01080000
00000001
024d5000
0000a800
30000000
10000014
00000001
010c0000
00000001
024df800
0000a800
30000000
10000014
00000001
01100000
00000001
024ea000
0000a800
30000000
10000014
00000001
01140000
00000001
024f4800
0000a800
30000000
10000014
00000001
01180000
00000001
024ff000
0000a800
30000000
10000014
00000001
011c0000
00000001
02509800
0000a800
30000000
21000030
00000001
004c0000
00000000
00000008
0000000c
00000070
00000110
00000010
00248000
00000040
00000000
00000000
40000000
21000030
00000001
004ca800
00000000
00000008
0000000c
00000070
00000130
00000030
00248020
00000040
00000000
00000000
40000000
21000030
00000001
004d5000
00000000
00000008
0000000c
00000070
00000150
00000050
00248040
00000040
00000000
00000000
40000000
21000030
00000001
004df800
00000000
00000008
0000000c
00000070
00000170
00000070
00248060
00000040
00000000
00000000
40000000
21000030
00000001
004ea000
00000000
00000008
0000000c
00000070
00000190
00000090
00248080
00000040
00000000
00000000
40000000
21000030
00000001
004f4800
00000000
00000008
0000000c
00000070
000001b0
000000b0
002480a0
00000040
00000000
00000000
40000000
21000030
00000001
004ff000
00000000
00000008
0000000c
00000070
000001d0
000000d0
002480c0
00000040
00000000
00000000
40000000
21000030
00000001
00509800
00000000
00000008
0000000c
00000070
000001f0
000000f0
002480e0
00000040
00000000
00000000
40000000
22000030
00000007
0003c600
00000000
00000003
0000001d
000000e0
00000000
00000000
004c0000
07072203
0000000c
00000070
40000000
10000014
00000001
024c0000
00000001
00000c00
0007e000
30000000
10000014
00000001
024c0000
00000001
00080c00
0007e000
30000000
10000014
00000001
024c0000
00000001
00100c00
0007e000
30000000
10000014
00000001
024c0000
00000001
00180c00
0007e000
30000000
10000014
00000001
024c0000
00000001
00200c00
0007e000
30000000
10000014
00000001
024c0000
00000001
00280c00
0007e000
30000000
10000014
00000001
024c0000
00000001
00300c00
0007e000
30000000
10000014
00000001
024c0000
00000001
00380c00
0007e000
30000000
90000060
00000540
00000307
000000ff
00000000
000000c0
00000018
00000002
00000000
00000000
00000000
00000000
00000000
00000000
00000000
00000000
00000000
00000000
00000000
00000000
00000000
00000000
00000000
00000000
00000000
70000000
00000000
00000000
00000000
00000000
00000000
00000000
00000000
00000000
00000000
00000000
00000000
00000000
00000000
00000000
00000000
00000000
10000014
00000001
01000000
00000001
024c0000
0000a800
30000000
10000014
00000001
01040000
00000001
024ca800
0000a800
30000000
10000014
00000001
01080000
00000001
024d5000
0000a800
30000000
10000014
00000001
010c0000
00000001
024df800
0000a800
30000000
10000014
00000001
01100000
00000001
024ea000
0000a800
30000000
10000014
00000001
01140000
00000001
024f4800
0000a800
30000000
10000014
00000001
01180000
00000001
024ff000
0000a800
30000000
10000014
00000001
011c0000
00000001
02509800
0000a800
30000000
21000030
00000001
004c0000
00000000
00000008
0000000c
00000070
00000110
00000010
0029c000
00000040
00000000
00000000
40000000
21000030
00000001
004ca800
00000000
00000008
0000000c
00000070
00000130
00000030
0029c020
00000040
00000000
00000000
40000000
21000030
00000001
004d5000
00000000
00000008
0000000c
00000070
00000150
00000050
0029c040
00000040
00000000
00000000
40000000
21000030
00000001
004df800
00000000
00000008
0000000c
00000070
00000170
00000070
0029c060
00000040
00000000
00000000
40000000
21000030
00000001
004ea000
00000000
00000008
0000000c
00000070
00000190
00000090
0029c080
00000040
00000000
00000000
40000000
21000030
00000001
004f4800
00000000
00000008
0000000c
00000070
000001b0
000000b0
0029c0a0
00000040
00000000
00000000
40000000
21000030
00000001
004ff000
00000000
00000008
0000000c
00000070
000001d0
000000d0
0029c0c0
00000040
00000000
00000000
40000000
21000030
00000001
00509800
00000000
00000008
0000000c
00000070
000001f0
000000f0
0029c0e0
00000040
00000000
00000000
40000000
22000030
00000007
00051600
00000000
00000003
0000001d
000000e0
00000000
00000000
004c0000
07072203
0000000c
00000070
40000000
10000014
00000001
024c0000
00000001
00000c00
0007e000
30000000
10000014
00000001
024c0000
00000001
00080c00
0007e000
30000000
10000014
00000001
024c0000
00000001
00100c00
0007e000
30000000
10000014
00000001
024c0000
00000001
00180c00
0007e000
30000000
10000014
00000001
024c0000
00000001
00200c00
0007e000
30000000
10000014
00000001
024c0000
00000001
00280c00
0007e000
30000000
10000014
00000001
024c0000
00000001
00300c00
0007e000
30000000
10000014
00000001
024c0000
00000001
00380c00
0007e000
30000000
90000060
00000540
00000307
000000ff
00000000
000000c0
00000018
00000002
00000000
00000000
00000000
00000000
00000000
00000000
00000000
00000000
00000000
00000000
00000000
00000000
00000000
00000000
00000000
00000000
00000000
70000000
00000000
00000000
00000000
00000000
00000000
00000000
00000000
00000000
00000000
00000000
00000000
00000000
00000000
00000000
00000000
00000000
10000014
00000001
01000000
00000001
024c0000
0000a800
30000000
10000014
00000001
01040000
00000001
024ca800
0000a800
30000000
10000014
00000001
01080000
00000001
024d5000
0000a800
30000000
10000014
00000001
010c0000
00000001
024df800
0000a800
30000000
10000014
00000001
01100000
00000001
024ea000
0000a800
30000000
10000014
00000001
01140000
00000001
024f4800
0000a800
30000000
10000014
00000001
01180000
00000001
024ff000
0000a800
30000000
10000014
00000001
011c0000
00000001
02509800
0000a800
30000000
21000030
00000001
004c0000
00000000
00000008
0000000c
00000070
00000110
00000010
002f0000
00000040
00000000
00000000
40000000
21000030
00000001
004ca800
00000000
00000008
0000000c
00000070
00000130
00000030
002f0020
00000040
00000000
00000000
40000000
21000030
00000001
004d5000
00000000
00000008
0000000c
00000070
00000150
00000050
002f0040
00000040
00000000
00000000
40000000
21000030
00000001
004df800
00000000
00000008
0000000c
00000070
00000170
00000070
002f0060
00000040
00000000
00000000
40000000
21000030
00000001
004ea000
00000000
00000008
0000000c
00000070
00000190
00000090
002f0080
00000040
00000000
00000000
40000000
21000030
00000001
004f4800
00000000
00000008
0000000c
00000070
000001b0
000000b0
002f00a0
00000040
00000000
00000000
40000000
21000030
00000001
004ff000
00000000
00000008
0000000c
00000070
000001d0
000000d0
002f00c0
00000040
00000000
00000000
40000000
21000030
00000001
00509800
00000000
00000008
0000000c
00000070
000001f0
000000f0
002f00e0
00000040
00000000
00000000
40000000
22000030
00000007
00066600
00000000
00000003
0000001d
000000e0
00000000
00000000
004c0000
07072203
0000000c
00000070
40000000
10000014
00000001
024c0000
00000001
00000c00
0007e000
30000000
10000014
00000001
024c0000
00000001
00080c00
0007e000
30000000
10000014
00000001
024c0000
00000001
00100c00
0007e000
30000000
10000014
00000001
024c0000
00000001
00180c00
0007e000
30000000
10000014
00000001
024c0000
00000001
00200c00
0007e000
30000000
10000014
00000001
024c0000
00000001
00280c00
0007e000
30000000
10000014
00000001
024c0000
00000001
00300c00
0007e000
30000000
10000014
00000001
024c0000
00000001
00380c00
0007e000
30000000
90000060
00000540
00000307
000000ff
00000000
000000c0
00000018
00000002
00000000
00000000
00000000
00000000
00000000
00000000
00000000
00000000
00000000
00000000
00000000
00000000
00000000
00000000
00000000
00000000
00000000
70000000
00000000
00000000
00000000
00000000
00000000
00000000
00000000
00000000
00000000
00000000
00000000
00000000
00000000
00000000
00000000
00000000
10000014
00000001
01000000
00000001
024c0000
0000a800
30000000
10000014
00000001
01040000
00000001
024ca800
0000a800
30000000
10000014
00000001
01080000
00000001
024d5000
0000a800
30000000
10000014
00000001
010c0000
00000001
024df800
0000a800
30000000
10000014
00000001
01100000
00000001
024ea000
0000a800
30000000
10000014
00000001
01140000
00000001
024f4800
0000a800
30000000
10000014
00000001
01180000
00000001
024ff000
0000a800
30000000
10000014
00000001
011c0000
00000001
02509800
0000a800
30000000
21000030
00000001
004c0000
00000000
00000008
0000000c
00000070
00000110
00000010
00344000
00000040
00000000
00000000
40000000
21000030
00000001
004ca800
00000000
00000008
0000000c
00000070
00000130
00000030
00344020
00000040
00000000
00000000
40000000
21000030
00000001
004d5000
00000000
00000008
0000000c
00000070
00000150
00000050
00344040
00000040
00000000
00000000
40000000
21000030
00000001
004df800
00000000
00000008
0000000c
00000070
00000170
00000070
00344060
00000040
00000000
00000000
40000000
21000030
00000001
004ea000
00000000
00000008
0000000c
00000070
00000190
00000090
00344080
00000040
00000000
00000000
40000000
21000030
00000001
004f4800
00000000
00000008
0000000c
00000070
000001b0
000000b0
003440a0
00000040
00000000
00000000
40000000
21000030
00000001
004ff000
00000000
00000008
0000000c
00000070
000001d0
000000d0
003440c0
00000040
00000000
00000000
40000000
21000030
00000001
00509800
00000000
00000008
0000000c
00000070
000001f0
000000f0
003440e0
00000040
00000000
00000000
40000000
22000030
00000007
0007b600
00000000
00000003
0000001d
000000e0
00000000
00000000
004c0000
07072203
0000000c
00000070
40000000
10000014
00000001
024c0000
00000001
00000c00
0007e000
30000000
10000014
00000001
024c0000
00000001
00080c00
0007e000
30000000
10000014
00000001
024c0000
00000001
00100c00
0007e000
30000000
10000014
00000001
024c0000
00000001
00180c00
0007e000
30000000
10000014
00000001
024c0000
00000001
00200c00
0007e000
30000000
10000014
00000001
024c0000
00000001
00280c00
0007e000
30000000
10000014
00000001
024c0000
00000001
00300c00
0007e000
30000000
10000014
00000001
024c0000
00000001
00380c00
0007e000
30000000
90000060
00000540
00000307
000000ff
00000000
000000c0
00000018
00000002
00000000
00000000
00000000
00000000
00000000
00000000
00000000
00000000
00000000
00000000
00000000
00000000
00000000
00000000
00000000
00000000
00000000
70000000
00000000
00000000
00000000
00000000
00000000
00000000
00000000
00000000
00000000
00000000
00000000
00000000
00000000
00000000
00000000
00000000
10000014
00000001
01000000
00000001
024c0000
0000a800
30000000
10000014
00000001
01040000
00000001
024ca800
0000a800
30000000
10000014
00000001
01080000
00000001
024d5000
0000a800
30000000
10000014
00000001
010c0000
00000001
024df800
0000a800
30000000
10000014
00000001
01100000
00000001
024ea000
0000a800
30000000
10000014
00000001
01140000
00000001
024f4800
0000a800
30000000
10000014
00000001
01180000
00000001
024ff000
0000a800
30000000
10000014
00000001
011c0000
00000001
02509800
0000a800
30000000
21000030
00000001
004c0000
00000000
00000008
0000000c
00000070
00000110
00000010
00398000
00000040
00000000
00000000
40000000
21000030
00000001
004ca800
00000000
00000008
0000000c
00000070
00000130
00000030
00398020
00000040
00000000
00000000
40000000
21000030
00000001
004d5000
00000000
00000008
0000000c
00000070
00000150
00000050
00398040
00000040
00000000
00000000
40000000
21000030
00000001
004df800
00000000
00000008
0000000c
00000070
00000170
00000070
00398060
00000040
00000000
00000000
40000000
21000030
00000001
004ea000
00000000
00000008
0000000c
00000070
00000190
00000090
00398080
00000040
00000000
00000000
40000000
21000030
00000001
004f4800
00000000
00000008
0000000c
00000070
000001b0
000000b0
003980a0
00000040
00000000
00000000
40000000
21000030
00000001
004ff000
00000000
00000008
0000000c
00000070
000001d0
000000d0
003980c0
00000040
00000000
00000000
40000000
21000030
00000001
00509800
00000000
00000008
0000000c
00000070
000001f0
000000f0
003980e0
00000040
00000000
00000000
40000000
22000030
00000007
00090600
00000000
00000003
0000001d
000000e0
00000000
00000000
004c0000
07072203
0000000c
00000070
40000000
10000014
00000001
024c0000
00000001
00000c00
0007e000
30000000
10000014
00000001
024c0000
00000001
00080c00
0007e000
30000000
10000014
00000001
024c0000
00000001
00100c00
0007e000
30000000
10000014
00000001
024c0000
00000001
00180c00
0007e000
30000000
10000014
00000001
024c0000
00000001
00200c00
0007e000
30000000
10000014
00000001
024c0000
00000001
00280c00
0007e000
30000000
10000014
00000001
024c0000
00000001
00300c00
0007e000
30000000
10000014
00000001
024c0000
00000001
00380c00
0007e000
30000000
90000060
00000540
00000307
000000ff
00000000
000000c0
00000018
00000002
00000000
00000000
00000000
00000000
00000000
00000000
00000000
00000000
00000000
00000000
00000000
00000000
00000000
00000000
00000000
00000000
00000000
70000000
00000000
00000000
00000000
00000000
00000000
00000000
00000000
00000000
00000000
00000000
00000000
00000000
00000000
00000000
00000000
00000000
10000014
00000001
01000000
00000001
024c0000
0000a800
30000000
10000014
00000001
01040000
00000001
024ca800
0000a800
30000000
10000014
00000001
01080000
00000001
024d5000
0000a800
30000000
10000014
00000001
010c0000
00000001
024df800
0000a800
30000000
10000014
00000001
01100000
00000001
024ea000
0000a800
30000000
10000014
00000001
01140000
00000001
024f4800
0000a800
30000000
10000014
00000001
01180000
00000001
024ff000
0000a800
30000000
10000014
00000001
011c0000
00000001
02509800
0000a800
30000000
21000030
00000001
004c0000
00000000
00000008
0000000c
00000070
00000110
00000010
003ec000
00000040
00000000
00000000
40000000
21000030
00000001
004ca800
00000000
00000008
0000000c
00000070
00000130
00000030
003ec020
00000040
00000000
00000000
40000000
21000030
00000001
004d5000
00000000
00000008
0000000c
00000070
00000150
00000050
003ec040
00000040
00000000
00000000
40000000
21000030
00000001
004df800
00000000
00000008
0000000c
00000070
00000170
00000070
003ec060
00000040
00000000
00000000
40000000
21000030
00000001
004ea000
00000000
00000008
0000000c
00000070
00000190
00000090
003ec080
00000040
00000000
00000000
40000000
21000030
00000001
004f4800
00000000
00000008
0000000c
00000070
000001b0
000000b0
003ec0a0
00000040
00000000
00000000
40000000
21000030
00000001
004ff000
00000000
00000008
0000000c
00000070
000001d0
000000d0
003ec0c0
00000040
00000000
00000000
40000000
21000030
00000001
00509800
00000000
00000008
0000000c
00000070
000001f0
000000f0
003ec0e0
00000040
00000000
00000000
40000000
22000030
00000007
000a5600
00000000
00000003
0000001d
000000e0
00000000
00000000
004c0000
07072203
0000000c
00000070
40000000
10000014
00000001
024c0000
00000001
00000c00
0007e000
30000000
10000014
00000001
024c0000
00000001
00080c00
0007e000
30000000
10000014
00000001
024c0000
00000001
00100c00
0007e000
30000000
10000014
00000001
024c0000
00000001
00180c00
0007e000
30000000
10000014
00000001
024c0000
00000001
00200c00
0007e000
30000000
10000014
00000001
024c0000
00000001
00280c00
0007e000
30000000
10000014
00000001
024c0000
00000001
00300c00
0007e000
30000000
10000014
00000001
024c0000
00000001
00380c00
0007e000
30000000
90000060
00000540
00000307
000000ff
00000000
000000c0
00000018
00000002
00000000
00000000
00000000
00000000
00000000
00000000
00000000
00000000
00000000
00000000
00000000
00000000
00000000
00000000
00000000
00000000
00000000
70000000
00000000
00000000
00000000
00000000
00000000
00000000
00000000
00000000
00000000
00000000
00000000
00000000
00000000
00000000
00000000
00000000
10000014
00000001
01000000
00000001
024c0000
0000a800
30000000
10000014
00000001
01040000
00000001
024ca800
0000a800
30000000
10000014
00000001
01080000
00000001
024d5000
0000a800
30000000
10000014
00000001
010c0000
00000001
024df800
0000a800
30000000
10000014
00000001
01100000
00000001
024ea000
0000a800
30000000
10000014
00000001
01140000
00000001
024f4800
0000a800
30000000
10000014
00000001
01180000
00000001
024ff000
0000a800
30000000
10000014
00000001
011c0000
00000001
02509800
0000a800
30000000
21000030
00000001
004c0000
00000000
00000008
0000000c
00000070
00000110
00000010
00440000
00000040
00000000
00000000
40000000
21000030
00000001
004ca800
00000000
00000008
0000000c
00000070
00000130
00000030
00440020
00000040
00000000
00000000
40000000
21000030
00000001
004d5000
00000000
00000008
0000000c
00000070
00000150
00000050
00440040
00000040
00000000
00000000
40000000
21000030
00000001
004df800
00000000
00000008
0000000c
00000070
00000170
00000070
00440060
00000040
00000000
00000000
40000000
21000030
00000001
004ea000
00000000
00000008
0000000c
00000070
00000190
00000090
00440080
00000040
00000000
00000000
40000000
21000030
00000001
004f4800
00000000
00000008
0000000c
00000070
000001b0
000000b0
004400a0
00000040
00000000
00000000
40000000
21000030
00000001
004ff000
00000000
00000008
0000000c
00000070
000001d0
000000d0
004400c0
00000040
00000000
00000000
40000000
21000030
00000001
00509800
00000000
00000008
0000000c
00000070
000001f0
000000f0
004400e0
00000040
00000000
00000000
40000000
22000030
00000007
000ba600
00000000
00000003
0000000b
000000e0
00000000
00000000
004c0000
07072203
00000004
00000070
40000000
10000014
00000001
024c0000
00000001
00000c00
0002a000
30000000
10000014
00000001
024c0000
00000001
00080c00
0002a000
30000000
10000014
00000001
024c0000
00000001
00100c00
0002a000
30000000
10000014
00000001
024c0000
00000001
00180c00
0002a000
30000000
10000014
00000001
024c0000
00000001
00200c00
0002a000
30000000
10000014
00000001
024c0000
00000001
00280c00
0002a000
30000000
10000014
00000001
024c0000
00000001
00300c00
0002a000
30000000
10000014
00000001
024c0000
00000001
00380c00
0002a000
30000000
90000060
000001c0
00000307
000000ff
00000000
000000c0
00000018
00000002
00000000
00000000
00000000
00000000
00000000
00000000
00000000
00000000
00000000
00000000
00000000
00000000
00000000
00000000
00000000
00000000
00000000
70000000
00000000
00000000
00000000
00000000
00000000
00000000
00000000
00000000
00000000
00000000
00000000
00000000
00000000
00000000
00000000
00000000
10000014
00000001
01000000
00000001
024c0000
00003800
30000000
10000014
00000001
01040000
00000001
024c3800
00003800
30000000
10000014
00000001
01080000
00000001
024c7000
00003800
30000000
10000014
00000001
010c0000
00000001
024ca800
00003800
30000000
10000014
00000001
01100000
00000001
024ce000
00003800
30000000
10000014
00000001
01140000
00000001
024d1800
00003800
30000000
10000014
00000001
01180000
00000001
024d5000
00003800
30000000
10000014
00000001
011c0000
00000001
024d8800
00003800
30000000
21000030
00000001
004c0000
00000000
00000008
00000004
00000070
00000110
00000010
00494000
00000040
00000000
00000000
40000000
21000030
00000001
004c3800
00000000
00000008
00000004
00000070
00000130
00000030
00494020
00000040
00000000
00000000
40000000
21000030
00000001
004c7000
00000000
00000008
00000004
00000070
00000150
00000050
00494040
00000040
00000000
00000000
40000000
21000030
00000001
004ca800
00000000
00000008
00000004
00000070
00000170
00000070
00494060
00000040
00000000
00000000
40000000
21000030
00000001
004ce000
00000000
00000008
00000004
00000070
00000190
00000090
00494080
00000040
00000000
00000000
40000000
21000030
00000001
004d1800
00000000
00000008
00000004
00000070
000001b0
000000b0
004940a0
00000040
00000000
00000000
40000000
21000030
00000001
004d5000
00000000
00000008
00000004
00000070
000001d0
000000d0
004940c0
00000040
00000000
00000000
40000000
21000030
00000001
004d8800
00000000
00000008
00000004
00000070
000001f0
000000f0
004940e0
00000040
00000000
00000000
40000000
10000014
00000001
027c0000
00000001
03000000
00000210
30000000
22000030
00000003
001a0000
00000000
00000040
00000070
00000070
00000000
00000000
005a0000
00000000
00000000
00000000
40000000
26000030
00000001
005a0000
00000000
00000040
00000070
00000070
00000110
00000010
001a0000
00000000
00000000
00000000
40000000
20000030
00000004
001a0000
00000000
00000040
00000070
00000070
00000000
00000000
00000000
00000001
00000000
00000000
40000000
10000014
00000001
027c0420
00000001
03000000
00000210
30000000
22000030
00000003
00000000
00000000
00000040
00000038
00000038
00000000
00000000
005a0000
00000000
00000000
00000000
40000000
26000030
00000001
005a0000
00000000
00000040
00000038
00000038
00000110
00000010
00000000
00000000
00000000
00000000
40000000
10000014
00000001
027c0840
00000001
03000000
00000210
30000000
10000014
00000000
00206000
00000001
00000000
00002400
30000000
10000014
00000000
00208400
00000001
00080000
00002400
30000000
10000014
00000000
0020a800
00000001
00100000
00002400
30000000
10000014
00000000
0020cc00
00000001
00180000
00002400
30000000
10000014
00000000
0020f000
00000001
00200000
00002400
30000000
10000014
00000000
00211400
00000001
00280000
00002400
30000000
10000014
00000000
00213800
00000001
00300000
00002400
30000000
10000014
00000000
00215c00
00000001
00380000
00002400
30000000
22000030
00000003
00000000
00000000
00000040
00000038
00000038
00000000
00000000
005a0000
00000000
00000000
00000000
40000000
22000030
00000007
005a0000
00000000
00000040
00000008
00000038
00000000
00000000
004c0000
03031111
00000007
00000038
40000000
10000014
00000001
024c0000
00000001
00002400
0006e400
30000000
10000014
00000001
024c0000
00000001
00082400
0006e400
30000000
10000014
00000001
024c0000
00000001
00102400
0006e400
30000000
10000014
00000001
024c0000
00000001
00182400
0006e400
30000000
10000014
00000001
024c0000
00000001
00202400
0006e400
30000000
10000014
00000001
024c0000
00000001
00282400
0006e400
30000000
10000014
00000001
024c0000
00000001
00302400
0006e400
30000000
10000014
00000001
024c0000
00000001
00382400
0006e400
30000000
90000060
00000188
00000907
000000ff
00000000
00000240
00000048
00000002
00000000
00000000
00000000
00000000
00000000
00000000
00000000
00000000
00000000
00000000
00000000
00000000
00000000
00000000
00000000
00000000
00000000
70000000
00000000
00000000
00000000
00000000
00000000
00000000
00000000
00000000
00000000
00000000
00000000
00000000
00000000
00000000
00000000
00000000
10000014
00000001
01000000
00000001
024c0000
00003100
30000000
10000014
00000001
01040000
00000001
024c3100
00003100
30000000
10000014
00000001
01080000
00000001
024c6200
00003100
30000000
10000014
00000001
010c0000
00000001
024c9300
00003100
30000000
10000014
00000001
01100000
00000001
024cc400
00003100
30000000
10000014
00000001
01140000
00000001
024cf500
00003100
30000000
10000014
00000001
01180000
00000001
024d2600
00003100
30000000
10000014
00000001
011c0000
00000001
024d5700
00003100
30000000
21000030
00000001
004c0000
00000000
00000008
00000007
00000038
00000110
00000010
001a0000
00000040
00000000
00000000
40000000
21000030
00000001
004c3100
00000000
00000008
00000007
00000038
00000130
00000030
001a0020
00000040
00000000
00000000
40000000
21000030
00000001
004c6200
00000000
00000008
00000007
00000038
00000150
00000050
001a0040
00000040
00000000
00000000
40000000
21000030
00000001
004c9300
00000000
00000008
00000007
00000038
00000170
00000070
001a0060
00000040
00000000
00000000
40000000
21000030
00000001
004cc400
00000000
00000008
00000007
00000038
00000190
00000090
001a0080
00000040
00000000
00000000
40000000
21000030
00000001
004cf500
00000000
00000008
00000007
00000038
000001b0
000000b0
001a00a0
00000040
00000000
00000000
40000000
21000030
00000001
004d2600
00000000
00000008
00000007
00000038
000001d0
000000d0
001a00c0
00000040
00000000
00000000
40000000
21000030
00000001
004d5700
00000000
00000008
00000007
00000038
000001f0
000000f0
001a00e0
00000040
00000000
00000000
40000000
22000030
00000007
005aa800
00000000
00000040
00000009
00000038
00000000
00000000
004c0000
03031101
00000007
00000038
40000000
10000014
00000001
024c0000
00000001
00002400
0006e400
30000000
10000014
00000001
024c0000
00000001
00082400
0006e400
30000000
10000014
00000001
024c0000
00000001
00102400
0006e400
30000000
10000014
00000001
024c0000
00000001
00182400
0006e400
30000000
10000014
00000001
024c0000
00000001
00202400
0006e400
30000000
10000014
00000001
024c0000
00000001
00282400
0006e400
30000000
10000014
00000001
024c0000
00000001
00302400
0006e400
30000000
10000014
00000001
024c0000
00000001
00382400
0006e400
30000000
90000060
00000188
00000907
000000ff
00000000
00000240
00000048
00000002
00000000
00000000
00000000
00000000
00000000
00000000
00000000
00000000
00000000
00000000
00000000
00000000
00000000
00000000
00000000
00000000
00000000
70000000
00000000
00000000
00000000
00000000
00000000
00000000
00000000
00000000
00000000
00000000
00000000
00000000
00000000
00000000
00000000
00000000
10000014
00000001
01000000
00000001
024c0000
00003100
30000000
10000014
00000001
01040000
00000001
024c3100
00003100
30000000
10000014
00000001
01080000
00000001
024c6200
00003100
30000000
10000014
00000001
010c0000
00000001
024c9300
00003100
30000000
10000014
00000001
01100000
00000001
024cc400
00003100
30000000
10000014
00000001
01140000
00000001
024cf500
00003100
30000000
10000014
00000001
01180000
00000001
024d2600
00003100
30000000
10000014
00000001
011c0000
00000001
024d5700
00003100
30000000
21000030
00000001
004c0000
00000000
00000008
00000007
00000038
00000110
00000010
001b8800
00000040
00000000
00000000
40000000
21000030
00000001
004c3100
00000000
00000008
00000007
00000038
00000130
00000030
001b8820
00000040
00000000
00000000
40000000
21000030
00000001
004c6200
00000000
00000008
00000007
00000038
00000150
00000050
001b8840
00000040
00000000
00000000
40000000
21000030
00000001
004c9300
00000000
00000008
00000007
00000038
00000170
00000070
001b8860
00000040
00000000
00000000
40000000
21000030
00000001
004cc400
00000000
00000008
00000007
00000038
00000190
00000090
001b8880
00000040
00000000
00000000
40000000
21000030
00000001
004cf500
00000000
00000008
00000007
00000038
000001b0
000000b0
001b88a0
00000040
00000000
00000000
40000000
21000030
00000001
004d2600
00000000
00000008
00000007
00000038
000001d0
000000d0
001b88c0
00000040
00000000
00000000
40000000
21000030
00000001
004d5700
00000000
00000008
00000007
00000038
000001f0
000000f0
001b88e0
00000040
00000000
00000000
40000000
22000030
00000007
005b6c00
00000000
00000040
00000009
00000038
00000000
00000000
004c0000
03031101
00000007
00000038
40000000
10000014
00000001
024c0000
00000001
00002400
0006e400
30000000
10000014
00000001
024c0000
00000001
00082400
0006e400
30000000
10000014
00000001
024c0000
00000001
00102400
0006e400
30000000
10000014
00000001
024c0000
00000001
00182400
0006e400
30000000
10000014
00000001
024c0000
00000001
00202400
0006e400
30000000
10000014
00000001
024c0000
00000001
00282400
0006e400
30000000
10000014
00000001
024c0000
00000001
00302400
0006e400
30000000
10000014
00000001
024c0000
00000001
00382400
0006e400
30000000
90000060
00000188
00000907
000000ff
00000000
00000240
00000048
00000002
00000000
00000000
00000000
00000000
00000000
00000000
00000000
00000000
00000000
00000000
00000000
00000000
00000000
00000000
00000000
00000000
00000000
70000000
00000000
00000000
00000000
00000000
00000000
00000000
00000000
00000000
00000000
00000000
00000000
00000000
00000000
00000000
00000000
00000000
10000014
00000001
01000000
00000001
024c0000
00003100
30000000
10000014
00000001
01040000
00000001
024c3100
00003100
30000000
10000014
00000001
01080000
00000001
024c6200
00003100
30000000
10000014
00000001
010c0000
00000001
024c9300
00003100
30000000
10000014
00000001
01100000
00000001
024cc400
00003100
30000000
10000014
00000001
01140000
00000001
024cf500
00003100
30000000
10000014
00000001
01180000
00000001
024d2600
00003100
30000000
10000014
00000001
011c0000
00000001
024d5700
00003100
30000000
21000030
00000001
004c0000
00000000
00000008
00000007
00000038
00000110
00000010
001d1000
00000040
00000000
00000000
40000000
21000030
00000001
004c3100
00000000
00000008
00000007
00000038
00000130
00000030
001d1020
00000040
00000000
00000000
40000000
21000030
00000001
004c6200
00000000
00000008
00000007
00000038
00000150
00000050
001d1040
00000040
00000000
00000000
40000000
21000030
00000001
004c9300
00000000
00000008
00000007
00000038
00000170
00000070
001d1060
00000040
00000000
00000000
40000000
21000030
00000001
004cc400
00000000
00000008
00000007
00000038
00000190
00000090
001d1080
00000040
00000000
00000000
40000000
21000030
00000001
004cf500
00000000
00000008
00000007
00000038
000001b0
000000b0
001d10a0
00000040
00000000
00000000
40000000
21000030
00000001
004d2600
00000000
00000008
00000007
00000038
000001d0
000000d0
001d10c0
00000040
00000000
00000000
40000000
21000030
00000001
004d5700
00000000
00000008
00000007
00000038
000001f0
000000f0
001d10e0
00000040
00000000
00000000
40000000
22000030
00000007
005c3000
00000000
00000040
00000009
00000038
00000000
00000000
004c0000
03031101
00000007
00000038
40000000
10000014
00000001
024c0000
00000001
00002400
0006e400
30000000
10000014
00000001
024c0000
00000001
00082400
0006e400
30000000
10000014
00000001
024c0000
00000001
00102400
0006e400
30000000
10000014
00000001
024c0000
00000001
00182400
0006e400
30000000
10000014
00000001
024c0000
00000001
00202400
0006e400
30000000
10000014
00000001
024c0000
00000001
00282400
0006e400
30000000
10000014
00000001
024c0000
00000001
00302400
0006e400
30000000
10000014
00000001
024c0000
00000001
00382400
0006e400
30000000
90000060
00000188
00000907
000000ff
00000000
00000240
00000048
00000002
00000000
00000000
00000000
00000000
00000000
00000000
00000000
00000000
00000000
00000000
00000000
00000000
00000000
00000000
00000000
00000000
00000000
70000000
00000000
00000000
00000000
00000000
00000000
00000000
00000000
00000000
00000000
00000000
00000000
00000000
00000000
00000000
00000000
00000000
10000014
00000001
01000000
00000001
024c0000
00003100
30000000
10000014
00000001
01040000
00000001
024c3100
00003100
30000000
10000014
00000001
01080000
00000001
024c6200
00003100
30000000
10000014
00000001
010c0000
00000001
024c9300
00003100
30000000
10000014
00000001
01100000
00000001
024cc400
00003100
30000000
10000014
00000001
01140000
00000001
024cf500
00003100
30000000
10000014
00000001
01180000
00000001
024d2600
00003100
30000000
10000014
00000001
011c0000
00000001
024d5700
00003100
30000000
21000030
00000001
004c0000
00000000
00000008
00000007
00000038
00000110
00000010
001e9800
00000040
00000000
00000000
40000000
21000030
00000001
004c3100
00000000
00000008
00000007
00000038
00000130
00000030
001e9820
00000040
00000000
00000000
40000000
21000030
00000001
004c6200
00000000
00000008
00000007
00000038
00000150
00000050
001e9840
00000040
00000000
00000000
40000000
21000030
00000001
004c9300
00000000
00000008
00000007
00000038
00000170
00000070
001e9860
00000040
00000000
00000000
40000000
21000030
00000001
004cc400
00000000
00000008
00000007
00000038
00000190
00000090
001e9880
00000040
00000000
00000000
40000000
21000030
00000001
004cf500
00000000
00000008
00000007
00000038
000001b0
000000b0
001e98a0
00000040
00000000
00000000
40000000
21000030
00000001
004d2600
00000000
00000008
00000007
00000038
000001d0
000000d0
001e98c0
00000040
00000000
00000000
40000000
21000030
00000001
004d5700
00000000
00000008
00000007
00000038
000001f0
000000f0
001e98e0
00000040
00000000
00000000
40000000
22000030
00000007
005cf400
00000000
00000040
00000009
00000038
00000000
00000000
004c0000
03031101
00000007
00000038
40000000
10000014
00000001
024c0000
00000001
00002400
0006e400
30000000
10000014
00000001
024c0000
00000001
00082400
0006e400
30000000
10000014
00000001
024c0000
00000001
00102400
0006e400
30000000
10000014
00000001
024c0000
00000001
00182400
0006e400
30000000
10000014
00000001
024c0000
00000001
00202400
0006e400
30000000
10000014
00000001
024c0000
00000001
00282400
0006e400
30000000
10000014
00000001
024c0000
00000001
00302400
0006e400
30000000
10000014
00000001
024c0000
00000001
00382400
0006e400
30000000
90000060
00000188
00000907
000000ff
00000000
00000240
00000048
00000002
00000000
00000000
00000000
00000000
00000000
00000000
00000000
00000000
00000000
00000000
00000000
00000000
00000000
00000000
00000000
00000000
00000000
70000000
00000000
00000000
00000000
00000000
00000000
00000000
00000000
00000000
00000000
00000000
00000000
00000000
00000000
00000000
00000000
00000000
10000014
00000001
01000000
00000001
024c0000
00003100
30000000
10000014
00000001
01040000
00000001
024c3100
00003100
30000000
10000014
00000001
01080000
00000001
024c6200
00003100
30000000
10000014
00000001
010c0000
00000001
024c9300
00003100
30000000
10000014
00000001
01100000
00000001
024cc400
00003100
30000000
10000014
00000001
01140000
00000001
024cf500
00003100
30000000
10000014
00000001
01180000
00000001
024d2600
00003100
30000000
10000014
00000001
011c0000
00000001
024d5700
00003100
30000000
21000030
00000001
004c0000
00000000
00000008
00000007
00000038
00000110
00000010
00202000
00000040
00000000
00000000
40000000
21000030
00000001
004c3100
00000000
00000008
00000007
00000038
00000130
00000030
00202020
00000040
00000000
00000000
40000000
21000030
00000001
004c6200
00000000
00000008
00000007
00000038
00000150
00000050
00202040
00000040
00000000
00000000
40000000
21000030
00000001
004c9300
00000000
00000008
00000007
00000038
00000170
00000070
00202060
00000040
00000000
00000000
40000000
21000030
00000001
004cc400
00000000
00000008
00000007
00000038
00000190
00000090
00202080
00000040
00000000
00000000
40000000
21000030
00000001
004cf500
00000000
00000008
00000007
00000038
000001b0
000000b0
002020a0
00000040
00000000
00000000
40000000
21000030
00000001
004d2600
00000000
00000008
00000007
00000038
000001d0
000000d0
002020c0
00000040
00000000
00000000
40000000
21000030
00000001
004d5700
00000000
00000008
00000007
00000038
000001f0
000000f0
002020e0
00000040
00000000
00000000
40000000
22000030
00000007
005db800
00000000
00000040
00000009
00000038
00000000
00000000
004c0000
03031101
00000007
00000038
40000000
10000014
00000001
024c0000
00000001
00002400
0006e400
30000000
10000014
00000001
024c0000
00000001
00082400
0006e400
30000000
10000014
00000001
024c0000
00000001
00102400
0006e400
30000000
10000014
00000001
024c0000
00000001
00182400
0006e400
30000000
10000014
00000001
024c0000
00000001
00202400
0006e400
30000000
10000014
00000001
024c0000
00000001
00282400
0006e400
30000000
10000014
00000001
024c0000
00000001
00302400
0006e400
30000000
10000014
00000001
024c0000
00000001
00382400
0006e400
30000000
90000060
00000188
00000907
000000ff
00000000
00000240
00000048
00000002
00000000
00000000
00000000
00000000
00000000
00000000
00000000
00000000
00000000
00000000
00000000
00000000
00000000
00000000
00000000
00000000
00000000
70000000
00000000
00000000
00000000
00000000
00000000
00000000
00000000
00000000
00000000
00000000
00000000
00000000
00000000
00000000
00000000
00000000
10000014
00000001
01000000
00000001
024c0000
00003100
30000000
10000014
00000001
01040000
00000001
024c3100
00003100
30000000
10000014
00000001
01080000
00000001
024c6200
00003100
30000000
10000014
00000001
010c0000
00000001
024c9300
00003100
30000000
10000014
00000001
01100000
00000001
024cc400
00003100
30000000
10000014
00000001
01140000
00000001
024cf500
00003100
30000000
10000014
00000001
01180000
00000001
024d2600
00003100
30000000
10000014
00000001
011c0000
00000001
024d5700
00003100
30000000
21000030
00000001
004c0000
00000000
00000008
00000007
00000038
00000110
00000010
0021a800
00000040
00000000
00000000
40000000
21000030
00000001
004c3100
00000000
00000008
00000007
00000038
00000130
00000030
0021a820
00000040
00000000
00000000
40000000
21000030
00000001
004c6200
00000000
00000008
00000007
00000038
00000150
00000050
0021a840
00000040
00000000
00000000
40000000
21000030
00000001
004c9300
00000000
00000008
00000007
00000038
00000170
00000070
0021a860
00000040
00000000
00000000
40000000
21000030
00000001
004cc400
00000000
00000008
00000007
00000038
00000190
00000090
0021a880
00000040
00000000
00000000
40000000
21000030
00000001
004cf500
00000000
00000008
00000007
00000038
000001b0
000000b0
0021a8a0
00000040
00000000
00000000
40000000
21000030
00000001
004d2600
00000000
00000008
00000007
00000038
000001d0
000000d0
0021a8c0
00000040
00000000
00000000
40000000
21000030
00000001
004d5700
00000000
00000008
00000007
00000038
000001f0
000000f0
0021a8e0
00000040
00000000
00000000
40000000
22000030
00000007
005e7c00
00000000
00000040
00000009
00000038
00000000
00000000
004c0000
03031101
00000007
00000038
40000000
10000014
00000001
024c0000
00000001
00002400
0006e400
30000000
10000014
00000001
024c0000
00000001
00082400
0006e400
30000000
10000014
00000001
024c0000
00000001
00102400
0006e400
30000000
10000014
00000001
024c0000
00000001
00182400
0006e400
30000000
10000014
00000001
024c0000
00000001
00202400
0006e400
30000000
10000014
00000001
024c0000
00000001
00282400
0006e400
30000000
10000014
00000001
024c0000
00000001
00302400
0006e400
30000000
10000014
00000001
024c0000
00000001
00382400
0006e400
30000000
90000060
00000188
00000907
000000ff
00000000
00000240
00000048
00000002
00000000
00000000
00000000
00000000
00000000
00000000
00000000
00000000
00000000
00000000
00000000
00000000
00000000
00000000
00000000
00000000
00000000
70000000
00000000
00000000
00000000
00000000
00000000
00000000
00000000
00000000
00000000
00000000
00000000
00000000
00000000
00000000
00000000
00000000
10000014
00000001
01000000
00000001
024c0000
00003100
30000000
10000014
00000001
01040000
00000001
024c3100
00003100
30000000
10000014
00000001
01080000
00000001
024c6200
00003100
30000000
10000014
00000001
010c0000
00000001
024c9300
00003100
30000000
10000014
00000001
01100000
00000001
024cc400
00003100
30000000
10000014
00000001
01140000
00000001
024cf500
00003100
30000000
10000014
00000001
01180000
00000001
024d2600
00003100
30000000
10000014
00000001
011c0000
00000001
024d5700
00003100
30000000
21000030
00000001
004c0000
00000000
00000008
00000007
00000038
00000110
00000010
00233000
00000040
00000000
00000000
40000000
21000030
00000001
004c3100
00000000
00000008
00000007
00000038
00000130
00000030
00233020
00000040
00000000
00000000
40000000
21000030
00000001
004c6200
00000000
00000008
00000007
00000038
00000150
00000050
00233040
00000040
00000000
00000000
40000000
21000030
00000001
004c9300
00000000
00000008
00000007
00000038
00000170
00000070
00233060
00000040
00000000
00000000
40000000
21000030
00000001
004cc400
00000000
00000008
00000007
00000038
00000190
00000090
00233080
00000040
00000000
00000000
40000000
21000030
00000001
004cf500
00000000
00000008
00000007
00000038
000001b0
000000b0
002330a0
00000040
00000000
00000000
40000000
21000030
00000001
004d2600
00000000
00000008
00000007
00000038
000001d0
000000d0
002330c0
00000040
00000000
00000000
40000000
21000030
00000001
004d5700
00000000
00000008
00000007
00000038
000001f0
000000f0
002330e0
00000040
00000000
00000000
40000000
22000030
00000007
005f4000
00000000
00000040
00000008
00000038
00000000
00000000
004c0000
03031101
00000007
00000038
40000000
10000014
00000001
024c0000
00000001
00002400
0006e400
30000000
10000014
00000001
024c0000
00000001
00082400
0006e400
30000000
10000014
00000001
024c0000
00000001
00102400
0006e400
30000000
10000014
00000001
024c0000
00000001
00182400
0006e400
30000000
10000014
00000001
024c0000
00000001
00202400
0006e400
30000000
10000014
00000001
024c0000
00000001
00282400
0006e400
30000000
10000014
00000001
024c0000
00000001
00302400
0006e400
30000000
10000014
00000001
024c0000
00000001
00382400
0006e400
30000000
90000060
00000188
00000907
000000ff
00000000
00000240
00000048
00000002
00000000
00000000
00000000
00000000
00000000
00000000
00000000
00000000
00000000
00000000
00000000
00000000
00000000
00000000
00000000
00000000
00000000
70000000
00000000
00000000
00000000
00000000
00000000
00000000
00000000
00000000
00000000
00000000
00000000
00000000
00000000
00000000
00000000
00000000
10000014
00000001
01000000
00000001
024c0000
00003100
30000000
10000014
00000001
01040000
00000001
024c3100
00003100
30000000
10000014
00000001
01080000
00000001
024c6200
00003100
30000000
10000014
00000001
010c0000
00000001
024c9300
00003100
30000000
10000014
00000001
01100000
00000001
024cc400
00003100
30000000
10000014
00000001
01140000
00000001
024cf500
00003100
30000000
10000014
00000001
01180000
00000001
024d2600
00003100
30000000
10000014
00000001
011c0000
00000001
024d5700
00003100
30000000
21000030
00000001
004c0000
00000000
00000008
00000007
00000038
00000110
00000010
0024b800
00000040
00000000
00000000
40000000
21000030
00000001
004c3100
00000000
00000008
00000007
00000038
00000130
00000030
0024b820
00000040
00000000
00000000
40000000
21000030
00000001
004c6200
00000000
00000008
00000007
00000038
00000150
00000050
0024b840
00000040
00000000
00000000
40000000
21000030
00000001
004c9300
00000000
00000008
00000007
00000038
00000170
00000070
0024b860
00000040
00000000
00000000
40000000
21000030
00000001
004cc400
00000000
00000008
00000007
00000038
00000190
00000090
0024b880
00000040
00000000
00000000
40000000
21000030
00000001
004cf500
00000000
00000008
00000007
00000038
000001b0
000000b0
0024b8a0
00000040
00000000
00000000
40000000
21000030
00000001
004d2600
00000000
00000008
00000007
00000038
000001d0
000000d0
0024b8c0
00000040
00000000
00000000
40000000
21000030
00000001
004d5700
00000000
00000008
00000007
00000038
000001f0
000000f0
0024b8e0
00000040
00000000
00000000
40000000
10000014
00000001
027c0630
00000001
03000000
00000210
30000000
22000030
00000003
001a0000
00000000
00000040
00000038
00000038
00000000
00000000
005a0000
00000000
00000000
00000000
40000000
26000030
00000001
005a0000
00000000
00000040
00000038
00000038
00000110
00000010
001a0000
00000000
00000000
00000000
40000000
10000014
00000001
027c0c60
00000001
03000000
00000210
30000000
10000014
00000000
00218000
00000001
00000000
00002400
30000000
10000014
00000000
0021a400
00000001
00080000
00002400
30000000
10000014
00000000
0021c800
00000001
00100000
00002400
30000000
10000014
00000000
0021ec00
00000001
00180000
00002400
30000000
10000014
00000000
00221000
00000001
00200000
00002400
30000000
10000014
00000000
00223400
00000001
00280000
00002400
30000000
10000014
00000000
00225800
00000001
00300000
00002400
30000000
10000014
00000000
00227c00
00000001
00380000
00002400
30000000
22000030
00000003
001a0000
00000000
00000040
00000038
00000038
00000000
00000000
001a0000
00000000
00000000
00000000
40000000
22000030
00000007
001a0000
00000000
00000040
00000008
00000038
00000000
00000000
004c0000
03031111
00000007
00000038
40000000
10000014
00000001
024c0000
00000001
00002400
0006e400
30000000
10000014
00000001
024c0000
00000001
00082400
0006e400
30000000
10000014
00000001
024c0000
00000001
00102400
0006e400
30000000
10000014
00000001
024c0000
00000001
00182400
0006e400
30000000
10000014
00000001
024c0000
00000001
00202400
0006e400
30000000
10000014
00000001
024c0000
00000001
00282400
0006e400
30000000
10000014
00000001
024c0000
00000001
00302400
0006e400
30000000
10000014
00000001
024c0000
00000001
00382400
0006e400
30000000
90000060
00000188
00000907
000000ff
00000000
00000240
00000048
00000002
00000000
00000000
00000000
00000000
00000000
00000000
00000000
00000000
00000000
00000000
00000000
00000000
00000000
00000000
00000000
00000000
00000000
70000000
00000000
00000000
00000000
00000000
00000000
00000000
00000000
00000000
00000000
00000000
00000000
00000000
00000000
00000000
00000000
00000000
10000014
00000001
01000000
00000001
024c0000
00003100
30000000
10000014
00000001
01040000
00000001
024c3100
00003100
30000000
10000014
00000001
01080000
00000001
024c6200
00003100
30000000
10000014
00000001
010c0000
00000001
024c9300
00003100
30000000
10000014
00000001
01100000
00000001
024cc400
00003100
30000000
10000014
00000001
01140000
00000001
024cf500
00003100
30000000
10000014
00000001
01180000
00000001
024d2600
00003100
30000000
10000014
00000001
011c0000
00000001
024d5700
00003100
30000000
20000030
00000001
004c0000
00000000
00000008
00000007
00000038
00000110
00000010
005a0000
00000040
00000000
00000000
40000000
20000030
00000001
004c3100
00000000
00000008
00000007
00000038
00000130
00000030
005a0020
00000040
00000000
00000000
40000000
20000030
00000001
004c6200
00000000
00000008
00000007
00000038
00000150
00000050
005a0040
00000040
00000000
00000000
40000000
20000030
00000001
004c9300
00000000
00000008
00000007
00000038
00000170
00000070
005a0060
00000040
00000000
00000000
40000000
20000030
00000001
004cc400
00000000
00000008
00000007
00000038
00000190
00000090
005a0080
00000040
00000000
00000000
40000000
20000030
00000001
004cf500
00000000
00000008
00000007
00000038
000001b0
000000b0
005a00a0
00000040
00000000
00000000
40000000
20000030
00000001
004d2600
00000000
00000008
00000007
00000038
000001d0
000000d0
005a00c0
00000040
00000000
00000000
40000000
20000030
00000001
004d5700
00000000
00000008
00000007
00000038
000001f0
000000f0
005a00e0
00000040
00000000
00000000
40000000
22000030
00000007
001aa800
00000000
00000040
00000009
00000038
00000000
00000000
004c0000
03031101
00000007
00000038
40000000
10000014
00000001
024c0000
00000001
00002400
0006e400
30000000
10000014
00000001
024c0000
00000001
00082400
0006e400
30000000
10000014
00000001
024c0000
00000001
00102400
0006e400
30000000
10000014
00000001
024c0000
00000001
00182400
0006e400
30000000
10000014
00000001
024c0000
00000001
00202400
0006e400
30000000
10000014
00000001
024c0000
00000001
00282400
0006e400
30000000
10000014
00000001
024c0000
00000001
00302400
0006e400
30000000
10000014
00000001
024c0000
00000001
00382400
0006e400
30000000
90000060
00000188
00000907
000000ff
00000000
00000240
00000048
00000002
00000000
00000000
00000000
00000000
00000000
00000000
00000000
00000000
00000000
00000000
00000000
00000000
00000000
00000000
00000000
00000000
00000000
70000000
00000000
00000000
00000000
00000000
00000000
00000000
00000000
00000000
00000000
00000000
00000000
00000000
00000000
00000000
00000000
00000000
10000014
00000001
01000000
00000001
024c0000
00003100
30000000
10000014
00000001
01040000
00000001
024c3100
00003100
30000000
10000014
00000001
01080000
00000001
024c6200
00003100
30000000
10000014
00000001
010c0000
00000001
024c9300
00003100
30000000
10000014
00000001
01100000
00000001
024cc400
00003100
30000000
10000014
00000001
01140000
00000001
024cf500
00003100
30000000
10000014
00000001
01180000
00000001
024d2600
00003100
30000000
10000014
00000001
011c0000
00000001
024d5700
00003100
30000000
20000030
00000001
004c0000
00000000
00000008
00000007
00000038
00000110
00000010
005b8800
00000040
00000000
00000000
40000000
20000030
00000001
004c3100
00000000
00000008
00000007
00000038
00000130
00000030
005b8820
00000040
00000000
00000000
40000000
20000030
00000001
004c6200
00000000
00000008
00000007
00000038
00000150
00000050
005b8840
00000040
00000000
00000000
40000000
20000030
00000001
004c9300
00000000
00000008
00000007
00000038
00000170
00000070
005b8860
00000040
00000000
00000000
40000000
20000030
00000001
004cc400
00000000
00000008
00000007
00000038
00000190
00000090
005b8880
00000040
00000000
00000000
40000000
20000030
00000001
004cf500
00000000
00000008
00000007
00000038
000001b0
000000b0
005b88a0
00000040
00000000
00000000
40000000
20000030
00000001
004d2600
00000000
00000008
00000007
00000038
000001d0
000000d0
005b88c0
00000040
00000000
00000000
40000000
20000030
00000001
004d5700
00000000
00000008
00000007
00000038
000001f0
000000f0
005b88e0
00000040
00000000
00000000
40000000
22000030
00000007
001b6c00
00000000
00000040
00000009
00000038
00000000
00000000
004c0000
03031101
00000007
00000038
40000000
10000014
00000001
024c0000
00000001
00002400
0006e400
30000000
10000014
00000001
024c0000
00000001
00082400
0006e400
30000000
10000014
00000001
024c0000
00000001
00102400
0006e400
30000000
10000014
00000001
024c0000
00000001
00182400
0006e400
30000000
10000014
00000001
024c0000
00000001
00202400
0006e400
30000000
10000014
00000001
024c0000
00000001
00282400
0006e400
30000000
10000014
00000001
024c0000
00000001
00302400
0006e400
30000000
10000014
00000001
024c0000
00000001
00382400
0006e400
30000000
90000060
00000188
00000907
000000ff
00000000
00000240
00000048
00000002
00000000
00000000
00000000
00000000
00000000
00000000
00000000
00000000
00000000
00000000
00000000
00000000
00000000
00000000
00000000
00000000
00000000
70000000
00000000
00000000
00000000
00000000
00000000
00000000
00000000
00000000
00000000
00000000
00000000
00000000
00000000
00000000
00000000
00000000
10000014
00000001
01000000
00000001
024c0000
00003100
30000000
10000014
00000001
01040000
00000001
024c3100
00003100
30000000
10000014
00000001
01080000
00000001
024c6200
00003100
30000000
10000014
00000001
010c0000
00000001
024c9300
00003100
30000000
10000014
00000001
01100000
00000001
024cc400
00003100
30000000
10000014
00000001
01140000
00000001
024cf500
00003100
30000000
10000014
00000001
01180000
00000001
024d2600
00003100
30000000
10000014
00000001
011c0000
00000001
024d5700
00003100
30000000
20000030
00000001
004c0000
00000000
00000008
00000007
00000038
00000110
00000010
005d1000
00000040
00000000
00000000
40000000
20000030
00000001
004c3100
00000000
00000008
00000007
00000038
00000130
00000030
005d1020
00000040
00000000
00000000
40000000
20000030
00000001
004c6200
00000000
00000008
00000007
00000038
00000150
00000050
005d1040
00000040
00000000
00000000
40000000
20000030
00000001
004c9300
00000000
00000008
00000007
00000038
00000170
00000070
005d1060
00000040
00000000
00000000
40000000
20000030
00000001
004cc400
00000000
00000008
00000007
00000038
00000190
00000090
005d1080
00000040
00000000
00000000
40000000
20000030
00000001
004cf500
00000000
00000008
00000007
00000038
000001b0
000000b0
005d10a0
00000040
00000000
00000000
40000000
20000030
00000001
004d2600
00000000
00000008
00000007
00000038
000001d0
000000d0
005d10c0
00000040
00000000
00000000
40000000
20000030
00000001
004d5700
00000000
00000008
00000007
00000038
000001f0
000000f0
005d10e0
00000040
00000000
00000000
40000000
22000030
00000007
001c3000
00000000
00000040
00000009
00000038
00000000
00000000
004c0000
03031101
00000007
00000038
40000000
10000014
00000001
024c0000
00000001
00002400
0006e400
30000000
10000014
00000001
024c0000
00000001
00082400
0006e400
30000000
10000014
00000001
024c0000
00000001
00102400
0006e400
30000000
10000014
00000001
024c0000
00000001
00182400
0006e400
30000000
10000014
00000001
024c0000
00000001
00202400
0006e400
30000000
10000014
00000001
024c0000
00000001
00282400
0006e400
30000000
10000014
00000001
024c0000
00000001
00302400
0006e400
30000000
10000014
00000001
024c0000
00000001
00382400
0006e400
30000000
90000060
00000188
00000907
000000ff
00000000
00000240
00000048
00000002
00000000
00000000
00000000
00000000
00000000
00000000
00000000
00000000
00000000
00000000
00000000
00000000
00000000
00000000
00000000
00000000
00000000
70000000
00000000
00000000
00000000
00000000
00000000
00000000
00000000
00000000
00000000
00000000
00000000
00000000
00000000
00000000
00000000
00000000
10000014
00000001
01000000
00000001
024c0000
00003100
30000000
10000014
00000001
01040000
00000001
024c3100
00003100
30000000
10000014
00000001
01080000
00000001
024c6200
00003100
30000000
10000014
00000001
010c0000
00000001
024c9300
00003100
30000000
10000014
00000001
01100000
00000001
024cc400
00003100
30000000
10000014
00000001
01140000
00000001
024cf500
00003100
30000000
10000014
00000001
01180000
00000001
024d2600
00003100
30000000
10000014
00000001
011c0000
00000001
024d5700
00003100
30000000
20000030
00000001
004c0000
00000000
00000008
00000007
00000038
00000110
00000010
005e9800
00000040
00000000
00000000
40000000
20000030
00000001
004c3100
00000000
00000008
00000007
00000038
00000130
00000030
005e9820
00000040
00000000
00000000
40000000
20000030
00000001
004c6200
00000000
00000008
00000007
00000038
00000150
00000050
005e9840
00000040
00000000
00000000
40000000
20000030
00000001
004c9300
00000000
00000008
00000007
00000038
00000170
00000070
005e9860
00000040
00000000
00000000
40000000
20000030
00000001
004cc400
00000000
00000008
00000007
00000038
00000190
00000090
005e9880
00000040
00000000
00000000
40000000
20000030
00000001
004cf500
00000000
00000008
00000007
00000038
000001b0
000000b0
005e98a0
00000040
00000000
00000000
40000000
20000030
00000001
004d2600
00000000
00000008
00000007
00000038
000001d0
000000d0
005e98c0
00000040
00000000
00000000
40000000
20000030
00000001
004d5700
00000000
00000008
00000007
00000038
000001f0
000000f0
005e98e0
00000040
00000000
00000000
40000000
22000030
00000007
001cf400
00000000
00000040
00000009
00000038
00000000
00000000
004c0000
03031101
00000007
00000038
40000000
10000014
00000001
024c0000
00000001
00002400
0006e400
30000000
10000014
00000001
024c0000
00000001
00082400
0006e400
30000000
10000014
00000001
024c0000
00000001
00102400
0006e400
30000000
10000014
00000001
024c0000
00000001
00182400
0006e400
30000000
10000014
00000001
024c0000
00000001
00202400
0006e400
30000000
10000014
00000001
024c0000
00000001
00282400
0006e400
30000000
10000014
00000001
024c0000
00000001
00302400
0006e400
30000000
10000014
00000001
024c0000
00000001
00382400
0006e400
30000000
90000060
00000188
00000907
000000ff
00000000
00000240
00000048
00000002
00000000
00000000
00000000
00000000
00000000
00000000
00000000
00000000
00000000
00000000
00000000
00000000
00000000
00000000
00000000
00000000
00000000
70000000
00000000
00000000
00000000
00000000
00000000
00000000
00000000
00000000
00000000
00000000
00000000
00000000
00000000
00000000
00000000
00000000
10000014
00000001
01000000
00000001
024c0000
00003100
30000000
10000014
00000001
01040000
00000001
024c3100
00003100
30000000
10000014
00000001
01080000
00000001
024c6200
00003100
30000000
10000014
00000001
010c0000
00000001
024c9300
00003100
30000000
10000014
00000001
01100000
00000001
024cc400
00003100
30000000
10000014
00000001
01140000
00000001
024cf500
00003100
30000000
10000014
00000001
01180000
00000001
024d2600
00003100
30000000
10000014
00000001
011c0000
00000001
024d5700
00003100
30000000
20000030
00000001
004c0000
00000000
00000008
00000007
00000038
00000110
00000010
00602000
00000040
00000000
00000000
40000000
20000030
00000001
004c3100
00000000
00000008
00000007
00000038
00000130
00000030
00602020
00000040
00000000
00000000
40000000
20000030
00000001
004c6200
00000000
00000008
00000007
00000038
00000150
00000050
00602040
00000040
00000000
00000000
40000000
20000030
00000001
004c9300
00000000
00000008
00000007
00000038
00000170
00000070
00602060
00000040
00000000
00000000
40000000
20000030
00000001
004cc400
00000000
00000008
00000007
00000038
00000190
00000090
00602080
00000040
00000000
00000000
40000000
20000030
00000001
004cf500
00000000
00000008
00000007
00000038
000001b0
000000b0
006020a0
00000040
00000000
00000000
40000000
20000030
00000001
004d2600
00000000
00000008
00000007
00000038
000001d0
000000d0
006020c0
00000040
00000000
00000000
40000000
20000030
00000001
004d5700
00000000
00000008
00000007
00000038
000001f0
000000f0
006020e0
00000040
00000000
00000000
40000000
22000030
00000007
001db800
00000000
00000040
00000009
00000038
00000000
00000000
004c0000
03031101
00000007
00000038
40000000
10000014
00000001
024c0000
00000001
00002400
0006e400
30000000
10000014
00000001
024c0000
00000001
00082400
0006e400
30000000
10000014
00000001
024c0000
00000001
00102400
0006e400
30000000
10000014
00000001
024c0000
00000001
00182400
0006e400
30000000
10000014
00000001
024c0000
00000001
00202400
0006e400
30000000
10000014
00000001
024c0000
00000001
00282400
0006e400
30000000
10000014
00000001
024c0000
00000001
00302400
0006e400
30000000
10000014
00000001
024c0000
00000001
00382400
0006e400
30000000
90000060
00000188
00000907
000000ff
00000000
00000240
00000048
00000002
00000000
00000000
00000000
00000000
00000000
00000000
00000000
00000000
00000000
00000000
00000000
00000000
00000000
00000000
00000000
00000000
00000000
70000000
00000000
00000000
00000000
00000000
00000000
00000000
00000000
00000000
00000000
00000000
00000000
00000000
00000000
00000000
00000000
00000000
10000014
00000001
01000000
00000001
024c0000
00003100
30000000
10000014
00000001
01040000
00000001
024c3100
00003100
30000000
10000014
00000001
01080000
00000001
024c6200
00003100
30000000
10000014
00000001
010c0000
00000001
024c9300
00003100
30000000
10000014
00000001
01100000
00000001
024cc400
00003100
30000000
10000014
00000001
01140000
00000001
024cf500
00003100
30000000
10000014
00000001
01180000
00000001
024d2600
00003100
30000000
10000014
00000001
011c0000
00000001
024d5700
00003100
30000000
20000030
00000001
004c0000
00000000
00000008
00000007
00000038
00000110
00000010
0061a800
00000040
00000000
00000000
40000000
20000030
00000001
004c3100
00000000
00000008
00000007
00000038
00000130
00000030
0061a820
00000040
00000000
00000000
40000000
20000030
00000001
004c6200
00000000
00000008
00000007
00000038
00000150
00000050
0061a840
00000040
00000000
00000000
40000000
20000030
00000001
004c9300
00000000
00000008
00000007
00000038
00000170
00000070
0061a860
00000040
00000000
00000000
40000000
20000030
00000001
004cc400
00000000
00000008
00000007
00000038
00000190
00000090
0061a880
00000040
00000000
00000000
40000000
20000030
00000001
004cf500
00000000
00000008
00000007
00000038
000001b0
000000b0
0061a8a0
00000040
00000000
00000000
40000000
20000030
00000001
004d2600
00000000
00000008
00000007
00000038
000001d0
000000d0
0061a8c0
00000040
00000000
00000000
40000000
20000030
00000001
004d5700
00000000
00000008
00000007
00000038
000001f0
000000f0
0061a8e0
00000040
00000000
00000000
40000000
22000030
00000007
001e7c00
00000000
00000040
00000009
00000038
00000000
00000000
004c0000
03031101
00000007
00000038
40000000
10000014
00000001
024c0000
00000001
00002400
0006e400
30000000
10000014
00000001
024c0000
00000001
00082400
0006e400
30000000
10000014
00000001
024c0000
00000001
00102400
0006e400
30000000
10000014
00000001
024c0000
00000001
00182400
0006e400
30000000
10000014
00000001
024c0000
00000001
00202400
0006e400
30000000
10000014
00000001
024c0000
00000001
00282400
0006e400
30000000
10000014
00000001
024c0000
00000001
00302400
0006e400
30000000
10000014
00000001
024c0000
00000001
00382400
0006e400
30000000
90000060
00000188
00000907
000000ff
00000000
00000240
00000048
00000002
00000000
00000000
00000000
00000000
00000000
00000000
00000000
00000000
00000000
00000000
00000000
00000000
00000000
00000000
00000000
00000000
00000000
70000000
00000000
00000000
00000000
00000000
00000000
00000000
00000000
00000000
00000000
00000000
00000000
00000000
00000000
00000000
00000000
00000000
10000014
00000001
01000000
00000001
024c0000
00003100
30000000
10000014
00000001
01040000
00000001
024c3100
00003100
30000000
10000014
00000001
01080000
00000001
024c6200
00003100
30000000
10000014
00000001
010c0000
00000001
024c9300
00003100
30000000
10000014
00000001
01100000
00000001
024cc400
00003100
30000000
10000014
00000001
01140000
00000001
024cf500
00003100
30000000
10000014
00000001
01180000
00000001
024d2600
00003100
30000000
10000014
00000001
011c0000
00000001
024d5700
00003100
30000000
20000030
00000001
004c0000
00000000
00000008
00000007
00000038
00000110
00000010
00633000
00000040
00000000
00000000
40000000
20000030
00000001
004c3100
00000000
00000008
00000007
00000038
00000130
00000030
00633020
00000040
00000000
00000000
40000000
20000030
00000001
004c6200
00000000
00000008
00000007
00000038
00000150
00000050
00633040
00000040
00000000
00000000
40000000
20000030
00000001
004c9300
00000000
00000008
00000007
00000038
00000170
00000070
00633060
00000040
00000000
00000000
40000000
20000030
00000001
004cc400
00000000
00000008
00000007
00000038
00000190
00000090
00633080
00000040
00000000
00000000
40000000
20000030
00000001
004cf500
00000000
00000008
00000007
00000038
000001b0
000000b0
006330a0
00000040
00000000
00000000
40000000
20000030
00000001
004d2600
00000000
00000008
00000007
00000038
000001d0
000000d0
006330c0
00000040
00000000
00000000
40000000
20000030
00000001
004d5700
00000000
00000008
00000007
00000038
000001f0
000000f0
006330e0
00000040
00000000
00000000
40000000
22000030
00000007
001f4000
00000000
00000040
00000008
00000038
00000000
00000000
004c0000
03031101
00000007
00000038
40000000
10000014
00000001
024c0000
00000001
00002400
0006e400
30000000
10000014
00000001
024c0000
00000001
00082400
0006e400
30000000
10000014
00000001
024c0000
00000001
00102400
0006e400
30000000
10000014
00000001
024c0000
00000001
00182400
0006e400
30000000
10000014
00000001
024c0000
00000001
00202400
0006e400
30000000
10000014
00000001
024c0000
00000001
00282400
0006e400
30000000
10000014
00000001
024c0000
00000001
00302400
0006e400
30000000
10000014
00000001
024c0000
00000001
00382400
0006e400
30000000
90000060
00000188
00000907
000000ff
00000000
00000240
00000048
00000002
00000000
00000000
00000000
00000000
00000000
00000000
00000000
00000000
00000000
00000000
00000000
00000000
00000000
00000000
00000000
00000000
00000000
70000000
00000000
00000000
00000000
00000000
00000000
00000000
00000000
00000000
00000000
00000000
00000000
00000000
00000000
00000000
00000000
00000000
10000014
00000001
01000000
00000001
024c0000
00003100
30000000
10000014
00000001
01040000
00000001
024c3100
00003100
30000000
10000014
00000001
01080000
00000001
024c6200
00003100
30000000
10000014
00000001
010c0000
00000001
024c9300
00003100
30000000
10000014
00000001
01100000
00000001
024cc400
00003100
30000000
10000014
00000001
01140000
00000001
024cf500
00003100
30000000
10000014
00000001
01180000
00000001
024d2600
00003100
30000000
10000014
00000001
011c0000
00000001
024d5700
00003100
30000000
20000030
00000001
004c0000
00000000
00000008
00000007
00000038
00000110
00000010
0064b800
00000040
00000000
00000000
40000000
20000030
00000001
004c3100
00000000
00000008
00000007
00000038
00000130
00000030
0064b820
00000040
00000000
00000000
40000000
20000030
00000001
004c6200
00000000
00000008
00000007
00000038
00000150
00000050
0064b840
00000040
00000000
00000000
40000000
20000030
00000001
004c9300
00000000
00000008
00000007
00000038
00000170
00000070
0064b860
00000040
00000000
00000000
40000000
20000030
00000001
004cc400
00000000
00000008
00000007
00000038
00000190
00000090
0064b880
00000040
00000000
00000000
40000000
20000030
00000001
004cf500
00000000
00000008
00000007
00000038
000001b0
000000b0
0064b8a0
00000040
00000000
00000000
40000000
20000030
00000001
004d2600
00000000
00000008
00000007
00000038
000001d0
000000d0
0064b8c0
00000040
00000000
00000000
40000000
20000030
00000001
004d5700
00000000
00000008
00000007
00000038
000001f0
000000f0
0064b8e0
00000040
00000000
00000000
40000000
10000014
00000001
027c0a50
00000001
03000000
00000210
30000000
22000030
00000003
005a0000
00000000
00000040
00000038
00000038
00000000
00000000
00664000
00000000
00000000
00000000
40000000
26000030
00000001
00664000
00000000
00000040
00000038
00000038
00000110
00000010
005a0000
00000000
00000000
00000000
40000000
10000014
00000001
027c0e70
00000001
03000000
00000210
30000000
20000030
00000006
005a0000
00000000
00000040
00000038
00000038
00000000
00000000
001a0000
00000001
00000000
00000000
40000000
22000030
00000003
001a0000
00000000
00000040
00000038
00000038
00000000
00000000
00664000
00000000
00000000
00000000
40000000
26000030
00000001
00664000
00000000
00000040
00000038
00000038
00000110
00000010
001a0000
00000000
00000000
00000000
40000000
10000014
00000001
027c1290
00000001
03000000
00000210
30000000
10000014
00000000
0022a000
00000001
00000000
00002400
30000000
10000014
00000000
0022c400
00000001
00080000
00002400
30000000
10000014
00000000
0022e800
00000001
00100000
00002400
30000000
10000014
00000000
00230c00
00000001
00180000
00002400
30000000
10000014
00000000
00233000
00000001
00200000
00002400
30000000
10000014
00000000
00235400
00000001
00280000
00002400
30000000
10000014
00000000
00237800
00000001
00300000
00002400
30000000
10000014
00000000
00239c00
00000001
00380000
00002400
30000000
22000030
00000003
001a0000
00000000
00000040
00000038
00000038
00000000
00000000
005a0000
00000000
00000000
00000000
40000000
22000030
00000007
005a0000
00000000
00000040
00000008
00000038
00000000
00000000
004c0000
03031111
00000007
00000038
40000000
10000014
00000001
024c0000
00000001
00002400
0006e400
30000000
10000014
00000001
024c0000
00000001
00082400
0006e400
30000000
10000014
00000001
024c0000
00000001
00102400
0006e400
30000000
10000014
00000001
024c0000
00000001
00182400
0006e400
30000000
10000014
00000001
024c0000
00000001
00202400
0006e400
30000000
10000014
00000001
024c0000
00000001
00282400
0006e400
30000000
10000014
00000001
024c0000
00000001
00302400
0006e400
30000000
10000014
00000001
024c0000
00000001
00382400
0006e400
30000000
90000060
00000188
00000907
000000ff
00000000
00000240
00000048
00000002
00000000
00000000
00000000
00000000
00000000
00000000
00000000
00000000
00000000
00000000
00000000
00000000
00000000
00000000
00000000
00000000
00000000
70000000
00000000
00000000
00000000
00000000
00000000
00000000
00000000
00000000
00000000
00000000
00000000
00000000
00000000
00000000
00000000
00000000
10000014
00000001
01000000
00000001
024c0000
00003100
30000000
10000014
00000001
01040000
00000001
024c3100
00003100
30000000
10000014
00000001
01080000
00000001
024c6200
00003100
30000000
10000014
00000001
010c0000
00000001
024c9300
00003100
30000000
10000014
00000001
01100000
00000001
024cc400
00003100
30000000
10000014
00000001
01140000
00000001
024cf500
00003100
30000000
10000014
00000001
01180000
00000001
024d2600
00003100
30000000
10000014
00000001
011c0000
00000001
024d5700
00003100
30000000
21000030
00000001
004c0000
00000000
00000008
00000007
00000038
00000110
00000010
00000000
00000040
00000000
00000000
40000000
21000030
00000001
004c3100
00000000
00000008
00000007
00000038
00000130
00000030
00000020
00000040
00000000
00000000
40000000
21000030
00000001
004c6200
00000000
00000008
00000007
00000038
00000150
00000050
00000040
00000040
00000000
00000000
40000000
21000030
00000001
004c9300
00000000
00000008
00000007
00000038
00000170
00000070
00000060
00000040
00000000
00000000
40000000
21000030
00000001
004cc400
00000000
00000008
00000007
00000038
00000190
00000090
00000080
00000040
00000000
00000000
40000000
21000030
00000001
004cf500
00000000
00000008
00000007
00000038
000001b0
000000b0
000000a0
00000040
00000000
00000000
40000000
21000030
00000001
004d2600
00000000
00000008
00000007
00000038
000001d0
000000d0
000000c0
00000040
00000000
00000000
40000000
21000030
00000001
004d5700
00000000
00000008
00000007
00000038
000001f0
000000f0
000000e0
00000040
00000000
00000000
40000000
22000030
00000007
005aa800
00000000
00000040
00000009
00000038
00000000
00000000
004c0000
03031101
00000007
00000038
40000000
10000014
00000001
024c0000
00000001
00002400
0006e400
30000000
10000014
00000001
024c0000
00000001
00082400
0006e400
30000000
10000014
00000001
024c0000
00000001
00102400
0006e400
30000000
10000014
00000001
024c0000
00000001
00182400
0006e400
30000000
10000014
00000001
024c0000
00000001
00202400
0006e400
30000000
10000014
00000001
024c0000
00000001
00282400
0006e400
30000000
10000014
00000001
024c0000
00000001
00302400
0006e400
30000000
10000014
00000001
024c0000
00000001
00382400
0006e400
30000000
90000060
00000188
00000907
000000ff
00000000
00000240
00000048
00000002
00000000
00000000
00000000
00000000
00000000
00000000
00000000
00000000
00000000
00000000
00000000
00000000
00000000
00000000
00000000
00000000
00000000
70000000
00000000
00000000
00000000
00000000
00000000
00000000
00000000
00000000
00000000
00000000
00000000
00000000
00000000
00000000
00000000
00000000
10000014
00000001
01000000
00000001
024c0000
00003100
30000000
10000014
00000001
01040000
00000001
024c3100
00003100
30000000
10000014
00000001
01080000
00000001
024c6200
00003100
30000000
10000014
00000001
010c0000
00000001
024c9300
00003100
30000000
10000014
00000001
01100000
00000001
024cc400
00003100
30000000
10000014
00000001
01140000
00000001
024cf500
00003100
30000000
10000014
00000001
01180000
00000001
024d2600
00003100
30000000
10000014
00000001
011c0000
00000001
024d5700
00003100
30000000
21000030
00000001
004c0000
00000000
00000008
00000007
00000038
00000110
00000010
00018800
00000040
00000000
00000000
40000000
21000030
00000001
004c3100
00000000
00000008
00000007
00000038
00000130
00000030
00018820
00000040
00000000
00000000
40000000
21000030
00000001
004c6200
00000000
00000008
00000007
00000038
00000150
00000050
00018840
00000040
00000000
00000000
40000000
21000030
00000001
004c9300
00000000
00000008
00000007
00000038
00000170
00000070
00018860
00000040
00000000
00000000
40000000
21000030
00000001
004cc400
00000000
00000008
00000007
00000038
00000190
00000090
00018880
00000040
00000000
00000000
40000000
21000030
00000001
004cf500
00000000
00000008
00000007
00000038
000001b0
000000b0
000188a0
00000040
00000000
00000000
40000000
21000030
00000001
004d2600
00000000
00000008
00000007
00000038
000001d0
000000d0
000188c0
00000040
00000000
00000000
40000000
21000030
00000001
004d5700
00000000
00000008
00000007
00000038
000001f0
000000f0
000188e0
00000040
00000000
00000000
40000000
22000030
00000007
005b6c00
00000000
00000040
00000009
00000038
00000000
00000000
004c0000
03031101
00000007
00000038
40000000
10000014
00000001
024c0000
00000001
00002400
0006e400
30000000
10000014
00000001
024c0000
00000001
00082400
0006e400
30000000
10000014
00000001
024c0000
00000001
00102400
0006e400
30000000
10000014
00000001
024c0000
00000001
00182400
0006e400
30000000
10000014
00000001
024c0000
00000001
00202400
0006e400
30000000
10000014
00000001
024c0000
00000001
00282400
0006e400
30000000
10000014
00000001
024c0000
00000001
00302400
0006e400
30000000
10000014
00000001
024c0000
00000001
00382400
0006e400
30000000
90000060
00000188
00000907
000000ff
00000000
00000240
00000048
00000002
00000000
00000000
00000000
00000000
00000000
00000000
00000000
00000000
00000000
00000000
00000000
00000000
00000000
00000000
00000000
00000000
00000000
70000000
00000000
00000000
00000000
00000000
00000000
00000000
00000000
00000000
00000000
00000000
00000000
00000000
00000000
00000000
00000000
00000000
10000014
00000001
01000000
00000001
024c0000
00003100
30000000
10000014
00000001
01040000
00000001
024c3100
00003100
30000000
10000014
00000001
01080000
00000001
024c6200
00003100
30000000
10000014
00000001
010c0000
00000001
024c9300
00003100
30000000
10000014
00000001
01100000
00000001
024cc400
00003100
30000000
10000014
00000001
01140000
00000001
024cf500
00003100
30000000
10000014
00000001
01180000
00000001
024d2600
00003100
30000000
10000014
00000001
011c0000
00000001
024d5700
00003100
30000000
21000030
00000001
004c0000
00000000
00000008
00000007
00000038
00000110
00000010
00031000
00000040
00000000
00000000
40000000
21000030
00000001
004c3100
00000000
00000008
00000007
00000038
00000130
00000030
00031020
00000040
00000000
00000000
40000000
21000030
00000001
004c6200
00000000
00000008
00000007
00000038
00000150
00000050
00031040
00000040
00000000
00000000
40000000
21000030
00000001
004c9300
00000000
00000008
00000007
00000038
00000170
00000070
00031060
00000040
00000000
00000000
40000000
21000030
00000001
004cc400
00000000
00000008
00000007
00000038
00000190
00000090
00031080
00000040
00000000
00000000
40000000
21000030
00000001
004cf500
00000000
00000008
00000007
00000038
000001b0
000000b0
000310a0
00000040
00000000
00000000
40000000
21000030
00000001
004d2600
00000000
00000008
00000007
00000038
000001d0
000000d0
000310c0
00000040
00000000
00000000
40000000
21000030
00000001
004d5700
00000000
00000008
00000007
00000038
000001f0
000000f0
000310e0
00000040
00000000
00000000
40000000
22000030
00000007
005c3000
00000000
00000040
00000009
00000038
00000000
00000000
004c0000
03031101
00000007
00000038
40000000
10000014
00000001
024c0000
00000001
00002400
0006e400
30000000
10000014
00000001
024c0000
00000001
00082400
0006e400
30000000
10000014
00000001
024c0000
00000001
00102400
0006e400
30000000
10000014
00000001
024c0000
00000001
00182400
0006e400
30000000
10000014
00000001
024c0000
00000001
00202400
0006e400
30000000
10000014
00000001
024c0000
00000001
00282400
0006e400
30000000
10000014
00000001
024c0000
00000001
00302400
0006e400
30000000
10000014
00000001
024c0000
00000001
00382400
0006e400
30000000
90000060
00000188
00000907
000000ff
00000000
00000240
00000048
00000002
00000000
00000000
00000000
00000000
00000000
00000000
00000000
00000000
00000000
00000000
00000000
00000000
00000000
00000000
00000000
00000000
00000000
70000000
00000000
00000000
00000000
00000000
00000000
00000000
00000000
00000000
00000000
00000000
00000000
00000000
00000000
00000000
00000000
00000000
10000014
00000001
01000000
00000001
024c0000
00003100
30000000
10000014
00000001
01040000
00000001
024c3100
00003100
30000000
10000014
00000001
01080000
00000001
024c6200
00003100
30000000
10000014
00000001
010c0000
00000001
024c9300
00003100
30000000
10000014
00000001
01100000
00000001
024cc400
00003100
30000000
10000014
00000001
01140000
00000001
024cf500
00003100
30000000
10000014
00000001
01180000
00000001
024d2600
00003100
30000000
10000014
00000001
011c0000
00000001
024d5700
00003100
30000000
21000030
00000001
004c0000
00000000
00000008
00000007
00000038
00000110
00000010
00049800
00000040
00000000
00000000
40000000
21000030
00000001
004c3100
00000000
00000008
00000007
00000038
00000130
00000030
00049820
00000040
00000000
00000000
40000000
21000030
00000001
004c6200
00000000
00000008
00000007
00000038
00000150
00000050
00049840
00000040
00000000
00000000
40000000
21000030
00000001
004c9300
00000000
00000008
00000007
00000038
00000170
00000070
00049860
00000040
00000000
00000000
40000000
21000030
00000001
004cc400
00000000
00000008
00000007
00000038
00000190
00000090
00049880
00000040
00000000
00000000
40000000
21000030
00000001
004cf500
00000000
00000008
00000007
00000038
000001b0
000000b0
000498a0
00000040
00000000
00000000
40000000
21000030
00000001
004d2600
00000000
00000008
00000007
00000038
000001d0
000000d0
000498c0
00000040
00000000
00000000
40000000
21000030
00000001
004d5700
00000000
00000008
00000007
00000038
000001f0
000000f0
000498e0
00000040
00000000
00000000
40000000
22000030
00000007
005cf400
00000000
00000040
00000009
00000038
00000000
00000000
004c0000
03031101
00000007
00000038
40000000
10000014
00000001
024c0000
00000001
00002400
0006e400
30000000
10000014
00000001
024c0000
00000001
00082400
0006e400
30000000
10000014
00000001
024c0000
00000001
00102400
0006e400
30000000
10000014
00000001
024c0000
00000001
00182400
0006e400
30000000
10000014
00000001
024c0000
00000001
00202400
0006e400
30000000
10000014
00000001
024c0000
00000001
00282400
0006e400
30000000
10000014
00000001
024c0000
00000001
00302400
0006e400
30000000
10000014
00000001
024c0000
00000001
00382400
0006e400
30000000
90000060
00000188
00000907
000000ff
00000000
00000240
00000048
00000002
00000000
00000000
00000000
00000000
00000000
00000000
00000000
00000000
00000000
00000000
00000000
00000000
00000000
00000000
00000000
00000000
00000000
70000000
00000000
00000000
00000000
00000000
00000000
00000000
00000000
00000000
00000000
00000000
00000000
00000000
00000000
00000000
00000000
00000000
10000014
00000001
01000000
00000001
024c0000
00003100
30000000
10000014
00000001
01040000
00000001
024c3100
00003100
30000000
10000014
00000001
01080000
00000001
024c6200
00003100
30000000
10000014
00000001
010c0000
00000001
024c9300
00003100
30000000
10000014
00000001
01100000
00000001
024cc400
00003100
30000000
10000014
00000001
01140000
00000001
024cf500
00003100
30000000
10000014
00000001
01180000
00000001
024d2600
00003100
30000000
10000014
00000001
011c0000
00000001
024d5700
00003100
30000000
21000030
00000001
004c0000
00000000
00000008
00000007
00000038
00000110
00000010
00062000
00000040
00000000
00000000
40000000
21000030
00000001
004c3100
00000000
00000008
00000007
00000038
00000130
00000030
00062020
00000040
00000000
00000000
40000000
21000030
00000001
004c6200
00000000
00000008
00000007
00000038
00000150
00000050
00062040
00000040
00000000
00000000
40000000
21000030
00000001
004c9300
00000000
00000008
00000007
00000038
00000170
00000070
00062060
00000040
00000000
00000000
40000000
21000030
00000001
004cc400
00000000
00000008
00000007
00000038
00000190
00000090
00062080
00000040
00000000
00000000
40000000
21000030
00000001
004cf500
00000000
00000008
00000007
00000038
000001b0
000000b0
000620a0
00000040
00000000
00000000
40000000
21000030
00000001
004d2600
00000000
00000008
00000007
00000038
000001d0
000000d0
000620c0
00000040
00000000
00000000
40000000
21000030
00000001
004d5700
00000000
00000008
00000007
00000038
000001f0
000000f0
000620e0
00000040
00000000
00000000
40000000
22000030
00000007
005db800
00000000
00000040
00000009
00000038
00000000
00000000
004c0000
03031101
00000007
00000038
40000000
10000014
00000001
024c0000
00000001
00002400
0006e400
30000000
10000014
00000001
024c0000
00000001
00082400
0006e400
30000000
10000014
00000001
024c0000
00000001
00102400
0006e400
30000000
10000014
00000001
024c0000
00000001
00182400
0006e400
30000000
10000014
00000001
024c0000
00000001
00202400
0006e400
30000000
10000014
00000001
024c0000
00000001
00282400
0006e400
30000000
10000014
00000001
024c0000
00000001
00302400
0006e400
30000000
10000014
00000001
024c0000
00000001
00382400
0006e400
30000000
90000060
00000188
00000907
000000ff
00000000
00000240
00000048
00000002
00000000
00000000
00000000
00000000
00000000
00000000
00000000
00000000
00000000
00000000
00000000
00000000
00000000
00000000
00000000
00000000
00000000
70000000
00000000
00000000
00000000
00000000
00000000
00000000
00000000
00000000
00000000
00000000
00000000
00000000
00000000
00000000
00000000
00000000
10000014
00000001
01000000
00000001
024c0000
00003100
30000000
10000014
00000001
01040000
00000001
024c3100
00003100
30000000
10000014
00000001
01080000
00000001
024c6200
00003100
30000000
10000014
00000001
010c0000
00000001
024c9300
00003100
30000000
10000014
00000001
01100000
00000001
024cc400
00003100
30000000
10000014
00000001
01140000
00000001
024cf500
00003100
30000000
10000014
00000001
01180000
00000001
024d2600
00003100
30000000
10000014
00000001
011c0000
00000001
024d5700
00003100
30000000
21000030
00000001
004c0000
00000000
00000008
00000007
00000038
00000110
00000010
0007a800
00000040
00000000
00000000
40000000
21000030
00000001
004c3100
00000000
00000008
00000007
00000038
00000130
00000030
0007a820
00000040
00000000
00000000
40000000
21000030
00000001
004c6200
00000000
00000008
00000007
00000038
00000150
00000050
0007a840
00000040
00000000
00000000
40000000
21000030
00000001
004c9300
00000000
00000008
00000007
00000038
00000170
00000070
0007a860
00000040
00000000
00000000
40000000
21000030
00000001
004cc400
00000000
00000008
00000007
00000038
00000190
00000090
0007a880
00000040
00000000
00000000
40000000
21000030
00000001
004cf500
00000000
00000008
00000007
00000038
000001b0
000000b0
0007a8a0
00000040
00000000
00000000
40000000
21000030
00000001
004d2600
00000000
00000008
00000007
00000038
000001d0
000000d0
0007a8c0
00000040
00000000
00000000
40000000
21000030
00000001
004d5700
00000000
00000008
00000007
00000038
000001f0
000000f0
0007a8e0
00000040
00000000
00000000
40000000
22000030
00000007
005e7c00
00000000
00000040
00000009
00000038
00000000
00000000
004c0000
03031101
00000007
00000038
40000000
10000014
00000001
024c0000
00000001
00002400
0006e400
30000000
10000014
00000001
024c0000
00000001
00082400
0006e400
30000000
10000014
00000001
024c0000
00000001
00102400
0006e400
30000000
10000014
00000001
024c0000
00000001
00182400
0006e400
30000000
10000014
00000001
024c0000
00000001
00202400
0006e400
30000000
10000014
00000001
024c0000
00000001
00282400
0006e400
30000000
10000014
00000001
024c0000
00000001
00302400
0006e400
30000000
10000014
00000001
024c0000
00000001
00382400
0006e400
30000000
90000060
00000188
00000907
000000ff
00000000
00000240
00000048
00000002
00000000
00000000
00000000
00000000
00000000
00000000
00000000
00000000
00000000
00000000
00000000
00000000
00000000
00000000
00000000
00000000
00000000
70000000
00000000
00000000
00000000
00000000
00000000
00000000
00000000
00000000
00000000
00000000
00000000
00000000
00000000
00000000
00000000
00000000
10000014
00000001
01000000
00000001
024c0000
00003100
30000000
10000014
00000001
01040000
00000001
024c3100
00003100
30000000
10000014
00000001
01080000
00000001
024c6200
00003100
30000000
10000014
00000001
010c0000
00000001
024c9300
00003100
30000000
10000014
00000001
01100000
00000001
024cc400
00003100
30000000
10000014
00000001
01140000
00000001
024cf500
00003100
30000000
10000014
00000001
01180000
00000001
024d2600
00003100
30000000
10000014
00000001
011c0000
00000001
024d5700
00003100
30000000
21000030
00000001
004c0000
00000000
00000008
00000007
00000038
00000110
00000010
00093000
00000040
00000000
00000000
40000000
21000030
00000001
004c3100
00000000
00000008
00000007
00000038
00000130
00000030
00093020
00000040
00000000
00000000
40000000
21000030
00000001
004c6200
00000000
00000008
00000007
00000038
00000150
00000050
00093040
00000040
00000000
00000000
40000000
21000030
00000001
004c9300
00000000
00000008
00000007
00000038
00000170
00000070
00093060
00000040
00000000
00000000
40000000
21000030
00000001
004cc400
00000000
00000008
00000007
00000038
00000190
00000090
00093080
00000040
00000000
00000000
40000000
21000030
00000001
004cf500
00000000
00000008
00000007
00000038
000001b0
000000b0
000930a0
00000040
00000000
00000000
40000000
21000030
00000001
004d2600
00000000
00000008
00000007
00000038
000001d0
000000d0
000930c0
00000040
00000000
00000000
40000000
21000030
00000001
004d5700
00000000
00000008
00000007
00000038
000001f0
000000f0
000930e0
00000040
00000000
00000000
40000000
22000030
00000007
005f4000
00000000
00000040
00000008
00000038
00000000
00000000
004c0000
03031101
00000007
00000038
40000000
10000014
00000001
024c0000
00000001
00002400
0006e400
30000000
10000014
00000001
024c0000
00000001
00082400
0006e400
30000000
10000014
00000001
024c0000
00000001
00102400
0006e400
30000000
10000014
00000001
024c0000
00000001
00182400
0006e400
30000000
10000014
00000001
024c0000
00000001
00202400
0006e400
30000000
10000014
00000001
024c0000
00000001
00282400
0006e400
30000000
10000014
00000001
024c0000
00000001
00302400
0006e400
30000000
10000014
00000001
024c0000
00000001
00382400
0006e400
30000000
90000060
00000188
00000907
000000ff
00000000
00000240
00000048
00000002
00000000
00000000
00000000
00000000
00000000
00000000
00000000
00000000
00000000
00000000
00000000
00000000
00000000
00000000
00000000
00000000
00000000
70000000
00000000
00000000
00000000
00000000
00000000
00000000
00000000
00000000
00000000
00000000
00000000
00000000
00000000
00000000
00000000
00000000
10000014
00000001
01000000
00000001
024c0000
00003100
30000000
10000014
00000001
01040000
00000001
024c3100
00003100
30000000
10000014
00000001
01080000
00000001
024c6200
00003100
30000000
10000014
00000001
010c0000
00000001
024c9300
00003100
30000000
10000014
00000001
01100000
00000001
024cc400
00003100
30000000
10000014
00000001
01140000
00000001
024cf500
00003100
30000000
10000014
00000001
01180000
00000001
024d2600
00003100
30000000
10000014
00000001
011c0000
00000001
024d5700
00003100
30000000
21000030
00000001
004c0000
00000000
00000008
00000007
00000038
00000110
00000010
000ab800
00000040
00000000
00000000
40000000
21000030
00000001
004c3100
00000000
00000008
00000007
00000038
00000130
00000030
000ab820
00000040
00000000
00000000
40000000
21000030
00000001
004c6200
00000000
00000008
00000007
00000038
00000150
00000050
000ab840
00000040
00000000
00000000
40000000
21000030
00000001
004c9300
00000000
00000008
00000007
00000038
00000170
00000070
000ab860
00000040
00000000
00000000
40000000
21000030
00000001
004cc400
00000000
00000008
00000007
00000038
00000190
00000090
000ab880
00000040
00000000
00000000
40000000
21000030
00000001
004cf500
00000000
00000008
00000007
00000038
000001b0
000000b0
000ab8a0
00000040
00000000
00000000
40000000
21000030
00000001
004d2600
00000000
00000008
00000007
00000038
000001d0
000000d0
000ab8c0
00000040
00000000
00000000
40000000
21000030
00000001
004d5700
00000000
00000008
00000007
00000038
000001f0
000000f0
000ab8e0
00000040
00000000
00000000
40000000
10000014
00000001
027c1080
00000001
03000000
00000210
30000000
22000030
00000003
00000000
00000000
00000040
00000038
00000038
00000000
00000000
005a0000
00000000
00000000
00000000
40000000
26000030
00000001
005a0000
00000000
00000040
00000038
00000038
00000110
00000010
00000000
00000000
00000000
00000000
40000000
10000014
00000001
027c16b0
00000001
03000000
00000210
30000000
10000014
00000000
0023c000
00000001
00000000
00002400
30000000
10000014
00000000
0023e400
00000001
00080000
00002400
30000000
10000014
00000000
00240800
00000001
00100000
00002400
30000000
10000014
00000000
00242c00
00000001
00180000
00002400
30000000
10000014
00000000
00245000
00000001
00200000
00002400
30000000
10000014
00000000
00247400
00000001
00280000
00002400
30000000
10000014
00000000
00249800
00000001
00300000
00002400
30000000
10000014
00000000
0024bc00
00000001
00380000
00002400
30000000
22000030
00000003
00000000
00000000
00000040
00000038
00000038
00000000
00000000
00000000
00000000
00000000
00000000
40000000
22000030
00000007
00000000
00000000
00000040
00000008
00000038
00000000
00000000
004c0000
03031111
00000007
00000038
40000000
10000014
00000001
024c0000
00000001
00002400
0006e400
30000000
10000014
00000001
024c0000
00000001
00082400
0006e400
30000000
10000014
00000001
024c0000
00000001
00102400
0006e400
30000000
10000014
00000001
024c0000
00000001
00182400
0006e400
30000000
10000014
00000001
024c0000
00000001
00202400
0006e400
30000000
10000014
00000001
024c0000
00000001
00282400
0006e400
30000000
10000014
00000001
024c0000
00000001
00302400
0006e400
30000000
10000014
00000001
024c0000
00000001
00382400
0006e400
30000000
90000060
00000188
00000907
000000ff
00000000
00000240
00000048
00000002
00000000
00000000
00000000
00000000
00000000
00000000
00000000
00000000
00000000
00000000
00000000
00000000
00000000
00000000
00000000
00000000
00000000
70000000
00000000
00000000
00000000
00000000
00000000
00000000
00000000
00000000
00000000
00000000
00000000
00000000
00000000
00000000
00000000
00000000
10000014
00000001
01000000
00000001
024c0000
00003100
30000000
10000014
00000001
01040000
00000001
024c3100
00003100
30000000
10000014
00000001
01080000
00000001
024c6200
00003100
30000000
10000014
00000001
010c0000
00000001
024c9300
00003100
30000000
10000014
00000001
01100000
00000001
024cc400
00003100
30000000
10000014
00000001
01140000
00000001
024cf500
00003100
30000000
10000014
00000001
01180000
00000001
024d2600
00003100
30000000
10000014
00000001
011c0000
00000001
024d5700
00003100
30000000
20000030
00000001
004c0000
00000000
00000008
00000007
00000038
00000110
00000010
005a0000
00000040
00000000
00000000
40000000
20000030
00000001
004c3100
00000000
00000008
00000007
00000038
00000130
00000030
005a0020
00000040
00000000
00000000
40000000
20000030
00000001
004c6200
00000000
00000008
00000007
00000038
00000150
00000050
005a0040
00000040
00000000
00000000
40000000
20000030
00000001
004c9300
00000000
00000008
00000007
00000038
00000170
00000070
005a0060
00000040
00000000
00000000
40000000
20000030
00000001
004cc400
00000000
00000008
00000007
00000038
00000190
00000090
005a0080
00000040
00000000
00000000
40000000
20000030
00000001
004cf500
00000000
00000008
00000007
00000038
000001b0
000000b0
005a00a0
00000040
00000000
00000000
40000000
20000030
00000001
004d2600
00000000
00000008
00000007
00000038
000001d0
000000d0
005a00c0
00000040
00000000
00000000
40000000
20000030
00000001
004d5700
00000000
00000008
00000007
00000038
000001f0
000000f0
005a00e0
00000040
00000000
00000000
40000000
22000030
00000007
0000a800
00000000
00000040
00000009
00000038
00000000
00000000
004c0000
03031101
00000007
00000038
40000000
10000014
00000001
024c0000
00000001
00002400
0006e400
30000000
10000014
00000001
024c0000
00000001
00082400
0006e400
30000000
10000014
00000001
024c0000
00000001
00102400
0006e400
30000000
10000014
00000001
024c0000
00000001
00182400
0006e400
30000000
10000014
00000001
024c0000
00000001
00202400
0006e400
30000000
10000014
00000001
024c0000
00000001
00282400
0006e400
30000000
10000014
00000001
024c0000
00000001
00302400
0006e400
30000000
10000014
00000001
024c0000
00000001
00382400
0006e400
30000000
90000060
00000188
00000907
000000ff
00000000
00000240
00000048
00000002
00000000
00000000
00000000
00000000
00000000
00000000
00000000
00000000
00000000
00000000
00000000
00000000
00000000
00000000
00000000
00000000
00000000
70000000
00000000
00000000
00000000
00000000
00000000
00000000
00000000
00000000
00000000
00000000
00000000
00000000
00000000
00000000
00000000
00000000
10000014
00000001
01000000
00000001
024c0000
00003100
30000000
10000014
00000001
01040000
00000001
024c3100
00003100
30000000
10000014
00000001
01080000
00000001
024c6200
00003100
30000000
10000014
00000001
010c0000
00000001
024c9300
00003100
30000000
10000014
00000001
01100000
00000001
024cc400
00003100
30000000
10000014
00000001
01140000
00000001
024cf500
00003100
30000000
10000014
00000001
01180000
00000001
024d2600
00003100
30000000
10000014
00000001
011c0000
00000001
024d5700
00003100
30000000
20000030
00000001
004c0000
00000000
00000008
00000007
00000038
00000110
00000010
005b8800
00000040
00000000
00000000
40000000
20000030
00000001
004c3100
00000000
00000008
00000007
00000038
00000130
00000030
005b8820
00000040
00000000
00000000
40000000
20000030
00000001
004c6200
00000000
00000008
00000007
00000038
00000150
00000050
005b8840
00000040
00000000
00000000
40000000
20000030
00000001
004c9300
00000000
00000008
00000007
00000038
00000170
00000070
005b8860
00000040
00000000
00000000
40000000
20000030
00000001
004cc400
00000000
00000008
00000007
00000038
00000190
00000090
005b8880
00000040
00000000
00000000
40000000
20000030
00000001
004cf500
00000000
00000008
00000007
00000038
000001b0
000000b0
005b88a0
00000040
00000000
00000000
40000000
20000030
00000001
004d2600
00000000
00000008
00000007
00000038
000001d0
000000d0
005b88c0
00000040
00000000
00000000
40000000
20000030
00000001
004d5700
00000000
00000008
00000007
00000038
000001f0
000000f0
005b88e0
00000040
00000000
00000000
40000000
22000030
00000007
00016c00
00000000
00000040
00000009
00000038
00000000
00000000
004c0000
03031101
00000007
00000038
40000000
10000014
00000001
024c0000
00000001
00002400
0006e400
30000000
10000014
00000001
024c0000
00000001
00082400
0006e400
30000000
10000014
00000001
024c0000
00000001
00102400
0006e400
30000000
10000014
00000001
024c0000
00000001
00182400
0006e400
30000000
10000014
00000001
024c0000
00000001
00202400
0006e400
30000000
10000014
00000001
024c0000
00000001
00282400
0006e400
30000000
10000014
00000001
024c0000
00000001
00302400
0006e400
30000000
10000014
00000001
024c0000
00000001
00382400
0006e400
30000000
90000060
00000188
00000907
000000ff
00000000
00000240
00000048
00000002
00000000
00000000
00000000
00000000
00000000
00000000
00000000
00000000
00000000
00000000
00000000
00000000
00000000
00000000
00000000
00000000
00000000
70000000
00000000
00000000
00000000
00000000
00000000
00000000
00000000
00000000
00000000
00000000
00000000
00000000
00000000
00000000
00000000
00000000
10000014
00000001
01000000
00000001
024c0000
00003100
30000000
10000014
00000001
01040000
00000001
024c3100
00003100
30000000
10000014
00000001
01080000
00000001
024c6200
00003100
30000000
10000014
00000001
010c0000
00000001
024c9300
00003100
30000000
10000014
00000001
01100000
00000001
024cc400
00003100
30000000
10000014
00000001
01140000
00000001
024cf500
00003100
30000000
10000014
00000001
01180000
00000001
024d2600
00003100
30000000
10000014
00000001
011c0000
00000001
024d5700
00003100
30000000
20000030
00000001
004c0000
00000000
00000008
00000007
00000038
00000110
00000010
005d1000
00000040
00000000
00000000
40000000
20000030
00000001
004c3100
00000000
00000008
00000007
00000038
00000130
00000030
005d1020
00000040
00000000
00000000
40000000
20000030
00000001
004c6200
00000000
00000008
00000007
00000038
00000150
00000050
005d1040
00000040
00000000
00000000
40000000
20000030
00000001
004c9300
00000000
00000008
00000007
00000038
00000170
00000070
005d1060
00000040
00000000
00000000
40000000
20000030
00000001
004cc400
00000000
00000008
00000007
00000038
00000190
00000090
005d1080
00000040
00000000
00000000
40000000
20000030
00000001
004cf500
00000000
00000008
00000007
00000038
000001b0
000000b0
005d10a0
00000040
00000000
00000000
40000000
20000030
00000001
004d2600
00000000
00000008
00000007
00000038
000001d0
000000d0
005d10c0
00000040
00000000
00000000
40000000
20000030
00000001
004d5700
00000000
00000008
00000007
00000038
000001f0
000000f0
005d10e0
00000040
00000000
00000000
40000000
22000030
00000007
00023000
00000000
00000040
00000009
00000038
00000000
00000000
004c0000
03031101
00000007
00000038
40000000
10000014
00000001
024c0000
00000001
00002400
0006e400
30000000
10000014
00000001
024c0000
00000001
00082400
0006e400
30000000
10000014
00000001
024c0000
00000001
00102400
0006e400
30000000
10000014
00000001
024c0000
00000001
00182400
0006e400
30000000
10000014
00000001
024c0000
00000001
00202400
0006e400
30000000
10000014
00000001
024c0000
00000001
00282400
0006e400
30000000
10000014
00000001
024c0000
00000001
00302400
0006e400
30000000
10000014
00000001
024c0000
00000001
00382400
0006e400
30000000
90000060
00000188
00000907
000000ff
00000000
00000240
00000048
00000002
00000000
00000000
00000000
00000000
00000000
00000000
00000000
00000000
00000000
00000000
00000000
00000000
00000000
00000000
00000000
00000000
00000000
70000000
00000000
00000000
00000000
00000000
00000000
00000000
00000000
00000000
00000000
00000000
00000000
00000000
00000000
00000000
00000000
00000000
10000014
00000001
01000000
00000001
024c0000
00003100
30000000
10000014
00000001
01040000
00000001
024c3100
00003100
30000000
10000014
00000001
01080000
00000001
024c6200
00003100
30000000
10000014
00000001
010c0000
00000001
024c9300
00003100
30000000
10000014
00000001
01100000
00000001
024cc400
00003100
30000000
10000014
00000001
01140000
00000001
024cf500
00003100
30000000
10000014
00000001
01180000
00000001
024d2600
00003100
30000000
10000014
00000001
011c0000
00000001
024d5700
00003100
30000000
20000030
00000001
004c0000
00000000
00000008
00000007
00000038
00000110
00000010
005e9800
00000040
00000000
00000000
40000000
20000030
00000001
004c3100
00000000
00000008
00000007
00000038
00000130
00000030
005e9820
00000040
00000000
00000000
40000000
20000030
00000001
004c6200
00000000
00000008
00000007
00000038
00000150
00000050
005e9840
00000040
00000000
00000000
40000000
20000030
00000001
004c9300
00000000
00000008
00000007
00000038
00000170
00000070
005e9860
00000040
00000000
00000000
40000000
20000030
00000001
004cc400
00000000
00000008
00000007
00000038
00000190
00000090
005e9880
00000040
00000000
00000000
40000000
20000030
00000001
004cf500
00000000
00000008
00000007
00000038
000001b0
000000b0
005e98a0
00000040
00000000
00000000
40000000
20000030
00000001
004d2600
00000000
00000008
00000007
00000038
000001d0
000000d0
005e98c0
00000040
00000000
00000000
40000000
20000030
00000001
004d5700
00000000
00000008
00000007
00000038
000001f0
000000f0
005e98e0
00000040
00000000
00000000
40000000
22000030
00000007
0002f400
00000000
00000040
00000009
00000038
00000000
00000000
004c0000
03031101
00000007
00000038
40000000
10000014
00000001
024c0000
00000001
00002400
0006e400
30000000
10000014
00000001
024c0000
00000001
00082400
0006e400
30000000
10000014
00000001
024c0000
00000001
00102400
0006e400
30000000
10000014
00000001
024c0000
00000001
00182400
0006e400
30000000
10000014
00000001
024c0000
00000001
00202400
0006e400
30000000
10000014
00000001
024c0000
00000001
00282400
0006e400
30000000
10000014
00000001
024c0000
00000001
00302400
0006e400
30000000
10000014
00000001
024c0000
00000001
00382400
0006e400
30000000
90000060
00000188
00000907
000000ff
00000000
00000240
00000048
00000002
00000000
00000000
00000000
00000000
00000000
00000000
00000000
00000000
00000000
00000000
00000000
00000000
00000000
00000000
00000000
00000000
00000000
70000000
00000000
00000000
00000000
00000000
00000000
00000000
00000000
00000000
00000000
00000000
00000000
00000000
00000000
00000000
00000000
00000000
10000014
00000001
01000000
00000001
024c0000
00003100
30000000
10000014
00000001
01040000
00000001
024c3100
00003100
30000000
10000014
00000001
01080000
00000001
024c6200
00003100
30000000
10000014
00000001
010c0000
00000001
024c9300
00003100
30000000
10000014
00000001
01100000
00000001
024cc400
00003100
30000000
10000014
00000001
01140000
00000001
024cf500
00003100
30000000
10000014
00000001
01180000
00000001
024d2600
00003100
30000000
10000014
00000001
011c0000
00000001
024d5700
00003100
30000000
20000030
00000001
004c0000
00000000
00000008
00000007
00000038
00000110
00000010
00602000
00000040
00000000
00000000
40000000
20000030
00000001
004c3100
00000000
00000008
00000007
00000038
00000130
00000030
00602020
00000040
00000000
00000000
40000000
20000030
00000001
004c6200
00000000
00000008
00000007
00000038
00000150
00000050
00602040
00000040
00000000
00000000
40000000
20000030
00000001
004c9300
00000000
00000008
00000007
00000038
00000170
00000070
00602060
00000040
00000000
00000000
40000000
20000030
00000001
004cc400
00000000
00000008
00000007
00000038
00000190
00000090
00602080
00000040
00000000
00000000
40000000
20000030
00000001
004cf500
00000000
00000008
00000007
00000038
000001b0
000000b0
006020a0
00000040
00000000
00000000
40000000
20000030
00000001
004d2600
00000000
00000008
00000007
00000038
000001d0
000000d0
006020c0
00000040
00000000
00000000
40000000
20000030
00000001
004d5700
00000000
00000008
00000007
00000038
000001f0
000000f0
006020e0
00000040
00000000
00000000
40000000
22000030
00000007
0003b800
00000000
00000040
00000009
00000038
00000000
00000000
004c0000
03031101
00000007
00000038
40000000
10000014
00000001
024c0000
00000001
00002400
0006e400
30000000
10000014
00000001
024c0000
00000001
00082400
0006e400
30000000
10000014
00000001
024c0000
00000001
00102400
0006e400
30000000
10000014
00000001
024c0000
00000001
00182400
0006e400
30000000
10000014
00000001
024c0000
00000001
00202400
0006e400
30000000
10000014
00000001
024c0000
00000001
00282400
0006e400
30000000
10000014
00000001
024c0000
00000001
00302400
0006e400
30000000
10000014
00000001
024c0000
00000001
00382400
0006e400
30000000
90000060
00000188
00000907
000000ff
00000000
00000240
00000048
00000002
00000000
00000000
00000000
00000000
00000000
00000000
00000000
00000000
00000000
00000000
00000000
00000000
00000000
00000000
00000000
00000000
00000000
70000000
00000000
00000000
00000000
00000000
00000000
00000000
00000000
00000000
00000000
00000000
00000000
00000000
00000000
00000000
00000000
00000000
10000014
00000001
01000000
00000001
024c0000
00003100
30000000
10000014
00000001
01040000
00000001
024c3100
00003100
30000000
10000014
00000001
01080000
00000001
024c6200
00003100
30000000
10000014
00000001
010c0000
00000001
024c9300
00003100
30000000
10000014
00000001
01100000
00000001
024cc400
00003100
30000000
10000014
00000001
01140000
00000001
024cf500
00003100
30000000
10000014
00000001
01180000
00000001
024d2600
00003100
30000000
10000014
00000001
011c0000
00000001
024d5700
00003100
30000000
20000030
00000001
004c0000
00000000
00000008
00000007
00000038
00000110
00000010
0061a800
00000040
00000000
00000000
40000000
20000030
00000001
004c3100
00000000
00000008
00000007
00000038
00000130
00000030
0061a820
00000040
00000000
00000000
40000000
20000030
00000001
004c6200
00000000
00000008
00000007
00000038
00000150
00000050
0061a840
00000040
00000000
00000000
40000000
20000030
00000001
004c9300
00000000
00000008
00000007
00000038
00000170
00000070
0061a860
00000040
00000000
00000000
40000000
20000030
00000001
004cc400
00000000
00000008
00000007
00000038
00000190
00000090
0061a880
00000040
00000000
00000000
40000000
20000030
00000001
004cf500
00000000
00000008
00000007
00000038
000001b0
000000b0
0061a8a0
00000040
00000000
00000000
40000000
20000030
00000001
004d2600
00000000
00000008
00000007
00000038
000001d0
000000d0
0061a8c0
00000040
00000000
00000000
40000000
20000030
00000001
004d5700
00000000
00000008
00000007
00000038
000001f0
000000f0
0061a8e0
00000040
00000000
00000000
40000000
22000030
00000007
00047c00
00000000
00000040
00000009
00000038
00000000
00000000
004c0000
03031101
00000007
00000038
40000000
10000014
00000001
024c0000
00000001
00002400
0006e400
30000000
10000014
00000001
024c0000
00000001
00082400
0006e400
30000000
10000014
00000001
024c0000
00000001
00102400
0006e400
30000000
10000014
00000001
024c0000
00000001
00182400
0006e400
30000000
10000014
00000001
024c0000
00000001
00202400
0006e400
30000000
10000014
00000001
024c0000
00000001
00282400
0006e400
30000000
10000014
00000001
024c0000
00000001
00302400
0006e400
30000000
10000014
00000001
024c0000
00000001
00382400
0006e400
30000000
90000060
00000188
00000907
000000ff
00000000
00000240
00000048
00000002
00000000
00000000
00000000
00000000
00000000
00000000
00000000
00000000
00000000
00000000
00000000
00000000
00000000
00000000
00000000
00000000
00000000
70000000
00000000
00000000
00000000
00000000
00000000
00000000
00000000
00000000
00000000
00000000
00000000
00000000
00000000
00000000
00000000
00000000
10000014
00000001
01000000
00000001
024c0000
00003100
30000000
10000014
00000001
01040000
00000001
024c3100
00003100
30000000
10000014
00000001
01080000
00000001
024c6200
00003100
30000000
10000014
00000001
010c0000
00000001
024c9300
00003100
30000000
10000014
00000001
01100000
00000001
024cc400
00003100
30000000
10000014
00000001
01140000
00000001
024cf500
00003100
30000000
10000014
00000001
01180000
00000001
024d2600
00003100
30000000
10000014
00000001
011c0000
00000001
024d5700
00003100
30000000
20000030
00000001
004c0000
00000000
00000008
00000007
00000038
00000110
00000010
00633000
00000040
00000000
00000000
40000000
20000030
00000001
004c3100
00000000
00000008
00000007
00000038
00000130
00000030
00633020
00000040
00000000
00000000
40000000
20000030
00000001
004c6200
00000000
00000008
00000007
00000038
00000150
00000050
00633040
00000040
00000000
00000000
40000000
20000030
00000001
004c9300
00000000
00000008
00000007
00000038
00000170
00000070
00633060
00000040
00000000
00000000
40000000
20000030
00000001
004cc400
00000000
00000008
00000007
00000038
00000190
00000090
00633080
00000040
00000000
00000000
40000000
20000030
00000001
004cf500
00000000
00000008
00000007
00000038
000001b0
000000b0
006330a0
00000040
00000000
00000000
40000000
20000030
00000001
004d2600
00000000
00000008
00000007
00000038
000001d0
000000d0
006330c0
00000040
00000000
00000000
40000000
20000030
00000001
004d5700
00000000
00000008
00000007
00000038
000001f0
000000f0
006330e0
00000040
00000000
00000000
40000000
22000030
00000007
00054000
00000000
00000040
00000008
00000038
00000000
00000000
004c0000
03031101
00000007
00000038
40000000
10000014
00000001
024c0000
00000001
00002400
0006e400
30000000
10000014
00000001
024c0000
00000001
00082400
0006e400
30000000
10000014
00000001
024c0000
00000001
00102400
0006e400
30000000
10000014
00000001
024c0000
00000001
00182400
0006e400
30000000
10000014
00000001
024c0000
00000001
00202400
0006e400
30000000
10000014
00000001
024c0000
00000001
00282400
0006e400
30000000
10000014
00000001
024c0000
00000001
00302400
0006e400
30000000
10000014
00000001
024c0000
00000001
00382400
0006e400
30000000
90000060
00000188
00000907
000000ff
00000000
00000240
00000048
00000002
00000000
00000000
00000000
00000000
00000000
00000000
00000000
00000000
00000000
00000000
00000000
00000000
00000000
00000000
00000000
00000000
00000000
70000000
00000000
00000000
00000000
00000000
00000000
00000000
00000000
00000000
00000000
00000000
00000000
00000000
00000000
00000000
00000000
00000000
10000014
00000001
01000000
00000001
024c0000
00003100
30000000
10000014
00000001
01040000
00000001
024c3100
00003100
30000000
10000014
00000001
01080000
00000001
024c6200
00003100
30000000
10000014
00000001
010c0000
00000001
024c9300
00003100
30000000
10000014
00000001
01100000
00000001
024cc400
00003100
30000000
10000014
00000001
01140000
00000001
024cf500
00003100
30000000
10000014
00000001
01180000
00000001
024d2600
00003100
30000000
10000014
00000001
011c0000
00000001
024d5700
00003100
30000000
20000030
00000001
004c0000
00000000
00000008
00000007
00000038
00000110
00000010
0064b800
00000040
00000000
00000000
40000000
20000030
00000001
004c3100
00000000
00000008
00000007
00000038
00000130
00000030
0064b820
00000040
00000000
00000000
40000000
20000030
00000001
004c6200
00000000
00000008
00000007
00000038
00000150
00000050
0064b840
00000040
00000000
00000000
40000000
20000030
00000001
004c9300
00000000
00000008
00000007
00000038
00000170
00000070
0064b860
00000040
00000000
00000000
40000000
20000030
00000001
004cc400
00000000
00000008
00000007
00000038
00000190
00000090
0064b880
00000040
00000000
00000000
40000000
20000030
00000001
004cf500
00000000
00000008
00000007
00000038
000001b0
000000b0
0064b8a0
00000040
00000000
00000000
40000000
20000030
00000001
004d2600
00000000
00000008
00000007
00000038
000001d0
000000d0
0064b8c0
00000040
00000000
00000000
40000000
20000030
00000001
004d5700
00000000
00000008
00000007
00000038
000001f0
000000f0
0064b8e0
00000040
00000000
00000000
40000000
10000014
00000001
027c14a0
00000001
03000000
00000210
30000000
22000030
00000003
005a0000
00000000
00000040
00000038
00000038
00000000
00000000
00664000
00000000
00000000
00000000
40000000
26000030
00000001
00664000
00000000
00000040
00000038
00000038
00000110
00000010
005a0000
00000000
00000000
00000000
40000000
10000014
00000001
027c18c0
00000001
03000000
00000210
30000000
20000030
00000006
005a0000
001a0000
00000040
00000038
00000038
00000000
00000000
00000000
00000001
00000000
00000000
40000000
22000030
00000003
00000000
00000000
00000040
00000038
00000038
00000000
00000000
00664000
00000000
00000000
00000000
40000000
26000030
00000001
00664000
00000000
00000040
00000038
00000038
00000110
00000010
00000000
00000000
00000000
00000000
40000000
10000014
00000001
027c1ee0
00000001
03000000
00000410
30000000
10000014
00000000
0024e000
00000001
00000000
00002400
30000000
10000014
00000000
00250400
00000001
00080000
00002400
30000000
10000014
00000000
00252800
00000001
00100000
00002400
30000000
10000014
00000000
00254c00
00000001
00180000
00002400
30000000
10000014
00000000
00257000
00000001
00200000
00002400
30000000
10000014
00000000
00259400
00000001
00280000
00002400
30000000
10000014
00000000
0025b800
00000001
00300000
00002400
30000000
10000014
00000000
0025dc00
00000001
00380000
00002400
30000000
22000030
00000003
00000000
00000000
00000040
00000038
00000038
00000000
00000000
005a0000
00000000
00000000
00000000
40000000
22000030
00000007
005a0000
00000000
00000040
0000001e
00000038
00000000
00000000
004c0000
03032211
0000000f
0000001c
40000000
10000014
00000001
024c0000
00000001
00002400
00076200
30000000
10000014
00000001
024c0000
00000001
00082400
00076200
30000000
10000014
00000001
024c0000
00000001
00102400
00076200
30000000
10000014
00000001
024c0000
00000001
00182400
00076200
30000000
10000014
00000001
024c0000
00000001
00202400
00076200
30000000
10000014
00000001
024c0000
00000001
00282400
00076200
30000000
10000014
00000001
024c0000
00000001
00302400
00076200
30000000
10000014
00000001
024c0000
00000001
00382400
00076200
30000000
90000060
000001a4
00000907
000000ff
00000000
00000240
00000048
00000002
00000000
00000000
00000000
00000000
00000000
00000000
00000000
00000000
00000000
00000000
00000000
00000000
00000000
00000000
00000000
00000000
00000000
70000000
00000000
00000000
00000000
00000000
00000000
00000000
00000000
00000000
00000000
00000000
00000000
00000000
00000000
00000000
00000000
00000000
10000014
00000001
01000000
00000001
024c0000
00003480
30000000
10000014
00000001
01040000
00000001
024c3480
00003480
30000000
10000014
00000001
01080000
00000001
024c6900
00003480
30000000
10000014
00000001
010c0000
00000001
024c9d80
00003480
30000000
10000014
00000001
01100000
00000001
024cd200
00003480
30000000
10000014
00000001
01140000
00000001
024d0680
00003480
30000000
10000014
00000001
01180000
00000001
024d3b00
00003480
30000000
10000014
00000001
011c0000
00000001
024d6f80
00003480
30000000
21000030
00000001
004c0000
00000000
00000008
0000000f
0000001c
00000210
00000010
001a0000
00000080
00000000
00000000
40000000
21000030
00000001
004c3480
00000000
00000008
0000000f
0000001c
00000230
00000030
001a0020
00000080
00000000
00000000
40000000
21000030
00000001
004c6900
00000000
00000008
0000000f
0000001c
00000250
00000050
001a0040
00000080
00000000
00000000
40000000
21000030
00000001
004c9d80
00000000
00000008
0000000f
0000001c
00000270
00000070
001a0060
00000080
00000000
00000000
40000000
21000030
00000001
004cd200
00000000
00000008
0000000f
0000001c
00000290
00000090
001a0080
00000080
00000000
00000000
40000000
21000030
00000001
004d0680
00000000
00000008
0000000f
0000001c
000002b0
000000b0
001a00a0
00000080
00000000
00000000
40000000
21000030
00000001
004d3b00
00000000
00000008
0000000f
0000001c
000002d0
000000d0
001a00c0
00000080
00000000
00000000
40000000
21000030
00000001
004d6f80
00000000
00000008
0000000f
0000001c
000002f0
000000f0
001a00e0
00000080
00000000
00000000
40000000
22000030
00000007
005d2c00
00000000
00000040
0000001b
00000038
00000000
00000000
004c0000
03032201
0000000d
0000001c
40000000
10000014
00000001
024c0000
00000001
00002400
00066600
30000000
10000014
00000001
024c0000
00000001
00082400
00066600
30000000
10000014
00000001
024c0000
00000001
00102400
00066600
30000000
10000014
00000001
024c0000
00000001
00182400
00066600
30000000
10000014
00000001
024c0000
00000001
00202400
00066600
30000000
10000014
00000001
024c0000
00000001
00282400
00066600
30000000
10000014
00000001
024c0000
00000001
00302400
00066600
30000000
10000014
00000001
024c0000
00000001
00382400
00066600
30000000
90000060
0000016c
00000907
000000ff
00000000
00000240
00000048
00000002
00000000
00000000
00000000
00000000
00000000
00000000
00000000
00000000
00000000
00000000
00000000
00000000
00000000
00000000
00000000
00000000
00000000
70000000
00000000
00000000
00000000
00000000
00000000
00000000
00000000
00000000
00000000
00000000
00000000
00000000
00000000
00000000
00000000
00000000
10000014
00000001
01000000
00000001
024c0000
00002d80
30000000
10000014
00000001
01040000
00000001
024c2d80
00002d80
30000000
10000014
00000001
01080000
00000001
024c5b00
00002d80
30000000
10000014
00000001
010c0000
00000001
024c8880
00002d80
30000000
10000014
00000001
01100000
00000001
024cb600
00002d80
30000000
10000014
00000001
01140000
00000001
024ce380
00002d80
30000000
10000014
00000001
01180000
00000001
024d1100
00002d80
30000000
10000014
00000001
011c0000
00000001
024d3e80
00002d80
30000000
21000030
00000001
004c0000
00000000
00000008
0000000d
0000001c
00000210
00000010
001d4800
00000080
00000000
00000000
40000000
21000030
00000001
004c2d80
00000000
00000008
0000000d
0000001c
00000230
00000030
001d4820
00000080
00000000
00000000
40000000
21000030
00000001
004c5b00
00000000
00000008
0000000d
0000001c
00000250
00000050
001d4840
00000080
00000000
00000000
40000000
21000030
00000001
004c8880
00000000
00000008
0000000d
0000001c
00000270
00000070
001d4860
00000080
00000000
00000000
40000000
21000030
00000001
004cb600
00000000
00000008
0000000d
0000001c
00000290
00000090
001d4880
00000080
00000000
00000000
40000000
21000030
00000001
004ce380
00000000
00000008
0000000d
0000001c
000002b0
000000b0
001d48a0
00000080
00000000
00000000
40000000
21000030
00000001
004d1100
00000000
00000008
0000000d
0000001c
000002d0
000000d0
001d48c0
00000080
00000000
00000000
40000000
21000030
00000001
004d3e80
00000000
00000008
0000000d
0000001c
000002f0
000000f0
001d48e0
00000080
00000000
00000000
40000000
10000014
00000001
027c1ee0
00000001
03000000
00000410
30000000
10000014
00000000
00260000
00000001
00000000
00002400
30000000
10000014
00000000
00262400
00000001
00080000
00002400
30000000
10000014
00000000
00264800
00000001
00100000
00002400
30000000
10000014
00000000
00266c00
00000001
00180000
00002400
30000000
10000014
00000000
00269000
00000001
00200000
00002400
30000000
10000014
00000000
0026b400
00000001
00280000
00002400
30000000
10000014
00000000
0026d800
00000001
00300000
00002400
30000000
10000014
00000000
0026fc00
00000001
00380000
00002400
30000000
22000030
00000007
005a0000
00000000
00000040
0000001e
00000038
00000000
00000000
004c0000
03032211
0000000f
0000001c
40000000
10000014
00000001
024c0000
00000001
00002400
00076200
30000000
10000014
00000001
024c0000
00000001
00082400
00076200
30000000
10000014
00000001
024c0000
00000001
00102400
00076200
30000000
10000014
00000001
024c0000
00000001
00182400
00076200
30000000
10000014
00000001
024c0000
00000001
00202400
00076200
30000000
10000014
00000001
024c0000
00000001
00282400
00076200
30000000
10000014
00000001
024c0000
00000001
00302400
00076200
30000000
10000014
00000001
024c0000
00000001
00382400
00076200
30000000
90000060
000001a4
00000907
000000ff
00000000
00000240
00000048
00000002
00000000
00000000
00000000
00000000
00000000
00000000
00000000
00000000
00000000
00000000
00000000
00000000
00000000
00000000
00000000
00000000
00000000
70000000
00000000
00000000
00000000
00000000
00000000
00000000
00000000
00000000
00000000
00000000
00000000
00000000
00000000
00000000
00000000
00000000
10000014
00000001
01000000
00000001
024c0000
00003480
30000000
10000014
00000001
01040000
00000001
024c3480
00003480
30000000
10000014
00000001
01080000
00000001
024c6900
00003480
30000000
10000014
00000001
010c0000
00000001
024c9d80
00003480
30000000
10000014
00000001
01100000
00000001
024cd200
00003480
30000000
10000014
00000001
01140000
00000001
024d0680
00003480
30000000
10000014
00000001
01180000
00000001
024d3b00
00003480
30000000
10000014
00000001
011c0000
00000001
024d6f80
00003480
30000000
21000030
00000001
004c0000
00000000
00000008
0000000f
0000001c
00000310
00000110
001a0100
00000080
00000000
00000000
40000000
21000030
00000001
004c3480
00000000
00000008
0000000f
0000001c
00000330
00000130
001a0120
00000080
00000000
00000000
40000000
21000030
00000001
004c6900
00000000
00000008
0000000f
0000001c
00000350
00000150
001a0140
00000080
00000000
00000000
40000000
21000030
00000001
004c9d80
00000000
00000008
0000000f
0000001c
00000370
00000170
001a0160
00000080
00000000
00000000
40000000
21000030
00000001
004cd200
00000000
00000008
0000000f
0000001c
00000390
00000190
001a0180
00000080
00000000
00000000
40000000
21000030
00000001
004d0680
00000000
00000008
0000000f
0000001c
000003b0
000001b0
001a01a0
00000080
00000000
00000000
40000000
21000030
00000001
004d3b00
00000000
00000008
0000000f
0000001c
000003d0
000001d0
001a01c0
00000080
00000000
00000000
40000000
21000030
00000001
004d6f80
00000000
00000008
0000000f
0000001c
000003f0
000001f0
001a01e0
00000080
00000000
00000000
40000000
22000030
00000007
005d2c00
00000000
00000040
0000001b
00000038
00000000
00000000
004c0000
03032201
0000000d
0000001c
40000000
10000014
00000001
024c0000
00000001
00002400
00066600
30000000
10000014
00000001
024c0000
00000001
00082400
00066600
30000000
10000014
00000001
024c0000
00000001
00102400
00066600
30000000
10000014
00000001
024c0000
00000001
00182400
00066600
30000000
10000014
00000001
024c0000
00000001
00202400
00066600
30000000
10000014
00000001
024c0000
00000001
00282400
00066600
30000000
10000014
00000001
024c0000
00000001
00302400
00066600
30000000
10000014
00000001
024c0000
00000001
00382400
00066600
30000000
90000060
0000016c
00000907
000000ff
00000000
00000240
00000048
00000002
00000000
00000000
00000000
00000000
00000000
00000000
00000000
00000000
00000000
00000000
00000000
00000000
00000000
00000000
00000000
00000000
00000000
70000000
00000000
00000000
00000000
00000000
00000000
00000000
00000000
00000000
00000000
00000000
00000000
00000000
00000000
00000000
00000000
00000000
10000014
00000001
01000000
00000001
024c0000
00002d80
30000000
10000014
00000001
01040000
00000001
024c2d80
00002d80
30000000
10000014
00000001
01080000
00000001
024c5b00
00002d80
30000000
10000014
00000001
010c0000
00000001
024c8880
00002d80
30000000
10000014
00000001
01100000
00000001
024cb600
00002d80
30000000
10000014
00000001
01140000
00000001
024ce380
00002d80
30000000
10000014
00000001
01180000
00000001
024d1100
00002d80
30000000
10000014
00000001
011c0000
00000001
024d3e80
00002d80
30000000
21000030
00000001
004c0000
00000000
00000008
0000000d
0000001c
00000310
00000110
001d4900
00000080
00000000
00000000
40000000
21000030
00000001
004c2d80
00000000
00000008
0000000d
0000001c
00000330
00000130
001d4920
00000080
00000000
00000000
40000000
21000030
00000001
004c5b00
00000000
00000008
0000000d
0000001c
00000350
00000150
001d4940
00000080
00000000
00000000
40000000
21000030
00000001
004c8880
00000000
00000008
0000000d
0000001c
00000370
00000170
001d4960
00000080
00000000
00000000
40000000
21000030
00000001
004cb600
00000000
00000008
0000000d
0000001c
00000390
00000190
001d4980
00000080
00000000
00000000
40000000
21000030
00000001
004ce380
00000000
00000008
0000000d
0000001c
000003b0
000001b0
001d49a0
00000080
00000000
00000000
40000000
21000030
00000001
004d1100
00000000
00000008
0000000d
0000001c
000003d0
000001d0
001d49c0
00000080
00000000
00000000
40000000
21000030
00000001
004d3e80
00000000
00000008
0000000d
0000001c
000003f0
000001f0
001d49e0
00000080
00000000
00000000
40000000
10000014
00000001
027c1ad0
00000001
03000000
00000410
30000000
22000030
00000003
001a0000
00000000
00000080
0000001c
0000001c
00000000
00000000
005a0000
00000000
00000000
00000000
40000000
26000030
00000001
005a0000
00000000
00000080
0000001c
0000001c
00000210
00000010
001a0000
00000000
00000000
00000000
40000000
10000014
00000001
027c2700
00000001
03000000
00000410
30000000
10000014
00000000
00272000
00000001
00000000
00004800
30000000
10000014
00000000
00276800
00000001
00080000
00004800
30000000
10000014
00000000
0027b000
00000001
00100000
00004800
30000000
10000014
00000000
0027f800
00000001
00180000
00004800
30000000
10000014
00000000
00284000
00000001
00200000
00004800
30000000
10000014
00000000
00288800
00000001
00280000
00004800
30000000
10000014
00000000
0028d000
00000001
00300000
00004800
30000000
10000014
00000000
00291800
00000001
00380000
00004800
30000000
22000030
00000003
001a0000
00000000
00000080
0000001c
0000001c
00000000
00000000
001a0000
00000000
00000000
00000000
40000000
22000030
00000007
001a0000
00000000
00000080
00000008
0000001c
00000000
00000000
004c0000
03031111
00000007
0000001c
40000000
10000014
00000001
024c0000
00000001
00004800
0006e400
30000000
10000014
00000001
024c0000
00000001
00084800
0006e400
30000000
10000014
00000001
024c0000
00000001
00104800
0006e400
30000000
10000014
00000001
024c0000
00000001
00184800
0006e400
30000000
10000014
00000001
024c0000
00000001
00204800
0006e400
30000000
10000014
00000001
024c0000
00000001
00284800
0006e400
30000000
10000014
00000001
024c0000
00000001
00304800
0006e400
30000000
10000014
00000001
024c0000
00000001
00384800
0006e400
30000000
90000060
000000c4
00001207
000000ff
00000000
00000480
00000090
00000002
00000000
00000000
00000000
00000000
00000000
00000000
00000000
00000000
00000000
00000000
00000000
00000000
00000000
00000000
00000000
00000000
00000000
70000000
00000000
00000000
00000000
00000000
00000000
00000000
00000000
00000000
00000000
00000000
00000000
00000000
00000000
00000000
00000000
00000000
10000014
00000001
01000000
00000001
024c0000
00001880
30000000
10000014
00000001
01040000
00000001
024c1880
00001880
30000000
10000014
00000001
01080000
00000001
024c3100
00001880
30000000
10000014
00000001
010c0000
00000001
024c4980
00001880
30000000
10000014
00000001
01100000
00000001
024c6200
00001880
30000000
10000014
00000001
01140000
00000001
024c7a80
00001880
30000000
10000014
00000001
01180000
00000001
024c9300
00001880
30000000
10000014
00000001
011c0000
00000001
024cab80
00001880
30000000
20000030
00000001
004c0000
00000000
00000008
00000007
0000001c
00000210
00000010
005a0000
00000080
00000000
00000000
40000000
20000030
00000001
004c1880
00000000
00000008
00000007
0000001c
00000230
00000030
005a0020
00000080
00000000
00000000
40000000
20000030
00000001
004c3100
00000000
00000008
00000007
0000001c
00000250
00000050
005a0040
00000080
00000000
00000000
40000000
20000030
00000001
004c4980
00000000
00000008
00000007
0000001c
00000270
00000070
005a0060
00000080
00000000
00000000
40000000
20000030
00000001
004c6200
00000000
00000008
00000007
0000001c
00000290
00000090
005a0080
00000080
00000000
00000000
40000000
20000030
00000001
004c7a80
00000000
00000008
00000007
0000001c
000002b0
000000b0
005a00a0
00000080
00000000
00000000
40000000
20000030
00000001
004c9300
00000000
00000008
00000007
0000001c
000002d0
000000d0
005a00c0
00000080
00000000
00000000
40000000
20000030
00000001
004cab80
00000000
00000008
00000007
0000001c
000002f0
000000f0
005a00e0
00000080
00000000
00000000
40000000
22000030
00000007
001aa800
00000000
00000080
00000009
0000001c
00000000
00000000
004c0000
03031101
00000007
0000001c
40000000
10000014
00000001
024c0000
00000001
00004800
0006e400
30000000
10000014
00000001
024c0000
00000001
00084800
0006e400
30000000
10000014
00000001
024c0000
00000001
00104800
0006e400
30000000
10000014
00000001
024c0000
00000001
00184800
0006e400
30000000
10000014
00000001
024c0000
00000001
00204800
0006e400
30000000
10000014
00000001
024c0000
00000001
00284800
0006e400
30000000
10000014
00000001
024c0000
00000001
00304800
0006e400
30000000
10000014
00000001
024c0000
00000001
00384800
0006e400
30000000
90000060
000000c4
00001207
000000ff
00000000
00000480
00000090
00000002
00000000
00000000
00000000
00000000
00000000
00000000
00000000
00000000
00000000
00000000
00000000
00000000
00000000
00000000
00000000
00000000
00000000
70000000
00000000
00000000
00000000
00000000
00000000
00000000
00000000
00000000
00000000
00000000
00000000
00000000
00000000
00000000
00000000
00000000
10000014
00000001
01000000
00000001
024c0000
00001880
30000000
10000014
00000001
01040000
00000001
024c1880
00001880
30000000
10000014
00000001
01080000
00000001
024c3100
00001880
30000000
10000014
00000001
010c0000
00000001
024c4980
00001880
30000000
10000014
00000001
01100000
00000001
024c6200
00001880
30000000
10000014
00000001
01140000
00000001
024c7a80
00001880
30000000
10000014
00000001
01180000
00000001
024c9300
00001880
30000000
10000014
00000001
011c0000
00000001
024cab80
00001880
30000000
20000030
00000001
004c0000
00000000
00000008
00000007
0000001c
00000210
00000010
005b8800
00000080
00000000
00000000
40000000
20000030
00000001
004c1880
00000000
00000008
00000007
0000001c
00000230
00000030
005b8820
00000080
00000000
00000000
40000000
20000030
00000001
004c3100
00000000
00000008
00000007
0000001c
00000250
00000050
005b8840
00000080
00000000
00000000
40000000
20000030
00000001
004c4980
00000000
00000008
00000007
0000001c
00000270
00000070
005b8860
00000080
00000000
00000000
40000000
20000030
00000001
004c6200
00000000
00000008
00000007
0000001c
00000290
00000090
005b8880
00000080
00000000
00000000
40000000
20000030
00000001
004c7a80
00000000
00000008
00000007
0000001c
000002b0
000000b0
005b88a0
00000080
00000000
00000000
40000000
20000030
00000001
004c9300
00000000
00000008
00000007
0000001c
000002d0
000000d0
005b88c0
00000080
00000000
00000000
40000000
20000030
00000001
004cab80
00000000
00000008
00000007
0000001c
000002f0
000000f0
005b88e0
00000080
00000000
00000000
40000000
22000030
00000007
001b6c00
00000000
00000080
00000009
0000001c
00000000
00000000
004c0000
03031101
00000007
0000001c
40000000
10000014
00000001
024c0000
00000001
00004800
0006e400
30000000
10000014
00000001
024c0000
00000001
00084800
0006e400
30000000
10000014
00000001
024c0000
00000001
00104800
0006e400
30000000
10000014
00000001
024c0000
00000001
00184800
0006e400
30000000
10000014
00000001
024c0000
00000001
00204800
0006e400
30000000
10000014
00000001
024c0000
00000001
00284800
0006e400
30000000
10000014
00000001
024c0000
00000001
00304800
0006e400
30000000
10000014
00000001
024c0000
00000001
00384800
0006e400
30000000
90000060
000000c4
00001207
000000ff
00000000
00000480
00000090
00000002
00000000
00000000
00000000
00000000
00000000
00000000
00000000
00000000
00000000
00000000
00000000
00000000
00000000
00000000
00000000
00000000
00000000
70000000
00000000
00000000
00000000
00000000
00000000
00000000
00000000
00000000
00000000
00000000
00000000
00000000
00000000
00000000
00000000
00000000
10000014
00000001
01000000
00000001
024c0000
00001880
30000000
10000014
00000001
01040000
00000001
024c1880
00001880
30000000
10000014
00000001
01080000
00000001
024c3100
00001880
30000000
10000014
00000001
010c0000
00000001
024c4980
00001880
30000000
10000014
00000001
01100000
00000001
024c6200
00001880
30000000
10000014
00000001
01140000
00000001
024c7a80
00001880
30000000
10000014
00000001
01180000
00000001
024c9300
00001880
30000000
10000014
00000001
011c0000
00000001
024cab80
00001880
30000000
20000030
00000001
004c0000
00000000
00000008
00000007
0000001c
00000210
00000010
005d1000
00000080
00000000
00000000
40000000
20000030
00000001
004c1880
00000000
00000008
00000007
0000001c
00000230
00000030
005d1020
00000080
00000000
00000000
40000000
20000030
00000001
004c3100
00000000
00000008
00000007
0000001c
00000250
00000050
005d1040
00000080
00000000
00000000
40000000
20000030
00000001
004c4980
00000000
00000008
00000007
0000001c
00000270
00000070
005d1060
00000080
00000000
00000000
40000000
20000030
00000001
004c6200
00000000
00000008
00000007
0000001c
00000290
00000090
005d1080
00000080
00000000
00000000
40000000
20000030
00000001
004c7a80
00000000
00000008
00000007
0000001c
000002b0
000000b0
005d10a0
00000080
00000000
00000000
40000000
20000030
00000001
004c9300
00000000
00000008
00000007
0000001c
000002d0
000000d0
005d10c0
00000080
00000000
00000000
40000000
20000030
00000001
004cab80
00000000
00000008
00000007
0000001c
000002f0
000000f0
005d10e0
00000080
00000000
00000000
40000000
22000030
00000007
001c3000
00000000
00000080
00000008
0000001c
00000000
00000000
004c0000
03031101
00000007
0000001c
40000000
10000014
00000001
024c0000
00000001
00004800
0006e400
30000000
10000014
00000001
024c0000
00000001
00084800
0006e400
30000000
10000014
00000001
024c0000
00000001
00104800
0006e400
30000000
10000014
00000001
024c0000
00000001
00184800
0006e400
30000000
10000014
00000001
024c0000
00000001
00204800
0006e400
30000000
10000014
00000001
024c0000
00000001
00284800
0006e400
30000000
10000014
00000001
024c0000
00000001
00304800
0006e400
30000000
10000014
00000001
024c0000
00000001
00384800
0006e400
30000000
90000060
000000c4
00001207
000000ff
00000000
00000480
00000090
00000002
00000000
00000000
00000000
00000000
00000000
00000000
00000000
00000000
00000000
00000000
00000000
00000000
00000000
00000000
00000000
00000000
00000000
70000000
00000000
00000000
00000000
00000000
00000000
00000000
00000000
00000000
00000000
00000000
00000000
00000000
00000000
00000000
00000000
00000000
10000014
00000001
01000000
00000001
024c0000
00001880
30000000
10000014
00000001
01040000
00000001
024c1880
00001880
30000000
10000014
00000001
01080000
00000001
024c3100
00001880
30000000
10000014
00000001
010c0000
00000001
024c4980
00001880
30000000
10000014
00000001
01100000
00000001
024c6200
00001880
30000000
10000014
00000001
01140000
00000001
024c7a80
00001880
30000000
10000014
00000001
01180000
00000001
024c9300
00001880
30000000
10000014
00000001
011c0000
00000001
024cab80
00001880
30000000
20000030
00000001
004c0000
00000000
00000008
00000007
0000001c
00000210
00000010
005e9800
00000080
00000000
00000000
40000000
20000030
00000001
004c1880
00000000
00000008
00000007
0000001c
00000230
00000030
005e9820
00000080
00000000
00000000
40000000
20000030
00000001
004c3100
00000000
00000008
00000007
0000001c
00000250
00000050
005e9840
00000080
00000000
00000000
40000000
20000030
00000001
004c4980
00000000
00000008
00000007
0000001c
00000270
00000070
005e9860
00000080
00000000
00000000
40000000
20000030
00000001
004c6200
00000000
00000008
00000007
0000001c
00000290
00000090
005e9880
00000080
00000000
00000000
40000000
20000030
00000001
004c7a80
00000000
00000008
00000007
0000001c
000002b0
000000b0
005e98a0
00000080
00000000
00000000
40000000
20000030
00000001
004c9300
00000000
00000008
00000007
0000001c
000002d0
000000d0
005e98c0
00000080
00000000
00000000
40000000
20000030
00000001
004cab80
00000000
00000008
00000007
0000001c
000002f0
000000f0
005e98e0
00000080
00000000
00000000
40000000
10000014
00000001
027c2700
00000001
03000000
00000410
30000000
10000014
00000000
00296000
00000001
00000000
00004800
30000000
10000014
00000000
0029a800
00000001
00080000
00004800
30000000
10000014
00000000
0029f000
00000001
00100000
00004800
30000000
10000014
00000000
002a3800
00000001
00180000
00004800
30000000
10000014
00000000
002a8000
00000001
00200000
00004800
30000000
10000014
00000000
002ac800
00000001
00280000
00004800
30000000
10000014
00000000
002b1000
00000001
00300000
00004800
30000000
10000014
00000000
002b5800
00000001
00380000
00004800
30000000
22000030
00000007
001a0000
00000000
00000080
00000008
0000001c
00000000
00000000
004c0000
03031111
00000007
0000001c
40000000
10000014
00000001
024c0000
00000001
00004800
0006e400
30000000
10000014
00000001
024c0000
00000001
00084800
0006e400
30000000
10000014
00000001
024c0000
00000001
00104800
0006e400
30000000
10000014
00000001
024c0000
00000001
00184800
0006e400
30000000
10000014
00000001
024c0000
00000001
00204800
0006e400
30000000
10000014
00000001
024c0000
00000001
00284800
0006e400
30000000
10000014
00000001
024c0000
00000001
00304800
0006e400
30000000
10000014
00000001
024c0000
00000001
00384800
0006e400
30000000
90000060
000000c4
00001207
000000ff
00000000
00000480
00000090
00000002
00000000
00000000
00000000
00000000
00000000
00000000
00000000
00000000
00000000
00000000
00000000
00000000
00000000
00000000
00000000
00000000
00000000
70000000
00000000
00000000
00000000
00000000
00000000
00000000
00000000
00000000
00000000
00000000
00000000
00000000
00000000
00000000
00000000
00000000
10000014
00000001
01000000
00000001
024c0000
00001880
30000000
10000014
00000001
01040000
00000001
024c1880
00001880
30000000
10000014
00000001
01080000
00000001
024c3100
00001880
30000000
10000014
00000001
010c0000
00000001
024c4980
00001880
30000000
10000014
00000001
01100000
00000001
024c6200
00001880
30000000
10000014
00000001
01140000
00000001
024c7a80
00001880
30000000
10000014
00000001
01180000
00000001
024c9300
00001880
30000000
10000014
00000001
011c0000
00000001
024cab80
00001880
30000000
20000030
00000001
004c0000
00000000
00000008
00000007
0000001c
00000310
00000110
005a0100
00000080
00000000
00000000
40000000
20000030
00000001
004c1880
00000000
00000008
00000007
0000001c
00000330
00000130
005a0120
00000080
00000000
00000000
40000000
20000030
00000001
004c3100
00000000
00000008
00000007
0000001c
00000350
00000150
005a0140
00000080
00000000
00000000
40000000
20000030
00000001
004c4980
00000000
00000008
00000007
0000001c
00000370
00000170
005a0160
00000080
00000000
00000000
40000000
20000030
00000001
004c6200
00000000
00000008
00000007
0000001c
00000390
00000190
005a0180
00000080
00000000
00000000
40000000
20000030
00000001
004c7a80
00000000
00000008
00000007
0000001c
000003b0
000001b0
005a01a0
00000080
00000000
00000000
40000000
20000030
00000001
004c9300
00000000
00000008
00000007
0000001c
000003d0
000001d0
005a01c0
00000080
00000000
00000000
40000000
20000030
00000001
004cab80
00000000
00000008
00000007
0000001c
000003f0
000001f0
005a01e0
00000080
00000000
00000000
40000000
22000030
00000007
001aa800
00000000
00000080
00000009
0000001c
00000000
00000000
004c0000
03031101
00000007
0000001c
40000000
10000014
00000001
024c0000
00000001
00004800
0006e400
30000000
10000014
00000001
024c0000
00000001
00084800
0006e400
30000000
10000014
00000001
024c0000
00000001
00104800
0006e400
30000000
10000014
00000001
024c0000
00000001
00184800
0006e400
30000000
10000014
00000001
024c0000
00000001
00204800
0006e400
30000000
10000014
00000001
024c0000
00000001
00284800
0006e400
30000000
10000014
00000001
024c0000
00000001
00304800
0006e400
30000000
10000014
00000001
024c0000
00000001
00384800
0006e400
30000000
90000060
000000c4
00001207
000000ff
00000000
00000480
00000090
00000002
00000000
00000000
00000000
00000000
00000000
00000000
00000000
00000000
00000000
00000000
00000000
00000000
00000000
00000000
00000000
00000000
00000000
70000000
00000000
00000000
00000000
00000000
00000000
00000000
00000000
00000000
00000000
00000000
00000000
00000000
00000000
00000000
00000000
00000000
10000014
00000001
01000000
00000001
024c0000
00001880
30000000
10000014
00000001
01040000
00000001
024c1880
00001880
30000000
10000014
00000001
01080000
00000001
024c3100
00001880
30000000
10000014
00000001
010c0000
00000001
024c4980
00001880
30000000
10000014
00000001
01100000
00000001
024c6200
00001880
30000000
10000014
00000001
01140000
00000001
024c7a80
00001880
30000000
10000014
00000001
01180000
00000001
024c9300
00001880
30000000
10000014
00000001
011c0000
00000001
024cab80
00001880
30000000
20000030
00000001
004c0000
00000000
00000008
00000007
0000001c
00000310
00000110
005b8900
00000080
00000000
00000000
40000000
20000030
00000001
004c1880
00000000
00000008
00000007
0000001c
00000330
00000130
005b8920
00000080
00000000
00000000
40000000
20000030
00000001
004c3100
00000000
00000008
00000007
0000001c
00000350
00000150
005b8940
00000080
00000000
00000000
40000000
20000030
00000001
004c4980
00000000
00000008
00000007
0000001c
00000370
00000170
005b8960
00000080
00000000
00000000
40000000
20000030
00000001
004c6200
00000000
00000008
00000007
0000001c
00000390
00000190
005b8980
00000080
00000000
00000000
40000000
20000030
00000001
004c7a80
00000000
00000008
00000007
0000001c
000003b0
000001b0
005b89a0
00000080
00000000
00000000
40000000
20000030
00000001
004c9300
00000000
00000008
00000007
0000001c
000003d0
000001d0
005b89c0
00000080
00000000
00000000
40000000
20000030
00000001
004cab80
00000000
00000008
00000007
0000001c
000003f0
000001f0
005b89e0
00000080
00000000
00000000
40000000
22000030
00000007
001b6c00
00000000
00000080
00000009
0000001c
00000000
00000000
004c0000
03031101
00000007
0000001c
40000000
10000014
00000001
024c0000
00000001
00004800
0006e400
30000000
10000014
00000001
024c0000
00000001
00084800
0006e400
30000000
10000014
00000001
024c0000
00000001
00104800
0006e400
30000000
10000014
00000001
024c0000
00000001
00184800
0006e400
30000000
10000014
00000001
024c0000
00000001
00204800
0006e400
30000000
10000014
00000001
024c0000
00000001
00284800
0006e400
30000000
10000014
00000001
024c0000
00000001
00304800
0006e400
30000000
10000014
00000001
024c0000
00000001
00384800
0006e400
30000000
90000060
000000c4
00001207
000000ff
00000000
00000480
00000090
00000002
00000000
00000000
00000000
00000000
00000000
00000000
00000000
00000000
00000000
00000000
00000000
00000000
00000000
00000000
00000000
00000000
00000000
70000000
00000000
00000000
00000000
00000000
00000000
00000000
00000000
00000000
00000000
00000000
00000000
00000000
00000000
00000000
00000000
00000000
10000014
00000001
01000000
00000001
024c0000
00001880
30000000
10000014
00000001
01040000
00000001
024c1880
00001880
30000000
10000014
00000001
01080000
00000001
024c3100
00001880
30000000
10000014
00000001
010c0000
00000001
024c4980
00001880
30000000
10000014
00000001
01100000
00000001
024c6200
00001880
30000000
10000014
00000001
01140000
00000001
024c7a80
00001880
30000000
10000014
00000001
01180000
00000001
024c9300
00001880
30000000
10000014
00000001
011c0000
00000001
024cab80
00001880
30000000
20000030
00000001
004c0000
00000000
00000008
00000007
0000001c
00000310
00000110
005d1100
00000080
00000000
00000000
40000000
20000030
00000001
004c1880
00000000
00000008
00000007
0000001c
00000330
00000130
005d1120
00000080
00000000
00000000
40000000
20000030
00000001
004c3100
00000000
00000008
00000007
0000001c
00000350
00000150
005d1140
00000080
00000000
00000000
40000000
20000030
00000001
004c4980
00000000
00000008
00000007
0000001c
00000370
00000170
005d1160
00000080
00000000
00000000
40000000
20000030
00000001
004c6200
00000000
00000008
00000007
0000001c
00000390
00000190
005d1180
00000080
00000000
00000000
40000000
20000030
00000001
004c7a80
00000000
00000008
00000007
0000001c
000003b0
000001b0
005d11a0
00000080
00000000
00000000
40000000
20000030
00000001
004c9300
00000000
00000008
00000007
0000001c
000003d0
000001d0
005d11c0
00000080
00000000
00000000
40000000
20000030
00000001
004cab80
00000000
00000008
00000007
0000001c
000003f0
000001f0
005d11e0
00000080
00000000
00000000
40000000
22000030
00000007
001c3000
00000000
00000080
00000008
0000001c
00000000
00000000
004c0000
03031101
00000007
0000001c
40000000
10000014
00000001
024c0000
00000001
00004800
0006e400
30000000
10000014
00000001
024c0000
00000001
00084800
0006e400
30000000
10000014
00000001
024c0000
00000001
00104800
0006e400
30000000
10000014
00000001
024c0000
00000001
00184800
0006e400
30000000
10000014
00000001
024c0000
00000001
00204800
0006e400
30000000
10000014
00000001
024c0000
00000001
00284800
0006e400
30000000
10000014
00000001
024c0000
00000001
00304800
0006e400
30000000
10000014
00000001
024c0000
00000001
00384800
0006e400
30000000
90000060
000000c4
00001207
000000ff
00000000
00000480
00000090
00000002
00000000
00000000
00000000
00000000
00000000
00000000
00000000
00000000
00000000
00000000
00000000
00000000
00000000
00000000
00000000
00000000
00000000
70000000
00000000
00000000
00000000
00000000
00000000
00000000
00000000
00000000
00000000
00000000
00000000
00000000
00000000
00000000
00000000
00000000
10000014
00000001
01000000
00000001
024c0000
00001880
30000000
10000014
00000001
01040000
00000001
024c1880
00001880
30000000
10000014
00000001
01080000
00000001
024c3100
00001880
30000000
10000014
00000001
010c0000
00000001
024c4980
00001880
30000000
10000014
00000001
01100000
00000001
024c6200
00001880
30000000
10000014
00000001
01140000
00000001
024c7a80
00001880
30000000
10000014
00000001
01180000
00000001
024c9300
00001880
30000000
10000014
00000001
011c0000
00000001
024cab80
00001880
30000000
20000030
00000001
004c0000
00000000
00000008
00000007
0000001c
00000310
00000110
005e9900
00000080
00000000
00000000
40000000
20000030
00000001
004c1880
00000000
00000008
00000007
0000001c
00000330
00000130
005e9920
00000080
00000000
00000000
40000000
20000030
00000001
004c3100
00000000
00000008
00000007
0000001c
00000350
00000150
005e9940
00000080
00000000
00000000
40000000
20000030
00000001
004c4980
00000000
00000008
00000007
0000001c
00000370
00000170
005e9960
00000080
00000000
00000000
40000000
20000030
00000001
004c6200
00000000
00000008
00000007
0000001c
00000390
00000190
005e9980
00000080
00000000
00000000
40000000
20000030
00000001
004c7a80
00000000
00000008
00000007
0000001c
000003b0
000001b0
005e99a0
00000080
00000000
00000000
40000000
20000030
00000001
004c9300
00000000
00000008
00000007
0000001c
000003d0
000001d0
005e99c0
00000080
00000000
00000000
40000000
20000030
00000001
004cab80
00000000
00000008
00000007
0000001c
000003f0
000001f0
005e99e0
00000080
00000000
00000000
40000000
10000014
00000001
027c22f0
00000001
03000000
00000410
30000000
22000030
00000003
005a0000
00000000
00000080
0000001c
0000001c
00000000
00000000
00602000
00000000
00000000
00000000
40000000
26000030
00000001
00602000
00000000
00000080
0000001c
0000001c
00000210
00000010
005a0000
00000000
00000000
00000000
40000000
10000014
00000001
027c2f20
00000001
03000000
00000410
30000000
10000014
00000000
002ba000
00000001
00000000
00000400
30000000
10000014
00000000
002ba400
00000001
00080000
00000400
30000000
10000014
00000000
002ba800
00000001
00100000
00000400
30000000
10000014
00000000
002bac00
00000001
00180000
00000400
30000000
10000014
00000000
002bb000
00000001
00200000
00000400
30000000
10000014
00000000
002bb400
00000001
00280000
00000400
30000000
10000014
00000000
002bb800
00000001
00300000
00000400
30000000
10000014
00000000
002bbc00
00000001
00380000
00000400
30000000
22000030
00000003
00000000
00000000
00000040
00000038
00000038
00000000
00000000
001a0000
00000000
00000000
00000000
40000000
22000030
00000007
001a0000
00000000
00000040
00000037
00000038
00000000
00000000
004c0000
01012200
0000001c
0000001c
40000000
10000014
00000001
024c0000
00000001
00000400
00018800
30000000
10000014
00000001
024c0000
00000001
00080400
00018800
30000000
10000014
00000001
024c0000
00000001
00100400
00018800
30000000
10000014
00000001
024c0000
00000001
00180400
00018800
30000000
10000014
00000001
024c0000
00000001
00200400
00018800
30000000
10000014
00000001
024c0000
00000001
00280400
00018800
30000000
10000014
00000001
024c0000
00000001
00300400
00018800
30000000
10000014
00000001
024c0000
00000001
00380400
00018800
30000000
90000060
00000310
00000107
000000ff
00000000
00000040
00000008
00000002
00000000
00000000
00000000
00000000
00000000
00000000
00000000
00000000
00000000
00000000
00000000
00000000
00000000
00000000
00000000
00000000
00000000
70000000
00000000
00000000
00000000
00000000
00000000
00000000
00000000
00000000
00000000
00000000
00000000
00000000
00000000
00000000
00000000
00000000
10000014
00000001
01000000
00000001
024c0000
00006200
30000000
10000014
00000001
01040000
00000001
024c6200
00006200
30000000
10000014
00000001
01080000
00000001
024cc400
00006200
30000000
10000014
00000001
010c0000
00000001
024d2600
00006200
30000000
10000014
00000001
01100000
00000001
024d8800
00006200
30000000
10000014
00000001
01140000
00000001
024dea00
00006200
30000000
10000014
00000001
01180000
00000001
024e4c00
00006200
30000000
10000014
00000001
011c0000
00000001
024eae00
00006200
30000000
20000030
00000001
004c0000
00000000
00000008
0000001c
0000001c
00000210
00000010
00602000
00000080
00000000
00000000
40000000
20000030
00000001
004c6200
00000000
00000008
0000001c
0000001c
00000230
00000030
00602020
00000080
00000000
00000000
40000000
20000030
00000001
004cc400
00000000
00000008
0000001c
0000001c
00000250
00000050
00602040
00000080
00000000
00000000
40000000
20000030
00000001
004d2600
00000000
00000008
0000001c
0000001c
00000270
00000070
00602060
00000080
00000000
00000000
40000000
20000030
00000001
004d8800
00000000
00000008
0000001c
0000001c
00000290
00000090
00602080
00000080
00000000
00000000
40000000
20000030
00000001
004dea00
00000000
00000008
0000001c
0000001c
000002b0
000000b0
006020a0
00000080
00000000
00000000
40000000
20000030
00000001
004e4c00
00000000
00000008
0000001c
0000001c
000002d0
000000d0
006020c0
00000080
00000000
00000000
40000000
20000030
00000001
004eae00
00000000
00000008
0000001c
0000001c
000002f0
000000f0
006020e0
00000080
00000000
00000000
40000000
10000014
00000001
027c2f20
00000001
03000000
00000410
30000000
10000014
00000000
002bc000
00000001
00000000
00000400
30000000
10000014
00000000
002bc400
00000001
00080000
00000400
30000000
10000014
00000000
002bc800
00000001
00100000
00000400
30000000
10000014
00000000
002bcc00
00000001
00180000
00000400
30000000
10000014
00000000
002bd000
00000001
00200000
00000400
30000000
10000014
00000000
002bd400
00000001
00280000
00000400
30000000
10000014
00000000
002bd800
00000001
00300000
00000400
30000000
10000014
00000000
002bdc00
00000001
00380000
00000400
30000000
22000030
00000007
001a0000
00000000
00000040
00000037
00000038
00000000
00000000
004c0000
01012200
0000001c
0000001c
40000000
10000014
00000001
024c0000
00000001
00000400
00018800
30000000
10000014
00000001
024c0000
00000001
00080400
00018800
30000000
10000014
00000001
024c0000
00000001
00100400
00018800
30000000
10000014
00000001
024c0000
00000001
00180400
00018800
30000000
10000014
00000001
024c0000
00000001
00200400
00018800
30000000
10000014
00000001
024c0000
00000001
00280400
00018800
30000000
10000014
00000001
024c0000
00000001
00300400
00018800
30000000
10000014
00000001
024c0000
00000001
00380400
00018800
30000000
90000060
00000310
00000107
000000ff
00000000
00000040
00000008
00000002
00000000
00000000
00000000
00000000
00000000
00000000
00000000
00000000
00000000
00000000
00000000
00000000
00000000
00000000
00000000
00000000
00000000
70000000
00000000
00000000
00000000
00000000
00000000
00000000
00000000
00000000
00000000
00000000
00000000
00000000
00000000
00000000
00000000
00000000
10000014
00000001
01000000
00000001
024c0000
00006200
30000000
10000014
00000001
01040000
00000001
024c6200
00006200
30000000
10000014
00000001
01080000
00000001
024cc400
00006200
30000000
10000014
00000001
010c0000
00000001
024d2600
00006200
30000000
10000014
00000001
01100000
00000001
024d8800
00006200
30000000
10000014
00000001
01140000
00000001
024dea00
00006200
30000000
10000014
00000001
01180000
00000001
024e4c00
00006200
30000000
10000014
00000001
011c0000
00000001
024eae00
00006200
30000000
20000030
00000001
004c0000
00000000
00000008
0000001c
0000001c
00000310
00000110
00602100
00000080
00000000
00000000
40000000
20000030
00000001
004c6200
00000000
00000008
0000001c
0000001c
00000330
00000130
00602120
00000080
00000000
00000000
40000000
20000030
00000001
004cc400
00000000
00000008
0000001c
0000001c
00000350
00000150
00602140
00000080
00000000
00000000
40000000
20000030
00000001
004d2600
00000000
00000008
0000001c
0000001c
00000370
00000170
00602160
00000080
00000000
00000000
40000000
20000030
00000001
004d8800
00000000
00000008
0000001c
0000001c
00000390
00000190
00602180
00000080
00000000
00000000
40000000
20000030
00000001
004dea00
00000000
00000008
0000001c
0000001c
000003b0
000001b0
006021a0
00000080
00000000
00000000
40000000
20000030
00000001
004e4c00
00000000
00000008
0000001c
0000001c
000003d0
000001d0
006021c0
00000080
00000000
00000000
40000000
20000030
00000001
004eae00
00000000
00000008
0000001c
0000001c
000003f0
000001f0
006021e0
00000080
00000000
00000000
40000000
10000014
00000001
027c2b10
00000001
03000000
00000410
30000000
22000030
00000003
00602000
00000000
00000080
0000001c
0000001c
00000000
00000000
00664000
00000000
00000000
00000000
40000000
26000030
00000001
00664000
00000000
00000080
0000001c
0000001c
00000210
00000010
00602000
00000000
00000000
00000000
40000000
10000014
00000001
027c3330
00000001
03000000
00000410
30000000
20000030
00000006
005a0000
00602000
00000080
0000001c
0000001c
00000000
00000000
001a0000
00000001
00000000
00000000
40000000
22000030
00000003
001a0000
00000000
00000080
0000001c
0000001c
00000000
00000000
00664000
00000000
00000000
00000000
40000000
26000030
00000001
00664000
00000000
00000080
0000001c
0000001c
00000210
00000010
001a0000
00000000
00000000
00000000
40000000
10000014
00000001
027c3b50
00000001
03000000
00000410
30000000
10000014
00000000
002be000
00000001
00000000
00004800
30000000
10000014
00000000
002c2800
00000001
00080000
00004800
30000000
10000014
00000000
002c7000
00000001
00100000
00004800
30000000
10000014
00000000
002cb800
00000001
00180000
00004800
30000000
10000014
00000000
002d0000
00000001
00200000
00004800
30000000
10000014
00000000
002d4800
00000001
00280000
00004800
30000000
10000014
00000000
002d9000
00000001
00300000
00004800
30000000
10000014
00000000
002dd800
00000001
00380000
00004800
30000000
22000030
00000003
001a0000
00000000
00000080
0000001c
0000001c
00000000
00000000
005a0000
00000000
00000000
00000000
40000000
22000030
00000007
005a0000
00000000
00000080
00000008
0000001c
00000000
00000000
004c0000
03031111
00000007
0000001c
40000000
10000014
00000001
024c0000
00000001
00004800
0006e400
30000000
10000014
00000001
024c0000
00000001
00084800
0006e400
30000000
10000014
00000001
024c0000
00000001
00104800
0006e400
30000000
10000014
00000001
024c0000
00000001
00184800
0006e400
30000000
10000014
00000001
024c0000
00000001
00204800
0006e400
30000000
10000014
00000001
024c0000
00000001
00284800
0006e400
30000000
10000014
00000001
024c0000
00000001
00304800
0006e400
30000000
10000014
00000001
024c0000
00000001
00384800
0006e400
30000000
90000060
000000c4
00001207
000000ff
00000000
00000480
00000090
00000002
00000000
00000000
00000000
00000000
00000000
00000000
00000000
00000000
00000000
00000000
00000000
00000000
00000000
00000000
00000000
00000000
00000000
70000000
00000000
00000000
00000000
00000000
00000000
00000000
00000000
00000000
00000000
00000000
00000000
00000000
00000000
00000000
00000000
00000000
10000014
00000001
01000000
00000001
024c0000
00001880
30000000
10000014
00000001
01040000
00000001
024c1880
00001880
30000000
10000014
00000001
01080000
00000001
024c3100
00001880
30000000
10000014
00000001
010c0000
00000001
024c4980
00001880
30000000
10000014
00000001
01100000
00000001
024c6200
00001880
30000000
10000014
00000001
01140000
00000001
024c7a80
00001880
30000000
10000014
00000001
01180000
00000001
024c9300
00001880
30000000
10000014
00000001
011c0000
00000001
024cab80
00001880
30000000
21000030
00000001
004c0000
00000000
00000008
00000007
0000001c
00000210
00000010
00000000
00000080
00000000
00000000
40000000
21000030
00000001
004c1880
00000000
00000008
00000007
0000001c
00000230
00000030
00000020
00000080
00000000
00000000
40000000
21000030
00000001
004c3100
00000000
00000008
00000007
0000001c
00000250
00000050
00000040
00000080
00000000
00000000
40000000
21000030
00000001
004c4980
00000000
00000008
00000007
0000001c
00000270
00000070
00000060
00000080
00000000
00000000
40000000
21000030
00000001
004c6200
00000000
00000008
00000007
0000001c
00000290
00000090
00000080
00000080
00000000
00000000
40000000
21000030
00000001
004c7a80
00000000
00000008
00000007
0000001c
000002b0
000000b0
000000a0
00000080
00000000
00000000
40000000
21000030
00000001
004c9300
00000000
00000008
00000007
0000001c
000002d0
000000d0
000000c0
00000080
00000000
00000000
40000000
21000030
00000001
004cab80
00000000
00000008
00000007
0000001c
000002f0
000000f0
000000e0
00000080
00000000
00000000
40000000
22000030
00000007
005aa800
00000000
00000080
00000009
0000001c
00000000
00000000
004c0000
03031101
00000007
0000001c
40000000
10000014
00000001
024c0000
00000001
00004800
0006e400
30000000
10000014
00000001
024c0000
00000001
00084800
0006e400
30000000
10000014
00000001
024c0000
00000001
00104800
0006e400
30000000
10000014
00000001
024c0000
00000001
00184800
0006e400
30000000
10000014
00000001
024c0000
00000001
00204800
0006e400
30000000
10000014
00000001
024c0000
00000001
00284800
0006e400
30000000
10000014
00000001
024c0000
00000001
00304800
0006e400
30000000
10000014
00000001
024c0000
00000001
00384800
0006e400
30000000
90000060
000000c4
00001207
000000ff
00000000
00000480
00000090
00000002
00000000
00000000
00000000
00000000
00000000
00000000
00000000
00000000
00000000
00000000
00000000
00000000
00000000
00000000
00000000
00000000
00000000
70000000
00000000
00000000
00000000
00000000
00000000
00000000
00000000
00000000
00000000
00000000
00000000
00000000
00000000
00000000
00000000
00000000
10000014
00000001
01000000
00000001
024c0000
00001880
30000000
10000014
00000001
01040000
00000001
024c1880
00001880
30000000
10000014
00000001
01080000
00000001
024c3100
00001880
30000000
10000014
00000001
010c0000
00000001
024c4980
00001880
30000000
10000014
00000001
01100000
00000001
024c6200
00001880
30000000
10000014
00000001
01140000
00000001
024c7a80
00001880
30000000
10000014
00000001
01180000
00000001
024c9300
00001880
30000000
10000014
00000001
011c0000
00000001
024cab80
00001880
30000000
21000030
00000001
004c0000
00000000
00000008
00000007
0000001c
00000210
00000010
00018800
00000080
00000000
00000000
40000000
21000030
00000001
004c1880
00000000
00000008
00000007
0000001c
00000230
00000030
00018820
00000080
00000000
00000000
40000000
21000030
00000001
004c3100
00000000
00000008
00000007
0000001c
00000250
00000050
00018840
00000080
00000000
00000000
40000000
21000030
00000001
004c4980
00000000
00000008
00000007
0000001c
00000270
00000070
00018860
00000080
00000000
00000000
40000000
21000030
00000001
004c6200
00000000
00000008
00000007
0000001c
00000290
00000090
00018880
00000080
00000000
00000000
40000000
21000030
00000001
004c7a80
00000000
00000008
00000007
0000001c
000002b0
000000b0
000188a0
00000080
00000000
00000000
40000000
21000030
00000001
004c9300
00000000
00000008
00000007
0000001c
000002d0
000000d0
000188c0
00000080
00000000
00000000
40000000
21000030
00000001
004cab80
00000000
00000008
00000007
0000001c
000002f0
000000f0
000188e0
00000080
00000000
00000000
40000000
22000030
00000007
005b6c00
00000000
00000080
00000009
0000001c
00000000
00000000
004c0000
03031101
00000007
0000001c
40000000
10000014
00000001
024c0000
00000001
00004800
0006e400
30000000
10000014
00000001
024c0000
00000001
00084800
0006e400
30000000
10000014
00000001
024c0000
00000001
00104800
0006e400
30000000
10000014
00000001
024c0000
00000001
00184800
0006e400
30000000
10000014
00000001
024c0000
00000001
00204800
0006e400
30000000
10000014
00000001
024c0000
00000001
00284800
0006e400
30000000
10000014
00000001
024c0000
00000001
00304800
0006e400
30000000
10000014
00000001
024c0000
00000001
00384800
0006e400
30000000
90000060
000000c4
00001207
000000ff
00000000
00000480
00000090
00000002
00000000
00000000
00000000
00000000
00000000
00000000
00000000
00000000
00000000
00000000
00000000
00000000
00000000
00000000
00000000
00000000
00000000
70000000
00000000
00000000
00000000
00000000
00000000
00000000
00000000
00000000
00000000
00000000
00000000
00000000
00000000
00000000
00000000
00000000
10000014
00000001
01000000
00000001
024c0000
00001880
30000000
10000014
00000001
01040000
00000001
024c1880
00001880
30000000
10000014
00000001
01080000
00000001
024c3100
00001880
30000000
10000014
00000001
010c0000
00000001
024c4980
00001880
30000000
10000014
00000001
01100000
00000001
024c6200
00001880
30000000
10000014
00000001
01140000
00000001
024c7a80
00001880
30000000
10000014
00000001
01180000
00000001
024c9300
00001880
30000000
10000014
00000001
011c0000
00000001
024cab80
00001880
30000000
21000030
00000001
004c0000
00000000
00000008
00000007
0000001c
00000210
00000010
00031000
00000080
00000000
00000000
40000000
21000030
00000001
004c1880
00000000
00000008
00000007
0000001c
00000230
00000030
00031020
00000080
00000000
00000000
40000000
21000030
00000001
004c3100
00000000
00000008
00000007
0000001c
00000250
00000050
00031040
00000080
00000000
00000000
40000000
21000030
00000001
004c4980
00000000
00000008
00000007
0000001c
00000270
00000070
00031060
00000080
00000000
00000000
40000000
21000030
00000001
004c6200
00000000
00000008
00000007
0000001c
00000290
00000090
00031080
00000080
00000000
00000000
40000000
21000030
00000001
004c7a80
00000000
00000008
00000007
0000001c
000002b0
000000b0
000310a0
00000080
00000000
00000000
40000000
21000030
00000001
004c9300
00000000
00000008
00000007
0000001c
000002d0
000000d0
000310c0
00000080
00000000
00000000
40000000
21000030
00000001
004cab80
00000000
00000008
00000007
0000001c
000002f0
000000f0
000310e0
00000080
00000000
00000000
40000000
22000030
00000007
005c3000
00000000
00000080
00000008
0000001c
00000000
00000000
004c0000
03031101
00000007
0000001c
40000000
10000014
00000001
024c0000
00000001
00004800
0006e400
30000000
10000014
00000001
024c0000
00000001
00084800
0006e400
30000000
10000014
00000001
024c0000
00000001
00104800
0006e400
30000000
10000014
00000001
024c0000
00000001
00184800
0006e400
30000000
10000014
00000001
024c0000
00000001
00204800
0006e400
30000000
10000014
00000001
024c0000
00000001
00284800
0006e400
30000000
10000014
00000001
024c0000
00000001
00304800
0006e400
30000000
10000014
00000001
024c0000
00000001
00384800
0006e400
30000000
90000060
000000c4
00001207
000000ff
00000000
00000480
00000090
00000002
00000000
00000000
00000000
00000000
00000000
00000000
00000000
00000000
00000000
00000000
00000000
00000000
00000000
00000000
00000000
00000000
00000000
70000000
00000000
00000000
00000000
00000000
00000000
00000000
00000000
00000000
00000000
00000000
00000000
00000000
00000000
00000000
00000000
00000000
10000014
00000001
01000000
00000001
024c0000
00001880
30000000
10000014
00000001
01040000
00000001
024c1880
00001880
30000000
10000014
00000001
01080000
00000001
024c3100
00001880
30000000
10000014
00000001
010c0000
00000001
024c4980
00001880
30000000
10000014
00000001
01100000
00000001
024c6200
00001880
30000000
10000014
00000001
01140000
00000001
024c7a80
00001880
30000000
10000014
00000001
01180000
00000001
024c9300
00001880
30000000
10000014
00000001
011c0000
00000001
024cab80
00001880
30000000
21000030
00000001
004c0000
00000000
00000008
00000007
0000001c
00000210
00000010
00049800
00000080
00000000
00000000
40000000
21000030
00000001
004c1880
00000000
00000008
00000007
0000001c
00000230
00000030
00049820
00000080
00000000
00000000
40000000
21000030
00000001
004c3100
00000000
00000008
00000007
0000001c
00000250
00000050
00049840
00000080
00000000
00000000
40000000
21000030
00000001
004c4980
00000000
00000008
00000007
0000001c
00000270
00000070
00049860
00000080
00000000
00000000
40000000
21000030
00000001
004c6200
00000000
00000008
00000007
0000001c
00000290
00000090
00049880
00000080
00000000
00000000
40000000
21000030
00000001
004c7a80
00000000
00000008
00000007
0000001c
000002b0
000000b0
000498a0
00000080
00000000
00000000
40000000
21000030
00000001
004c9300
00000000
00000008
00000007
0000001c
000002d0
000000d0
000498c0
00000080
00000000
00000000
40000000
21000030
00000001
004cab80
00000000
00000008
00000007
0000001c
000002f0
000000f0
000498e0
00000080
00000000
00000000
40000000
10000014
00000001
027c3b50
00000001
03000000
00000410
30000000
10000014
00000000
002e2000
00000001
00000000
00004800
30000000
10000014
00000000
002e6800
00000001
00080000
00004800
30000000
10000014
00000000
002eb000
00000001
00100000
00004800
30000000
10000014
00000000
002ef800
00000001
00180000
00004800
30000000
10000014
00000000
002f4000
00000001
00200000
00004800
30000000
10000014
00000000
002f8800
00000001
00280000
00004800
30000000
10000014
00000000
002fd000
00000001
00300000
00004800
30000000
10000014
00000000
00301800
00000001
00380000
00004800
30000000
22000030
00000007
005a0000
00000000
00000080
00000008
0000001c
00000000
00000000
004c0000
03031111
00000007
0000001c
40000000
10000014
00000001
024c0000
00000001
00004800
0006e400
30000000
10000014
00000001
024c0000
00000001
00084800
0006e400
30000000
10000014
00000001
024c0000
00000001
00104800
0006e400
30000000
10000014
00000001
024c0000
00000001
00184800
0006e400
30000000
10000014
00000001
024c0000
00000001
00204800
0006e400
30000000
10000014
00000001
024c0000
00000001
00284800
0006e400
30000000
10000014
00000001
024c0000
00000001
00304800
0006e400
30000000
10000014
00000001
024c0000
00000001
00384800
0006e400
30000000
90000060
000000c4
00001207
000000ff
00000000
00000480
00000090
00000002
00000000
00000000
00000000
00000000
00000000
00000000
00000000
00000000
00000000
00000000
00000000
00000000
00000000
00000000
00000000
00000000
00000000
70000000
00000000
00000000
00000000
00000000
00000000
00000000
00000000
00000000
00000000
00000000
00000000
00000000
00000000
00000000
00000000
00000000
10000014
00000001
01000000
00000001
024c0000
00001880
30000000
10000014
00000001
01040000
00000001
024c1880
00001880
30000000
10000014
00000001
01080000
00000001
024c3100
00001880
30000000
10000014
00000001
010c0000
00000001
024c4980
00001880
30000000
10000014
00000001
01100000
00000001
024c6200
00001880
30000000
10000014
00000001
01140000
00000001
024c7a80
00001880
30000000
10000014
00000001
01180000
00000001
024c9300
00001880
30000000
10000014
00000001
011c0000
00000001
024cab80
00001880
30000000
21000030
00000001
004c0000
00000000
00000008
00000007
0000001c
00000310
00000110
00000100
00000080
00000000
00000000
40000000
21000030
00000001
004c1880
00000000
00000008
00000007
0000001c
00000330
00000130
00000120
00000080
00000000
00000000
40000000
21000030
00000001
004c3100
00000000
00000008
00000007
0000001c
00000350
00000150
00000140
00000080
00000000
00000000
40000000
21000030
00000001
004c4980
00000000
00000008
00000007
0000001c
00000370
00000170
00000160
00000080
00000000
00000000
40000000
21000030
00000001
004c6200
00000000
00000008
00000007
0000001c
00000390
00000190
00000180
00000080
00000000
00000000
40000000
21000030
00000001
004c7a80
00000000
00000008
00000007
0000001c
000003b0
000001b0
000001a0
00000080
00000000
00000000
40000000
21000030
00000001
004c9300
00000000
00000008
00000007
0000001c
000003d0
000001d0
000001c0
00000080
00000000
00000000
40000000
21000030
00000001
004cab80
00000000
00000008
00000007
0000001c
000003f0
000001f0
000001e0
00000080
00000000
00000000
40000000
22000030
00000007
005aa800
00000000
00000080
00000009
0000001c
00000000
00000000
004c0000
03031101
00000007
0000001c
40000000
10000014
00000001
024c0000
00000001
00004800
0006e400
30000000
10000014
00000001
024c0000
00000001
00084800
0006e400
30000000
10000014
00000001
024c0000
00000001
00104800
0006e400
30000000
10000014
00000001
024c0000
00000001
00184800
0006e400
30000000
10000014
00000001
024c0000
00000001
00204800
0006e400
30000000
10000014
00000001
024c0000
00000001
00284800
0006e400
30000000
10000014
00000001
024c0000
00000001
00304800
0006e400
30000000
10000014
00000001
024c0000
00000001
00384800
0006e400
30000000
90000060
000000c4
00001207
000000ff
00000000
00000480
00000090
00000002
00000000
00000000
00000000
00000000
00000000
00000000
00000000
00000000
00000000
00000000
00000000
00000000
00000000
00000000
00000000
00000000
00000000
70000000
00000000
00000000
00000000
00000000
00000000
00000000
00000000
00000000
00000000
00000000
00000000
00000000
00000000
00000000
00000000
00000000
10000014
00000001
01000000
00000001
024c0000
00001880
30000000
10000014
00000001
01040000
00000001
024c1880
00001880
30000000
10000014
00000001
01080000
00000001
024c3100
00001880
30000000
10000014
00000001
010c0000
00000001
024c4980
00001880
30000000
10000014
00000001
01100000
00000001
024c6200
00001880
30000000
10000014
00000001
01140000
00000001
024c7a80
00001880
30000000
10000014
00000001
01180000
00000001
024c9300
00001880
30000000
10000014
00000001
011c0000
00000001
024cab80
00001880
30000000
21000030
00000001
004c0000
00000000
00000008
00000007
0000001c
00000310
00000110
00018900
00000080
00000000
00000000
40000000
21000030
00000001
004c1880
00000000
00000008
00000007
0000001c
00000330
00000130
00018920
00000080
00000000
00000000
40000000
21000030
00000001
004c3100
00000000
00000008
00000007
0000001c
00000350
00000150
00018940
00000080
00000000
00000000
40000000
21000030
00000001
004c4980
00000000
00000008
00000007
0000001c
00000370
00000170
00018960
00000080
00000000
00000000
40000000
21000030
00000001
004c6200
00000000
00000008
00000007
0000001c
00000390
00000190
00018980
00000080
00000000
00000000
40000000
21000030
00000001
004c7a80
00000000
00000008
00000007
0000001c
000003b0
000001b0
000189a0
00000080
00000000
00000000
40000000
21000030
00000001
004c9300
00000000
00000008
00000007
0000001c
000003d0
000001d0
000189c0
00000080
00000000
00000000
40000000
21000030
00000001
004cab80
00000000
00000008
00000007
0000001c
000003f0
000001f0
000189e0
00000080
00000000
00000000
40000000
22000030
00000007
005b6c00
00000000
00000080
00000009
0000001c
00000000
00000000
004c0000
03031101
00000007
0000001c
40000000
10000014
00000001
024c0000
00000001
00004800
0006e400
30000000
10000014
00000001
024c0000
00000001
00084800
0006e400
30000000
10000014
00000001
024c0000
00000001
00104800
0006e400
30000000
10000014
00000001
024c0000
00000001
00184800
0006e400
30000000
10000014
00000001
024c0000
00000001
00204800
0006e400
30000000
10000014
00000001
024c0000
00000001
00284800
0006e400
30000000
10000014
00000001
024c0000
00000001
00304800
0006e400
30000000
10000014
00000001
024c0000
00000001
00384800
0006e400
30000000
90000060
000000c4
00001207
000000ff
00000000
00000480
00000090
00000002
00000000
00000000
00000000
00000000
00000000
00000000
00000000
00000000
00000000
00000000
00000000
00000000
00000000
00000000
00000000
00000000
00000000
70000000
00000000
00000000
00000000
00000000
00000000
00000000
00000000
00000000
00000000
00000000
00000000
00000000
00000000
00000000
00000000
00000000
10000014
00000001
01000000
00000001
024c0000
00001880
30000000
10000014
00000001
01040000
00000001
024c1880
00001880
30000000
10000014
00000001
01080000
00000001
024c3100
00001880
30000000
10000014
00000001
010c0000
00000001
024c4980
00001880
30000000
10000014
00000001
01100000
00000001
024c6200
00001880
30000000
10000014
00000001
01140000
00000001
024c7a80
00001880
30000000
10000014
00000001
01180000
00000001
024c9300
00001880
30000000
10000014
00000001
011c0000
00000001
024cab80
00001880
30000000
21000030
00000001
004c0000
00000000
00000008
00000007
0000001c
00000310
00000110
00031100
00000080
00000000
00000000
40000000
21000030
00000001
004c1880
00000000
00000008
00000007
0000001c
00000330
00000130
00031120
00000080
00000000
00000000
40000000
21000030
00000001
004c3100
00000000
00000008
00000007
0000001c
00000350
00000150
00031140
00000080
00000000
00000000
40000000
21000030
00000001
004c4980
00000000
00000008
00000007
0000001c
00000370
00000170
00031160
00000080
00000000
00000000
40000000
21000030
00000001
004c6200
00000000
00000008
00000007
0000001c
00000390
00000190
00031180
00000080
00000000
00000000
40000000
21000030
00000001
004c7a80
00000000
00000008
00000007
0000001c
000003b0
000001b0
000311a0
00000080
00000000
00000000
40000000
21000030
00000001
004c9300
00000000
00000008
00000007
0000001c
000003d0
000001d0
000311c0
00000080
00000000
00000000
40000000
21000030
00000001
004cab80
00000000
00000008
00000007
0000001c
000003f0
000001f0
000311e0
00000080
00000000
00000000
40000000
22000030
00000007
005c3000
00000000
00000080
00000008
0000001c
00000000
00000000
004c0000
03031101
00000007
0000001c
40000000
10000014
00000001
024c0000
00000001
00004800
0006e400
30000000
10000014
00000001
024c0000
00000001
00084800
0006e400
30000000
10000014
00000001
024c0000
00000001
00104800
0006e400
30000000
10000014
00000001
024c0000
00000001
00184800
0006e400
30000000
10000014
00000001
024c0000
00000001
00204800
0006e400
30000000
10000014
00000001
024c0000
00000001
00284800
0006e400
30000000
10000014
00000001
024c0000
00000001
00304800
0006e400
30000000
10000014
00000001
024c0000
00000001
00384800
0006e400
30000000
90000060
000000c4
00001207
000000ff
00000000
00000480
00000090
00000002
00000000
00000000
00000000
00000000
00000000
00000000
00000000
00000000
00000000
00000000
00000000
00000000
00000000
00000000
00000000
00000000
00000000
70000000
00000000
00000000
00000000
00000000
00000000
00000000
00000000
00000000
00000000
00000000
00000000
00000000
00000000
00000000
00000000
00000000
10000014
00000001
01000000
00000001
024c0000
00001880
30000000
10000014
00000001
01040000
00000001
024c1880
00001880
30000000
10000014
00000001
01080000
00000001
024c3100
00001880
30000000
10000014
00000001
010c0000
00000001
024c4980
00001880
30000000
10000014
00000001
01100000
00000001
024c6200
00001880
30000000
10000014
00000001
01140000
00000001
024c7a80
00001880
30000000
10000014
00000001
01180000
00000001
024c9300
00001880
30000000
10000014
00000001
011c0000
00000001
024cab80
00001880
30000000
21000030
00000001
004c0000
00000000
00000008
00000007
0000001c
00000310
00000110
00049900
00000080
00000000
00000000
40000000
21000030
00000001
004c1880
00000000
00000008
00000007
0000001c
00000330
00000130
00049920
00000080
00000000
00000000
40000000
21000030
00000001
004c3100
00000000
00000008
00000007
0000001c
00000350
00000150
00049940
00000080
00000000
00000000
40000000
21000030
00000001
004c4980
00000000
00000008
00000007
0000001c
00000370
00000170
00049960
00000080
00000000
00000000
40000000
21000030
00000001
004c6200
00000000
00000008
00000007
0000001c
00000390
00000190
00049980
00000080
00000000
00000000
40000000
21000030
00000001
004c7a80
00000000
00000008
00000007
0000001c
000003b0
000001b0
000499a0
00000080
00000000
00000000
40000000
21000030
00000001
004c9300
00000000
00000008
00000007
0000001c
000003d0
000001d0
000499c0
00000080
00000000
00000000
40000000
21000030
00000001
004cab80
00000000
00000008
00000007
0000001c
000003f0
000001f0
000499e0
00000080
00000000
00000000
40000000
10000014
00000001
027c3740
00000001
03000000
00000410
30000000
22000030
00000003
00000000
00000000
00000080
0000001c
0000001c
00000000
00000000
005a0000
00000000
00000000
00000000
40000000
26000030
00000001
005a0000
00000000
00000080
0000001c
0000001c
00000210
00000010
00000000
00000000
00000000
00000000
40000000
10000014
00000001
027c4370
00000001
03000000
00000410
30000000
10000014
00000000
00306000
00000001
00000000
00004800
30000000
10000014
00000000
0030a800
00000001
00080000
00004800
30000000
10000014
00000000
0030f000
00000001
00100000
00004800
30000000
10000014
00000000
00313800
00000001
00180000
00004800
30000000
10000014
00000000
00318000
00000001
00200000
00004800
30000000
10000014
00000000
0031c800
00000001
00280000
00004800
30000000
10000014
00000000
00321000
00000001
00300000
00004800
30000000
10000014
00000000
00325800
00000001
00380000
00004800
30000000
22000030
00000003
00000000
00000000
00000080
0000001c
0000001c
00000000
00000000
00000000
00000000
00000000
00000000
40000000
22000030
00000007
00000000
00000000
00000080
00000008
0000001c
00000000
00000000
004c0000
03031111
00000007
0000001c
40000000
10000014
00000001
024c0000
00000001
00004800
0006e400
30000000
10000014
00000001
024c0000
00000001
00084800
0006e400
30000000
10000014
00000001
024c0000
00000001
00104800
0006e400
30000000
10000014
00000001
024c0000
00000001
00184800
0006e400
30000000
10000014
00000001
024c0000
00000001
00204800
0006e400
30000000
10000014
00000001
024c0000
00000001
00284800
0006e400
30000000
10000014
00000001
024c0000
00000001
00304800
0006e400
30000000
10000014
00000001
024c0000
00000001
00384800
0006e400
30000000
90000060
000000c4
00001207
000000ff
00000000
00000480
00000090
00000002
00000000
00000000
00000000
00000000
00000000
00000000
00000000
00000000
00000000
00000000
00000000
00000000
00000000
00000000
00000000
00000000
00000000
70000000
00000000
00000000
00000000
00000000
00000000
00000000
00000000
00000000
00000000
00000000
00000000
00000000
00000000
00000000
00000000
00000000
10000014
00000001
01000000
00000001
024c0000
00001880
30000000
10000014
00000001
01040000
00000001
024c1880
00001880
30000000
10000014
00000001
01080000
00000001
024c3100
00001880
30000000
10000014
00000001
010c0000
00000001
024c4980
00001880
30000000
10000014
00000001
01100000
00000001
024c6200
00001880
30000000
10000014
00000001
01140000
00000001
024c7a80
00001880
30000000
10000014
00000001
01180000
00000001
024c9300
00001880
30000000
10000014
00000001
011c0000
00000001
024cab80
00001880
30000000
20000030
00000001
004c0000
00000000
00000008
00000007
0000001c
00000210
00000010
005a0000
00000080
00000000
00000000
40000000
20000030
00000001
004c1880
00000000
00000008
00000007
0000001c
00000230
00000030
005a0020
00000080
00000000
00000000
40000000
20000030
00000001
004c3100
00000000
00000008
00000007
0000001c
00000250
00000050
005a0040
00000080
00000000
00000000
40000000
20000030
00000001
004c4980
00000000
00000008
00000007
0000001c
00000270
00000070
005a0060
00000080
00000000
00000000
40000000
20000030
00000001
004c6200
00000000
00000008
00000007
0000001c
00000290
00000090
005a0080
00000080
00000000
00000000
40000000
20000030
00000001
004c7a80
00000000
00000008
00000007
0000001c
000002b0
000000b0
005a00a0
00000080
00000000
00000000
40000000
20000030
00000001
004c9300
00000000
00000008
00000007
0000001c
000002d0
000000d0
005a00c0
00000080
00000000
00000000
40000000
20000030
00000001
004cab80
00000000
00000008
00000007
0000001c
000002f0
000000f0
005a00e0
00000080
00000000
00000000
40000000
22000030
00000007
0000a800
00000000
00000080
00000009
0000001c
00000000
00000000
004c0000
03031101
00000007
0000001c
40000000
10000014
00000001
024c0000
00000001
00004800
0006e400
30000000
10000014
00000001
024c0000
00000001
00084800
0006e400
30000000
10000014
00000001
024c0000
00000001
00104800
0006e400
30000000
10000014
00000001
024c0000
00000001
00184800
0006e400
30000000
10000014
00000001
024c0000
00000001
00204800
0006e400
30000000
10000014
00000001
024c0000
00000001
00284800
0006e400
30000000
10000014
00000001
024c0000
00000001
00304800
0006e400
30000000
10000014
00000001
024c0000
00000001
00384800
0006e400
30000000
90000060
000000c4
00001207
000000ff
00000000
00000480
00000090
00000002
00000000
00000000
00000000
00000000
00000000
00000000
00000000
00000000
00000000
00000000
00000000
00000000
00000000
00000000
00000000
00000000
00000000
70000000
00000000
00000000
00000000
00000000
00000000
00000000
00000000
00000000
00000000
00000000
00000000
00000000
00000000
00000000
00000000
00000000
10000014
00000001
01000000
00000001
024c0000
00001880
30000000
10000014
00000001
01040000
00000001
024c1880
00001880
30000000
10000014
00000001
01080000
00000001
024c3100
00001880
30000000
10000014
00000001
010c0000
00000001
024c4980
00001880
30000000
10000014
00000001
01100000
00000001
024c6200
00001880
30000000
10000014
00000001
01140000
00000001
024c7a80
00001880
30000000
10000014
00000001
01180000
00000001
024c9300
00001880
30000000
10000014
00000001
011c0000
00000001
024cab80
00001880
30000000
20000030
00000001
004c0000
00000000
00000008
00000007
0000001c
00000210
00000010
005b8800
00000080
00000000
00000000
40000000
20000030
00000001
004c1880
00000000
00000008
00000007
0000001c
00000230
00000030
005b8820
00000080
00000000
00000000
40000000
20000030
00000001
004c3100
00000000
00000008
00000007
0000001c
00000250
00000050
005b8840
00000080
00000000
00000000
40000000
20000030
00000001
004c4980
00000000
00000008
00000007
0000001c
00000270
00000070
005b8860
00000080
00000000
00000000
40000000
20000030
00000001
004c6200
00000000
00000008
00000007
0000001c
00000290
00000090
005b8880
00000080
00000000
00000000
40000000
20000030
00000001
004c7a80
00000000
00000008
00000007
0000001c
000002b0
000000b0
005b88a0
00000080
00000000
00000000
40000000
20000030
00000001
004c9300
00000000
00000008
00000007
0000001c
000002d0
000000d0
005b88c0
00000080
00000000
00000000
40000000
20000030
00000001
004cab80
00000000
00000008
00000007
0000001c
000002f0
000000f0
005b88e0
00000080
00000000
00000000
40000000
22000030
00000007
00016c00
00000000
00000080
00000009
0000001c
00000000
00000000
004c0000
03031101
00000007
0000001c
40000000
10000014
00000001
024c0000
00000001
00004800
0006e400
30000000
10000014
00000001
024c0000
00000001
00084800
0006e400
30000000
10000014
00000001
024c0000
00000001
00104800
0006e400
30000000
10000014
00000001
024c0000
00000001
00184800
0006e400
30000000
10000014
00000001
024c0000
00000001
00204800
0006e400
30000000
10000014
00000001
024c0000
00000001
00284800
0006e400
30000000
10000014
00000001
024c0000
00000001
00304800
0006e400
30000000
10000014
00000001
024c0000
00000001
00384800
0006e400
30000000
90000060
000000c4
00001207
000000ff
00000000
00000480
00000090
00000002
00000000
00000000
00000000
00000000
00000000
00000000
00000000
00000000
00000000
00000000
00000000
00000000
00000000
00000000
00000000
00000000
00000000
70000000
00000000
00000000
00000000
00000000
00000000
00000000
00000000
00000000
00000000
00000000
00000000
00000000
00000000
00000000
00000000
00000000
10000014
00000001
01000000
00000001
024c0000
00001880
30000000
10000014
00000001
01040000
00000001
024c1880
00001880
30000000
10000014
00000001
01080000
00000001
024c3100
00001880
30000000
10000014
00000001
010c0000
00000001
024c4980
00001880
30000000
10000014
00000001
01100000
00000001
024c6200
00001880
30000000
10000014
00000001
01140000
00000001
024c7a80
00001880
30000000
10000014
00000001
01180000
00000001
024c9300
00001880
30000000
10000014
00000001
011c0000
00000001
024cab80
00001880
30000000
20000030
00000001
004c0000
00000000
00000008
00000007
0000001c
00000210
00000010
005d1000
00000080
00000000
00000000
40000000
20000030
00000001
004c1880
00000000
00000008
00000007
0000001c
00000230
00000030
005d1020
00000080
00000000
00000000
40000000
20000030
00000001
004c3100
00000000
00000008
00000007
0000001c
00000250
00000050
005d1040
00000080
00000000
00000000
40000000
20000030
00000001
004c4980
00000000
00000008
00000007
0000001c
00000270
00000070
005d1060
00000080
00000000
00000000
40000000
20000030
00000001
004c6200
00000000
00000008
00000007
0000001c
00000290
00000090
005d1080
00000080
00000000
00000000
40000000
20000030
00000001
004c7a80
00000000
00000008
00000007
0000001c
000002b0
000000b0
005d10a0
00000080
00000000
00000000
40000000
20000030
00000001
004c9300
00000000
00000008
00000007
0000001c
000002d0
000000d0
005d10c0
00000080
00000000
00000000
40000000
20000030
00000001
004cab80
00000000
00000008
00000007
0000001c
000002f0
000000f0
005d10e0
00000080
00000000
00000000
40000000
22000030
00000007
00023000
00000000
00000080
00000008
0000001c
00000000
00000000
004c0000
03031101
00000007
0000001c
40000000
10000014
00000001
024c0000
00000001
00004800
0006e400
30000000
10000014
00000001
024c0000
00000001
00084800
0006e400
30000000
10000014
00000001
024c0000
00000001
00104800
0006e400
30000000
10000014
00000001
024c0000
00000001
00184800
0006e400
30000000
10000014
00000001
024c0000
00000001
00204800
0006e400
30000000
10000014
00000001
024c0000
00000001
00284800
0006e400
30000000
10000014
00000001
024c0000
00000001
00304800
0006e400
30000000
10000014
00000001
024c0000
00000001
00384800
0006e400
30000000
90000060
000000c4
00001207
000000ff
00000000
00000480
00000090
00000002
00000000
00000000
00000000
00000000
00000000
00000000
00000000
00000000
00000000
00000000
00000000
00000000
00000000
00000000
00000000
00000000
00000000
70000000
00000000
00000000
00000000
00000000
00000000
00000000
00000000
00000000
00000000
00000000
00000000
00000000
00000000
00000000
00000000
00000000
10000014
00000001
01000000
00000001
024c0000
00001880
30000000
10000014
00000001
01040000
00000001
024c1880
00001880
30000000
10000014
00000001
01080000
00000001
024c3100
00001880
30000000
10000014
00000001
010c0000
00000001
024c4980
00001880
30000000
10000014
00000001
01100000
00000001
024c6200
00001880
30000000
10000014
00000001
01140000
00000001
024c7a80
00001880
30000000
10000014
00000001
01180000
00000001
024c9300
00001880
30000000
10000014
00000001
011c0000
00000001
024cab80
00001880
30000000
20000030
00000001
004c0000
00000000
00000008
00000007
0000001c
00000210
00000010
005e9800
00000080
00000000
00000000
40000000
20000030
00000001
004c1880
00000000
00000008
00000007
0000001c
00000230
00000030
005e9820
00000080
00000000
00000000
40000000
20000030
00000001
004c3100
00000000
00000008
00000007
0000001c
00000250
00000050
005e9840
00000080
00000000
00000000
40000000
20000030
00000001
004c4980
00000000
00000008
00000007
0000001c
00000270
00000070
005e9860
00000080
00000000
00000000
40000000
20000030
00000001
004c6200
00000000
00000008
00000007
0000001c
00000290
00000090
005e9880
00000080
00000000
00000000
40000000
20000030
00000001
004c7a80
00000000
00000008
00000007
0000001c
000002b0
000000b0
005e98a0
00000080
00000000
00000000
40000000
20000030
00000001
004c9300
00000000
00000008
00000007
0000001c
000002d0
000000d0
005e98c0
00000080
00000000
00000000
40000000
20000030
00000001
004cab80
00000000
00000008
00000007
0000001c
000002f0
000000f0
005e98e0
00000080
00000000
00000000
40000000
10000014
00000001
027c4370
00000001
03000000
00000410
30000000
10000014
00000000
0032a000
00000001
00000000
00004800
30000000
10000014
00000000
0032e800
00000001
00080000
00004800
30000000
10000014
00000000
00333000
00000001
00100000
00004800
30000000
10000014
00000000
00337800
00000001
00180000
00004800
30000000
10000014
00000000
0033c000
00000001
00200000
00004800
30000000
10000014
00000000
00340800
00000001
00280000
00004800
30000000
10000014
00000000
00345000
00000001
00300000
00004800
30000000
10000014
00000000
00349800
00000001
00380000
00004800
30000000
22000030
00000007
00000000
00000000
00000080
00000008
0000001c
00000000
00000000
004c0000
03031111
00000007
0000001c
40000000
10000014
00000001
024c0000
00000001
00004800
0006e400
30000000
10000014
00000001
024c0000
00000001
00084800
0006e400
30000000
10000014
00000001
024c0000
00000001
00104800
0006e400
30000000
10000014
00000001
024c0000
00000001
00184800
0006e400
30000000
10000014
00000001
024c0000
00000001
00204800
0006e400
30000000
10000014
00000001
024c0000
00000001
00284800
0006e400
30000000
10000014
00000001
024c0000
00000001
00304800
0006e400
30000000
10000014
00000001
024c0000
00000001
00384800
0006e400
30000000
90000060
000000c4
00001207
000000ff
00000000
00000480
00000090
00000002
00000000
00000000
00000000
00000000
00000000
00000000
00000000
00000000
00000000
00000000
00000000
00000000
00000000
00000000
00000000
00000000
00000000
70000000
00000000
00000000
00000000
00000000
00000000
00000000
00000000
00000000
00000000
00000000
00000000
00000000
00000000
00000000
00000000
00000000
10000014
00000001
01000000
00000001
024c0000
00001880
30000000
10000014
00000001
01040000
00000001
024c1880
00001880
30000000
10000014
00000001
01080000
00000001
024c3100
00001880
30000000
10000014
00000001
010c0000
00000001
024c4980
00001880
30000000
10000014
00000001
01100000
00000001
024c6200
00001880
30000000
10000014
00000001
01140000
00000001
024c7a80
00001880
30000000
10000014
00000001
01180000
00000001
024c9300
00001880
30000000
10000014
00000001
011c0000
00000001
024cab80
00001880
30000000
20000030
00000001
004c0000
00000000
00000008
00000007
0000001c
00000310
00000110
005a0100
00000080
00000000
00000000
40000000
20000030
00000001
004c1880
00000000
00000008
00000007
0000001c
00000330
00000130
005a0120
00000080
00000000
00000000
40000000
20000030
00000001
004c3100
00000000
00000008
00000007
0000001c
00000350
00000150
005a0140
00000080
00000000
00000000
40000000
20000030
00000001
004c4980
00000000
00000008
00000007
0000001c
00000370
00000170
005a0160
00000080
00000000
00000000
40000000
20000030
00000001
004c6200
00000000
00000008
00000007
0000001c
00000390
00000190
005a0180
00000080
00000000
00000000
40000000
20000030
00000001
004c7a80
00000000
00000008
00000007
0000001c
000003b0
000001b0
005a01a0
00000080
00000000
00000000
40000000
20000030
00000001
004c9300
00000000
00000008
00000007
0000001c
000003d0
000001d0
005a01c0
00000080
00000000
00000000
40000000
20000030
00000001
004cab80
00000000
00000008
00000007
0000001c
000003f0
000001f0
005a01e0
00000080
00000000
00000000
40000000
22000030
00000007
0000a800
00000000
00000080
00000009
0000001c
00000000
00000000
004c0000
03031101
00000007
0000001c
40000000
10000014
00000001
024c0000
00000001
00004800
0006e400
30000000
10000014
00000001
024c0000
00000001
00084800
0006e400
30000000
10000014
00000001
024c0000
00000001
00104800
0006e400
30000000
10000014
00000001
024c0000
00000001
00184800
0006e400
30000000
10000014
00000001
024c0000
00000001
00204800
0006e400
30000000
10000014
00000001
024c0000
00000001
00284800
0006e400
30000000
10000014
00000001
024c0000
00000001
00304800
0006e400
30000000
10000014
00000001
024c0000
00000001
00384800
0006e400
30000000
90000060
000000c4
00001207
000000ff
00000000
00000480
00000090
00000002
00000000
00000000
00000000
00000000
00000000
00000000
00000000
00000000
00000000
00000000
00000000
00000000
00000000
00000000
00000000
00000000
00000000
70000000
00000000
00000000
00000000
00000000
00000000
00000000
00000000
00000000
00000000
00000000
00000000
00000000
00000000
00000000
00000000
00000000
10000014
00000001
01000000
00000001
024c0000
00001880
30000000
10000014
00000001
01040000
00000001
024c1880
00001880
30000000
10000014
00000001
01080000
00000001
024c3100
00001880
30000000
10000014
00000001
010c0000
00000001
024c4980
00001880
30000000
10000014
00000001
01100000
00000001
024c6200
00001880
30000000
10000014
00000001
01140000
00000001
024c7a80
00001880
30000000
10000014
00000001
01180000
00000001
024c9300
00001880
30000000
10000014
00000001
011c0000
00000001
024cab80
00001880
30000000
20000030
00000001
004c0000
00000000
00000008
00000007
0000001c
00000310
00000110
005b8900
00000080
00000000
00000000
40000000
20000030
00000001
004c1880
00000000
00000008
00000007
0000001c
00000330
00000130
005b8920
00000080
00000000
00000000
40000000
20000030
00000001
004c3100
00000000
00000008
00000007
0000001c
00000350
00000150
005b8940
00000080
00000000
00000000
40000000
20000030
00000001
004c4980
00000000
00000008
00000007
0000001c
00000370
00000170
005b8960
00000080
00000000
00000000
40000000
20000030
00000001
004c6200
00000000
00000008
00000007
0000001c
00000390
00000190
005b8980
00000080
00000000
00000000
40000000
20000030
00000001
004c7a80
00000000
00000008
00000007
0000001c
000003b0
000001b0
005b89a0
00000080
00000000
00000000
40000000
20000030
00000001
004c9300
00000000
00000008
00000007
0000001c
000003d0
000001d0
005b89c0
00000080
00000000
00000000
40000000
20000030
00000001
004cab80
00000000
00000008
00000007
0000001c
000003f0
000001f0
005b89e0
00000080
00000000
00000000
40000000
22000030
00000007
00016c00
00000000
00000080
00000009
0000001c
00000000
00000000
004c0000
03031101
00000007
0000001c
40000000
10000014
00000001
024c0000
00000001
00004800
0006e400
30000000
10000014
00000001
024c0000
00000001
00084800
0006e400
30000000
10000014
00000001
024c0000
00000001
00104800
0006e400
30000000
10000014
00000001
024c0000
00000001
00184800
0006e400
30000000
10000014
00000001
024c0000
00000001
00204800
0006e400
30000000
10000014
00000001
024c0000
00000001
00284800
0006e400
30000000
10000014
00000001
024c0000
00000001
00304800
0006e400
30000000
10000014
00000001
024c0000
00000001
00384800
0006e400
30000000
90000060
000000c4
00001207
000000ff
00000000
00000480
00000090
00000002
00000000
00000000
00000000
00000000
00000000
00000000
00000000
00000000
00000000
00000000
00000000
00000000
00000000
00000000
00000000
00000000
00000000
70000000
00000000
00000000
00000000
00000000
00000000
00000000
00000000
00000000
00000000
00000000
00000000
00000000
00000000
00000000
00000000
00000000
10000014
00000001
01000000
00000001
024c0000
00001880
30000000
10000014
00000001
01040000
00000001
024c1880
00001880
30000000
10000014
00000001
01080000
00000001
024c3100
00001880
30000000
10000014
00000001
010c0000
00000001
024c4980
00001880
30000000
10000014
00000001
01100000
00000001
024c6200
00001880
30000000
10000014
00000001
01140000
00000001
024c7a80
00001880
30000000
10000014
00000001
01180000
00000001
024c9300
00001880
30000000
10000014
00000001
011c0000
00000001
024cab80
00001880
30000000
20000030
00000001
004c0000
00000000
00000008
00000007
0000001c
00000310
00000110
005d1100
00000080
00000000
00000000
40000000
20000030
00000001
004c1880
00000000
00000008
00000007
0000001c
00000330
00000130
005d1120
00000080
00000000
00000000
40000000
20000030
00000001
004c3100
00000000
00000008
00000007
0000001c
00000350
00000150
005d1140
00000080
00000000
00000000
40000000
20000030
00000001
004c4980
00000000
00000008
00000007
0000001c
00000370
00000170
005d1160
00000080
00000000
00000000
40000000
20000030
00000001
004c6200
00000000
00000008
00000007
0000001c
00000390
00000190
005d1180
00000080
00000000
00000000
40000000
20000030
00000001
004c7a80
00000000
00000008
00000007
0000001c
000003b0
000001b0
005d11a0
00000080
00000000
00000000
40000000
20000030
00000001
004c9300
00000000
00000008
00000007
0000001c
000003d0
000001d0
005d11c0
00000080
00000000
00000000
40000000
20000030
00000001
004cab80
00000000
00000008
00000007
0000001c
000003f0
000001f0
005d11e0
00000080
00000000
00000000
40000000
22000030
00000007
00023000
00000000
00000080
00000008
0000001c
00000000
00000000
004c0000
03031101
00000007
0000001c
40000000
10000014
00000001
024c0000
00000001
00004800
0006e400
30000000
10000014
00000001
024c0000
00000001
00084800
0006e400
30000000
10000014
00000001
024c0000
00000001
00104800
0006e400
30000000
10000014
00000001
024c0000
00000001
00184800
0006e400
30000000
10000014
00000001
024c0000
00000001
00204800
0006e400
30000000
10000014
00000001
024c0000
00000001
00284800
0006e400
30000000
10000014
00000001
024c0000
00000001
00304800
0006e400
30000000
10000014
00000001
024c0000
00000001
00384800
0006e400
30000000
90000060
000000c4
00001207
000000ff
00000000
00000480
00000090
00000002
00000000
00000000
00000000
00000000
00000000
00000000
00000000
00000000
00000000
00000000
00000000
00000000
00000000
00000000
00000000
00000000
00000000
70000000
00000000
00000000
00000000
00000000
00000000
00000000
00000000
00000000
00000000
00000000
00000000
00000000
00000000
00000000
00000000
00000000
10000014
00000001
01000000
00000001
024c0000
00001880
30000000
10000014
00000001
01040000
00000001
024c1880
00001880
30000000
10000014
00000001
01080000
00000001
024c3100
00001880
30000000
10000014
00000001
010c0000
00000001
024c4980
00001880
30000000
10000014
00000001
01100000
00000001
024c6200
00001880
30000000
10000014
00000001
01140000
00000001
024c7a80
00001880
30000000
10000014
00000001
01180000
00000001
024c9300
00001880
30000000
10000014
00000001
011c0000
00000001
024cab80
00001880
30000000
20000030
00000001
004c0000
00000000
00000008
00000007
0000001c
00000310
00000110
005e9900
00000080
00000000
00000000
40000000
20000030
00000001
004c1880
00000000
00000008
00000007
0000001c
00000330
00000130
005e9920
00000080
00000000
00000000
40000000
20000030
00000001
004c3100
00000000
00000008
00000007
0000001c
00000350
00000150
005e9940
00000080
00000000
00000000
40000000
20000030
00000001
004c4980
00000000
00000008
00000007
0000001c
00000370
00000170
005e9960
00000080
00000000
00000000
40000000
20000030
00000001
004c6200
00000000
00000008
00000007
0000001c
00000390
00000190
005e9980
00000080
00000000
00000000
40000000
20000030
00000001
004c7a80
00000000
00000008
00000007
0000001c
000003b0
000001b0
005e99a0
00000080
00000000
00000000
40000000
20000030
00000001
004c9300
00000000
00000008
00000007
0000001c
000003d0
000001d0
005e99c0
00000080
00000000
00000000
40000000
20000030
00000001
004cab80
00000000
00000008
00000007
0000001c
000003f0
000001f0
005e99e0
00000080
00000000
00000000
40000000
10000014
00000001
027c3f60
00000001
03000000
00000410
30000000
22000030
00000003
005a0000
00000000
00000080
0000001c
0000001c
00000000
00000000
00602000
00000000
00000000
00000000
40000000
26000030
00000001
00602000
00000000
00000080
0000001c
0000001c
00000210
00000010
005a0000
00000000
00000000
00000000
40000000
10000014
00000001
027c4780
00000001
03000000
00000410
30000000
20000030
00000006
005a0000
001a0000
00000080
0000001c
0000001c
00000000
00000000
00000000
00000001
00000000
00000000
40000000
22000030
00000003
00000000
00000000
00000080
0000001c
0000001c
00000000
00000000
00602000
00000000
00000000
00000000
40000000
26000030
00000001
00602000
00000000
00000080
0000001c
0000001c
00000210
00000010
00000000
00000000
00000000
00000000
40000000
10000014
00000001
027c53a0
00000001
03000000
00000810
30000000
10000014
00000000
0034e000
00000001
00000000
00004800
30000000
10000014
00000000
00352800
00000001
00080000
00004800
30000000
10000014
00000000
00357000
00000001
00100000
00004800
30000000
10000014
00000000
0035b800
00000001
00180000
00004800
30000000
10000014
00000000
00360000
00000001
00200000
00004800
30000000
10000014
00000000
00364800
00000001
00280000
00004800
30000000
10000014
00000000
00369000
00000001
00300000
00004800
30000000
10000014
00000000
0036d800
00000001
00380000
00004800
30000000
22000030
00000003
00000000
00000000
00000080
0000001c
0000001c
00000000
00000000
005a0000
00000000
00000000
00000000
40000000
22000030
00000007
005a0000
00000000
00000080
0000001c
0000001c
00000000
00000000
004c0000
03032211
0000000e
0000000e
40000000
10000014
00000001
024c0000
00000001
00004800
0006e400
30000000
10000014
00000001
024c0000
00000001
00084800
0006e400
30000000
10000014
00000001
024c0000
00000001
00104800
0006e400
30000000
10000014
00000001
024c0000
00000001
00184800
0006e400
30000000
10000014
00000001
024c0000
00000001
00204800
0006e400
30000000
10000014
00000001
024c0000
00000001
00284800
0006e400
30000000
10000014
00000001
024c0000
00000001
00304800
0006e400
30000000
10000014
00000001
024c0000
00000001
00384800
0006e400
30000000
90000060
000000c4
00001207
000000ff
00000000
00000480
00000090
00000002
00000000
00000000
00000000
00000000
00000000
00000000
00000000
00000000
00000000
00000000
00000000
00000000
00000000
00000000
00000000
00000000
00000000
70000000
00000000
00000000
00000000
00000000
00000000
00000000
00000000
00000000
00000000
00000000
00000000
00000000
00000000
00000000
00000000
00000000
10000014
00000001
01000000
00000001
024c0000
00001880
30000000
10000014
00000001
01040000
00000001
024c1880
00001880
30000000
10000014
00000001
01080000
00000001
024c3100
00001880
30000000
10000014
00000001
010c0000
00000001
024c4980
00001880
30000000
10000014
00000001
01100000
00000001
024c6200
00001880
30000000
10000014
00000001
01140000
00000001
024c7a80
00001880
30000000
10000014
00000001
01180000
00000001
024c9300
00001880
30000000
10000014
00000001
011c0000
00000001
024cab80
00001880
30000000
21000030
00000001
004c0000
00000000
00000008
0000000e
0000000e
00000410
00000010
001a0000
00000100
00000000
00000000
40000000
21000030
00000001
004c1880
00000000
00000008
0000000e
0000000e
00000430
00000030
001a0020
00000100
00000000
00000000
40000000
21000030
00000001
004c3100
00000000
00000008
0000000e
0000000e
00000450
00000050
001a0040
00000100
00000000
00000000
40000000
21000030
00000001
004c4980
00000000
00000008
0000000e
0000000e
00000470
00000070
001a0060
00000100
00000000
00000000
40000000
21000030
00000001
004c6200
00000000
00000008
0000000e
0000000e
00000490
00000090
001a0080
00000100
00000000
00000000
40000000
21000030
00000001
004c7a80
00000000
00000008
0000000e
0000000e
000004b0
000000b0
001a00a0
00000100
00000000
00000000
40000000
21000030
00000001
004c9300
00000000
00000008
0000000e
0000000e
000004d0
000000d0
001a00c0
00000100
00000000
00000000
40000000
21000030
00000001
004cab80
00000000
00000008
0000000e
0000000e
000004f0
000000f0
001a00e0
00000100
00000000
00000000
40000000
10000014
00000001
027c53a0
00000001
03000000
00000810
30000000
10000014
00000000
00372000
00000001
00000000
00004800
30000000
10000014
00000000
00376800
00000001
00080000
00004800
30000000
10000014
00000000
0037b000
00000001
00100000
00004800
30000000
10000014
00000000
0037f800
00000001
00180000
00004800
30000000
10000014
00000000
00384000
00000001
00200000
00004800
30000000
10000014
00000000
00388800
00000001
00280000
00004800
30000000
10000014
00000000
0038d000
00000001
00300000
00004800
30000000
10000014
00000000
00391800
00000001
00380000
00004800
30000000
22000030
00000007
005a0000
00000000
00000080
0000001c
0000001c
00000000
00000000
004c0000
03032211
0000000e
0000000e
40000000
10000014
00000001
024c0000
00000001
00004800
0006e400
30000000
10000014
00000001
024c0000
00000001
00084800
0006e400
30000000
10000014
00000001
024c0000
00000001
00104800
0006e400
30000000
10000014
00000001
024c0000
00000001
00184800
0006e400
30000000
10000014
00000001
024c0000
00000001
00204800
0006e400
30000000
10000014
00000001
024c0000
00000001
00284800
0006e400
30000000
10000014
00000001
024c0000
00000001
00304800
0006e400
30000000
10000014
00000001
024c0000
00000001
00384800
0006e400
30000000
90000060
000000c4
00001207
000000ff
00000000
00000480
00000090
00000002
00000000
00000000
00000000
00000000
00000000
00000000
00000000
00000000
00000000
00000000
00000000
00000000
00000000
00000000
00000000
00000000
00000000
70000000
00000000
00000000
00000000
00000000
00000000
00000000
00000000
00000000
00000000
00000000
00000000
00000000
00000000
00000000
00000000
00000000
10000014
00000001
01000000
00000001
024c0000
00001880
30000000
10000014
00000001
01040000
00000001
024c1880
00001880
30000000
10000014
00000001
01080000
00000001
024c3100
00001880
30000000
10000014
00000001
010c0000
00000001
024c4980
00001880
30000000
10000014
00000001
01100000
00000001
024c6200
00001880
30000000
10000014
00000001
01140000
00000001
024c7a80
00001880
30000000
10000014
00000001
01180000
00000001
024c9300
00001880
30000000
10000014
00000001
011c0000
00000001
024cab80
00001880
30000000
21000030
00000001
004c0000
00000000
00000008
0000000e
0000000e
00000510
00000110
001a0100
00000100
00000000
00000000
40000000
21000030
00000001
004c1880
00000000
00000008
0000000e
0000000e
00000530
00000130
001a0120
00000100
00000000
00000000
40000000
21000030
00000001
004c3100
00000000
00000008
0000000e
0000000e
00000550
00000150
001a0140
00000100
00000000
00000000
40000000
21000030
00000001
004c4980
00000000
00000008
0000000e
0000000e
00000570
00000170
001a0160
00000100
00000000
00000000
40000000
21000030
00000001
004c6200
00000000
00000008
0000000e
0000000e
00000590
00000190
001a0180
00000100
00000000
00000000
40000000
21000030
00000001
004c7a80
00000000
00000008
0000000e
0000000e
000005b0
000001b0
001a01a0
00000100
00000000
00000000
40000000
21000030
00000001
004c9300
00000000
00000008
0000000e
0000000e
000005d0
000001d0
001a01c0
00000100
00000000
00000000
40000000
21000030
00000001
004cab80
00000000
00000008
0000000e
0000000e
000005f0
000001f0
001a01e0
00000100
00000000
00000000
40000000
10000014
00000001
027c53a0
00000001
03000000
00000810
30000000
10000014
00000000
00396000
00000001
00000000
00004800
30000000
10000014
00000000
0039a800
00000001
00080000
00004800
30000000
10000014
00000000
0039f000
00000001
00100000
00004800
30000000
10000014
00000000
003a3800
00000001
00180000
00004800
30000000
10000014
00000000
003a8000
00000001
00200000
00004800
30000000
10000014
00000000
003ac800
00000001
00280000
00004800
30000000
10000014
00000000
003b1000
00000001
00300000
00004800
30000000
10000014
00000000
003b5800
00000001
00380000
00004800
30000000
22000030
00000007
005a0000
00000000
00000080
0000001c
0000001c
00000000
00000000
004c0000
03032211
0000000e
0000000e
40000000
10000014
00000001
024c0000
00000001
00004800
0006e400
30000000
10000014
00000001
024c0000
00000001
00084800
0006e400
30000000
10000014
00000001
024c0000
00000001
00104800
0006e400
30000000
10000014
00000001
024c0000
00000001
00184800
0006e400
30000000
10000014
00000001
024c0000
00000001
00204800
0006e400
30000000
10000014
00000001
024c0000
00000001
00284800
0006e400
30000000
10000014
00000001
024c0000
00000001
00304800
0006e400
30000000
10000014
00000001
024c0000
00000001
00384800
0006e400
30000000
90000060
000000c4
00001207
000000ff
00000000
00000480
00000090
00000002
00000000
00000000
00000000
00000000
00000000
00000000
00000000
00000000
00000000
00000000
00000000
00000000
00000000
00000000
00000000
00000000
00000000
70000000
00000000
00000000
00000000
00000000
00000000
00000000
00000000
00000000
00000000
00000000
00000000
00000000
00000000
00000000
00000000
00000000
10000014
00000001
01000000
00000001
024c0000
00001880
30000000
10000014
00000001
01040000
00000001
024c1880
00001880
30000000
10000014
00000001
01080000
00000001
024c3100
00001880
30000000
10000014
00000001
010c0000
00000001
024c4980
00001880
30000000
10000014
00000001
01100000
00000001
024c6200
00001880
30000000
10000014
00000001
01140000
00000001
024c7a80
00001880
30000000
10000014
00000001
01180000
00000001
024c9300
00001880
30000000
10000014
00000001
011c0000
00000001
024cab80
00001880
30000000
21000030
00000001
004c0000
00000000
00000008
0000000e
0000000e
00000610
00000210
001a0200
00000100
00000000
00000000
40000000
21000030
00000001
004c1880
00000000
00000008
0000000e
0000000e
00000630
00000230
001a0220
00000100
00000000
00000000
40000000
21000030
00000001
004c3100
00000000
00000008
0000000e
0000000e
00000650
00000250
001a0240
00000100
00000000
00000000
40000000
21000030
00000001
004c4980
00000000
00000008
0000000e
0000000e
00000670
00000270
001a0260
00000100
00000000
00000000
40000000
21000030
00000001
004c6200
00000000
00000008
0000000e
0000000e
00000690
00000290
001a0280
00000100
00000000
00000000
40000000
21000030
00000001
004c7a80
00000000
00000008
0000000e
0000000e
000006b0
000002b0
001a02a0
00000100
00000000
00000000
40000000
21000030
00000001
004c9300
00000000
00000008
0000000e
0000000e
000006d0
000002d0
001a02c0
00000100
00000000
00000000
40000000
21000030
00000001
004cab80
00000000
00000008
0000000e
0000000e
000006f0
000002f0
001a02e0
00000100
00000000
00000000
40000000
10000014
00000001
027c53a0
00000001
03000000
00000810
30000000
10000014
00000000
003ba000
00000001
00000000
00004800
30000000
10000014
00000000
003be800
00000001
00080000
00004800
30000000
10000014
00000000
003c3000
00000001
00100000
00004800
30000000
10000014
00000000
003c7800
00000001
00180000
00004800
30000000
10000014
00000000
003cc000
00000001
00200000
00004800
30000000
10000014
00000000
003d0800
00000001
00280000
00004800
30000000
10000014
00000000
003d5000
00000001
00300000
00004800
30000000
10000014
00000000
003d9800
00000001
00380000
00004800
30000000
22000030
00000007
005a0000
00000000
00000080
0000001c
0000001c
00000000
00000000
004c0000
03032211
0000000e
0000000e
40000000
10000014
00000001
024c0000
00000001
00004800
0006e400
30000000
10000014
00000001
024c0000
00000001
00084800
0006e400
30000000
10000014
00000001
024c0000
00000001
00104800
0006e400
30000000
10000014
00000001
024c0000
00000001
00184800
0006e400
30000000
10000014
00000001
024c0000
00000001
00204800
0006e400
30000000
10000014
00000001
024c0000
00000001
00284800
0006e400
30000000
10000014
00000001
024c0000
00000001
00304800
0006e400
30000000
10000014
00000001
024c0000
00000001
00384800
0006e400
30000000
90000060
000000c4
00001207
000000ff
00000000
00000480
00000090
00000002
00000000
00000000
00000000
00000000
00000000
00000000
00000000
00000000
00000000
00000000
00000000
00000000
00000000
00000000
00000000
00000000
00000000
70000000
00000000
00000000
00000000
00000000
00000000
00000000
00000000
00000000
00000000
00000000
00000000
00000000
00000000
00000000
00000000
00000000
10000014
00000001
01000000
00000001
024c0000
00001880
30000000
10000014
00000001
01040000
00000001
024c1880
00001880
30000000
10000014
00000001
01080000
00000001
024c3100
00001880
30000000
10000014
00000001
010c0000
00000001
024c4980
00001880
30000000
10000014
00000001
01100000
00000001
024c6200
00001880
30000000
10000014
00000001
01140000
00000001
024c7a80
00001880
30000000
10000014
00000001
01180000
00000001
024c9300
00001880
30000000
10000014
00000001
011c0000
00000001
024cab80
00001880
30000000
21000030
00000001
004c0000
00000000
00000008
0000000e
0000000e
00000710
00000310
001a0300
00000100
00000000
00000000
40000000
21000030
00000001
004c1880
00000000
00000008
0000000e
0000000e
00000730
00000330
001a0320
00000100
00000000
00000000
40000000
21000030
00000001
004c3100
00000000
00000008
0000000e
0000000e
00000750
00000350
001a0340
00000100
00000000
00000000
40000000
21000030
00000001
004c4980
00000000
00000008
0000000e
0000000e
00000770
00000370
001a0360
00000100
00000000
00000000
40000000
21000030
00000001
004c6200
00000000
00000008
0000000e
0000000e
00000790
00000390
001a0380
00000100
00000000
00000000
40000000
21000030
00000001
004c7a80
00000000
00000008
0000000e
0000000e
000007b0
000003b0
001a03a0
00000100
00000000
00000000
40000000
21000030
00000001
004c9300
00000000
00000008
0000000e
0000000e
000007d0
000003d0
001a03c0
00000100
00000000
00000000
40000000
21000030
00000001
004cab80
00000000
00000008
0000000e
0000000e
000007f0
000003f0
001a03e0
00000100
00000000
00000000
40000000
10000014
00000001
027c4b90
00000001
03000000
00000810
30000000
22000030
00000003
001a0000
00000000
00000100
0000000e
0000000e
00000000
00000000
005a0000
00000000
00000000
00000000
40000000
26000030
00000001
005a0000
00000000
00000100
0000000e
0000000e
00000410
00000010
001a0000
00000000
00000000
00000000
40000000
10000014
00000001
027c63c0
00000001
03000000
00000810
30000000
10000014
00000000
003de000
00000001
00000000
00009000
30000000
10000014
00000000
003e7000
00000001
00080000
00009000
30000000
10000014
00000000
003f0000
00000001
00100000
00009000
30000000
10000014
00000000
003f9000
00000001
00180000
00009000
30000000
10000014
00000000
00402000
00000001
00200000
00009000
30000000
10000014
00000000
0040b000
00000001
00280000
00009000
30000000
10000014
00000000
00414000
00000001
00300000
00009000
30000000
10000014
00000000
0041d000
00000001
00380000
00009000
30000000
22000030
00000003
001a0000
00000000
00000100
0000000e
0000000e
00000000
00000000
001a0000
00000000
00000000
00000000
40000000
22000030
00000007
001a0000
00000000
00000100
00000008
0000000e
00000000
00000000
004c0000
03031111
00000007
0000000e
40000000
10000014
00000001
024c0000
00000001
00009000
0006e400
30000000
10000014
00000001
024c0000
00000001
00089000
0006e400
30000000
10000014
00000001
024c0000
00000001
00109000
0006e400
30000000
10000014
00000001
024c0000
00000001
00189000
0006e400
30000000
10000014
00000001
024c0000
00000001
00209000
0006e400
30000000
10000014
00000001
024c0000
00000001
00289000
0006e400
30000000
10000014
00000001
024c0000
00000001
00309000
0006e400
30000000
10000014
00000001
024c0000
00000001
00389000
0006e400
30000000
90000060
00000062
00002407
000000ff
00000000
00000900
00000120
00000002
00000000
00000000
00000000
00000000
00000000
00000000
00000000
00000000
00000000
00000000
00000000
00000000
00000000
00000000
00000000
00000000
00000000
70000000
00000000
00000000
00000000
00000000
00000000
00000000
00000000
00000000
00000000
00000000
00000000
00000000
00000000
00000000
00000000
00000000
10000014
00000001
01000000
00000001
024c0000
00000c40
30000000
10000014
00000001
01040000
00000001
024c0c40
00000c40
30000000
10000014
00000001
01080000
00000001
024c1880
00000c40
30000000
10000014
00000001
010c0000
00000001
024c24c0
00000c40
30000000
10000014
00000001
01100000
00000001
024c3100
00000c40
30000000
10000014
00000001
01140000
00000001
024c3d40
00000c40
30000000
10000014
00000001
01180000
00000001
024c4980
00000c40
30000000
10000014
00000001
011c0000
00000001
024c55c0
00000c40
30000000
20000030
00000001
004c0000
00000000
00000008
00000007
0000000e
00000410
00000010
005a0000
00000100
00000000
00000000
40000000
20000030
00000001
004c0c40
00000000
00000008
00000007
0000000e
00000430
00000030
005a0020
00000100
00000000
00000000
40000000
20000030
00000001
004c1880
00000000
00000008
00000007
0000000e
00000450
00000050
005a0040
00000100
00000000
00000000
40000000
20000030
00000001
004c24c0
00000000
00000008
00000007
0000000e
00000470
00000070
005a0060
00000100
00000000
00000000
40000000
20000030
00000001
004c3100
00000000
00000008
00000007
0000000e
00000490
00000090
005a0080
00000100
00000000
00000000
40000000
20000030
00000001
004c3d40
00000000
00000008
00000007
0000000e
000004b0
000000b0
005a00a0
00000100
00000000
00000000
40000000
20000030
00000001
004c4980
00000000
00000008
00000007
0000000e
000004d0
000000d0
005a00c0
00000100
00000000
00000000
40000000
20000030
00000001
004c55c0
00000000
00000008
00000007
0000000e
000004f0
000000f0
005a00e0
00000100
00000000
00000000
40000000
22000030
00000007
001aa800
00000000
00000100
00000008
0000000e
00000000
00000000
004c0000
03031101
00000007
0000000e
40000000
10000014
00000001
024c0000
00000001
00009000
0006e400
30000000
10000014
00000001
024c0000
00000001
00089000
0006e400
30000000
10000014
00000001
024c0000
00000001
00109000
0006e400
30000000
10000014
00000001
024c0000
00000001
00189000
0006e400
30000000
10000014
00000001
024c0000
00000001
00209000
0006e400
30000000
10000014
00000001
024c0000
00000001
00289000
0006e400
30000000
10000014
00000001
024c0000
00000001
00309000
0006e400
30000000
10000014
00000001
024c0000
00000001
00389000
0006e400
30000000
90000060
00000062
00002407
000000ff
00000000
00000900
00000120
00000002
00000000
00000000
00000000
00000000
00000000
00000000
00000000
00000000
00000000
00000000
00000000
00000000
00000000
00000000
00000000
00000000
00000000
70000000
00000000
00000000
00000000
00000000
00000000
00000000
00000000
00000000
00000000
00000000
00000000
00000000
00000000
00000000
00000000
00000000
10000014
00000001
01000000
00000001
024c0000
00000c40
30000000
10000014
00000001
01040000
00000001
024c0c40
00000c40
30000000
10000014
00000001
01080000
00000001
024c1880
00000c40
30000000
10000014
00000001
010c0000
00000001
024c24c0
00000c40
30000000
10000014
00000001
01100000
00000001
024c3100
00000c40
30000000
10000014
00000001
01140000
00000001
024c3d40
00000c40
30000000
10000014
00000001
01180000
00000001
024c4980
00000c40
30000000
10000014
00000001
011c0000
00000001
024c55c0
00000c40
30000000
20000030
00000001
004c0000
00000000
00000008
00000007
0000000e
00000410
00000010
005b8800
00000100
00000000
00000000
40000000
20000030
00000001
004c0c40
00000000
00000008
00000007
0000000e
00000430
00000030
005b8820
00000100
00000000
00000000
40000000
20000030
00000001
004c1880
00000000
00000008
00000007
0000000e
00000450
00000050
005b8840
00000100
00000000
00000000
40000000
20000030
00000001
004c24c0
00000000
00000008
00000007
0000000e
00000470
00000070
005b8860
00000100
00000000
00000000
40000000
20000030
00000001
004c3100
00000000
00000008
00000007
0000000e
00000490
00000090
005b8880
00000100
00000000
00000000
40000000
20000030
00000001
004c3d40
00000000
00000008
00000007
0000000e
000004b0
000000b0
005b88a0
00000100
00000000
00000000
40000000
20000030
00000001
004c4980
00000000
00000008
00000007
0000000e
000004d0
000000d0
005b88c0
00000100
00000000
00000000
40000000
20000030
00000001
004c55c0
00000000
00000008
00000007
0000000e
000004f0
000000f0
005b88e0
00000100
00000000
00000000
40000000
10000014
00000001
027c63c0
00000001
03000000
00000810
30000000
10000014
00000000
00426000
00000001
00000000
00009000
30000000
10000014
00000000
0042f000
00000001
00080000
00009000
30000000
10000014
00000000
00438000
00000001
00100000
00009000
30000000
10000014
00000000
00441000
00000001
00180000
00009000
30000000
10000014
00000000
0044a000
00000001
00200000
00009000
30000000
10000014
00000000
00453000
00000001
00280000
00009000
30000000
10000014
00000000
0045c000
00000001
00300000
00009000
30000000
10000014
00000000
00465000
00000001
00380000
00009000
30000000
22000030
00000007
001a0000
00000000
00000100
00000008
0000000e
00000000
00000000
004c0000
03031111
00000007
0000000e
40000000
10000014
00000001
024c0000
00000001
00009000
0006e400
30000000
10000014
00000001
024c0000
00000001
00089000
0006e400
30000000
10000014
00000001
024c0000
00000001
00109000
0006e400
30000000
10000014
00000001
024c0000
00000001
00189000
0006e400
30000000
10000014
00000001
024c0000
00000001
00209000
0006e400
30000000
10000014
00000001
024c0000
00000001
00289000
0006e400
30000000
10000014
00000001
024c0000
00000001
00309000
0006e400
30000000
10000014
00000001
024c0000
00000001
00389000
0006e400
30000000
90000060
00000062
00002407
000000ff
00000000
00000900
00000120
00000002
00000000
00000000
00000000
00000000
00000000
00000000
00000000
00000000
00000000
00000000
00000000
00000000
00000000
00000000
00000000
00000000
00000000
70000000
00000000
00000000
00000000
00000000
00000000
00000000
00000000
00000000
00000000
00000000
00000000
00000000
00000000
00000000
00000000
00000000
10000014
00000001
01000000
00000001
024c0000
00000c40
30000000
10000014
00000001
01040000
00000001
024c0c40
00000c40
30000000
10000014
00000001
01080000
00000001
024c1880
00000c40
30000000
10000014
00000001
010c0000
00000001
024c24c0
00000c40
30000000
10000014
00000001
01100000
00000001
024c3100
00000c40
30000000
10000014
00000001
01140000
00000001
024c3d40
00000c40
30000000
10000014
00000001
01180000
00000001
024c4980
00000c40
30000000
10000014
00000001
011c0000
00000001
024c55c0
00000c40
30000000
20000030
00000001
004c0000
00000000
00000008
00000007
0000000e
00000510
00000110
005a0100
00000100
00000000
00000000
40000000
20000030
00000001
004c0c40
00000000
00000008
00000007
0000000e
00000530
00000130
005a0120
00000100
00000000
00000000
40000000
20000030
00000001
004c1880
00000000
00000008
00000007
0000000e
00000550
00000150
005a0140
00000100
00000000
00000000
40000000
20000030
00000001
004c24c0
00000000
00000008
00000007
0000000e
00000570
00000170
005a0160
00000100
00000000
00000000
40000000
20000030
00000001
004c3100
00000000
00000008
00000007
0000000e
00000590
00000190
005a0180
00000100
00000000
00000000
40000000
20000030
00000001
004c3d40
00000000
00000008
00000007
0000000e
000005b0
000001b0
005a01a0
00000100
00000000
00000000
40000000
20000030
00000001
004c4980
00000000
00000008
00000007
0000000e
000005d0
000001d0
005a01c0
00000100
00000000
00000000
40000000
20000030
00000001
004c55c0
00000000
00000008
00000007
0000000e
000005f0
000001f0
005a01e0
00000100
00000000
00000000
40000000
22000030
00000007
001aa800
00000000
00000100
00000008
0000000e
00000000
00000000
004c0000
03031101
00000007
0000000e
40000000
10000014
00000001
024c0000
00000001
00009000
0006e400
30000000
10000014
00000001
024c0000
00000001
00089000
0006e400
30000000
10000014
00000001
024c0000
00000001
00109000
0006e400
30000000
10000014
00000001
024c0000
00000001
00189000
0006e400
30000000
10000014
00000001
024c0000
00000001
00209000
0006e400
30000000
10000014
00000001
024c0000
00000001
00289000
0006e400
30000000
10000014
00000001
024c0000
00000001
00309000
0006e400
30000000
10000014
00000001
024c0000
00000001
00389000
0006e400
30000000
90000060
00000062
00002407
000000ff
00000000
00000900
00000120
00000002
00000000
00000000
00000000
00000000
00000000
00000000
00000000
00000000
00000000
00000000
00000000
00000000
00000000
00000000
00000000
00000000
00000000
70000000
00000000
00000000
00000000
00000000
00000000
00000000
00000000
00000000
00000000
00000000
00000000
00000000
00000000
00000000
00000000
00000000
10000014
00000001
01000000
00000001
024c0000
00000c40
30000000
10000014
00000001
01040000
00000001
024c0c40
00000c40
30000000
10000014
00000001
01080000
00000001
024c1880
00000c40
30000000
10000014
00000001
010c0000
00000001
024c24c0
00000c40
30000000
10000014
00000001
01100000
00000001
024c3100
00000c40
30000000
10000014
00000001
01140000
00000001
024c3d40
00000c40
30000000
10000014
00000001
01180000
00000001
024c4980
00000c40
30000000
10000014
00000001
011c0000
00000001
024c55c0
00000c40
30000000
20000030
00000001
004c0000
00000000
00000008
00000007
0000000e
00000510
00000110
005b8900
00000100
00000000
00000000
40000000
20000030
00000001
004c0c40
00000000
00000008
00000007
0000000e
00000530
00000130
005b8920
00000100
00000000
00000000
40000000
20000030
00000001
004c1880
00000000
00000008
00000007
0000000e
00000550
00000150
005b8940
00000100
00000000
00000000
40000000
20000030
00000001
004c24c0
00000000
00000008
00000007
0000000e
00000570
00000170
005b8960
00000100
00000000
00000000
40000000
20000030
00000001
004c3100
00000000
00000008
00000007
0000000e
00000590
00000190
005b8980
00000100
00000000
00000000
40000000
20000030
00000001
004c3d40
00000000
00000008
00000007
0000000e
000005b0
000001b0
005b89a0
00000100
00000000
00000000
40000000
20000030
00000001
004c4980
00000000
00000008
00000007
0000000e
000005d0
000001d0
005b89c0
00000100
00000000
00000000
40000000
20000030
00000001
004c55c0
00000000
00000008
00000007
0000000e
000005f0
000001f0
005b89e0
00000100
00000000
00000000
40000000
10000014
00000001
027c63c0
00000001
03000000
00000810
30000000
10000014
00000000
0046e000
00000001
00000000
00009000
30000000
10000014
00000000
00477000
00000001
00080000
00009000
30000000
10000014
00000000
00480000
00000001
00100000
00009000
30000000
10000014
00000000
00489000
00000001
00180000
00009000
30000000
10000014
00000000
00492000
00000001
00200000
00009000
30000000
10000014
00000000
0049b000
00000001
00280000
00009000
30000000
10000014
00000000
004a4000
00000001
00300000
00009000
30000000
10000014
00000000
004ad000
00000001
00380000
00009000
30000000
22000030
00000007
001a0000
00000000
00000100
00000008
0000000e
00000000
00000000
004c0000
03031111
00000007
0000000e
40000000
10000014
00000001
024c0000
00000001
00009000
0006e400
30000000
10000014
00000001
024c0000
00000001
00089000
0006e400
30000000
10000014
00000001
024c0000
00000001
00109000
0006e400
30000000
10000014
00000001
024c0000
00000001
00189000
0006e400
30000000
10000014
00000001
024c0000
00000001
00209000
0006e400
30000000
10000014
00000001
024c0000
00000001
00289000
0006e400
30000000
10000014
00000001
024c0000
00000001
00309000
0006e400
30000000
10000014
00000001
024c0000
00000001
00389000
0006e400
30000000
90000060
00000062
00002407
000000ff
00000000
00000900
00000120
00000002
00000000
00000000
00000000
00000000
00000000
00000000
00000000
00000000
00000000
00000000
00000000
00000000
00000000
00000000
00000000
00000000
00000000
70000000
00000000
00000000
00000000
00000000
00000000
00000000
00000000
00000000
00000000
00000000
00000000
00000000
00000000
00000000
00000000
00000000
10000014
00000001
01000000
00000001
024c0000
00000c40
30000000
10000014
00000001
01040000
00000001
024c0c40
00000c40
30000000
10000014
00000001
01080000
00000001
024c1880
00000c40
30000000
10000014
00000001
010c0000
00000001
024c24c0
00000c40
30000000
10000014
00000001
01100000
00000001
024c3100
00000c40
30000000
10000014
00000001
01140000
00000001
024c3d40
00000c40
30000000
10000014
00000001
01180000
00000001
024c4980
00000c40
30000000
10000014
00000001
011c0000
00000001
024c55c0
00000c40
30000000
20000030
00000001
004c0000
00000000
00000008
00000007
0000000e
00000610
00000210
005a0200
00000100
00000000
00000000
40000000
20000030
00000001
004c0c40
00000000
00000008
00000007
0000000e
00000630
00000230
005a0220
00000100
00000000
00000000
40000000
20000030
00000001
004c1880
00000000
00000008
00000007
0000000e
00000650
00000250
005a0240
00000100
00000000
00000000
40000000
20000030
00000001
004c24c0
00000000
00000008
00000007
0000000e
00000670
00000270
005a0260
00000100
00000000
00000000
40000000
20000030
00000001
004c3100
00000000
00000008
00000007
0000000e
00000690
00000290
005a0280
00000100
00000000
00000000
40000000
20000030
00000001
004c3d40
00000000
00000008
00000007
0000000e
000006b0
000002b0
005a02a0
00000100
00000000
00000000
40000000
20000030
00000001
004c4980
00000000
00000008
00000007
0000000e
000006d0
000002d0
005a02c0
00000100
00000000
00000000
40000000
20000030
00000001
004c55c0
00000000
00000008
00000007
0000000e
000006f0
000002f0
005a02e0
00000100
00000000
00000000
40000000
22000030
00000007
001aa800
00000000
00000100
00000008
0000000e
00000000
00000000
004c0000
03031101
00000007
0000000e
40000000
10000014
00000001
024c0000
00000001
00009000
0006e400
30000000
10000014
00000001
024c0000
00000001
00089000
0006e400
30000000
10000014
00000001
024c0000
00000001
00109000
0006e400
30000000
10000014
00000001
024c0000
00000001
00189000
0006e400
30000000
10000014
00000001
024c0000
00000001
00209000
0006e400
30000000
10000014
00000001
024c0000
00000001
00289000
0006e400
30000000
10000014
00000001
024c0000
00000001
00309000
0006e400
30000000
10000014
00000001
024c0000
00000001
00389000
0006e400
30000000
90000060
00000062
00002407
000000ff
00000000
00000900
00000120
00000002
00000000
00000000
00000000
00000000
00000000
00000000
00000000
00000000
00000000
00000000
00000000
00000000
00000000
00000000
00000000
00000000
00000000
70000000
00000000
00000000
00000000
00000000
00000000
00000000
00000000
00000000
00000000
00000000
00000000
00000000
00000000
00000000
00000000
00000000
10000014
00000001
01000000
00000001
024c0000
00000c40
30000000
10000014
00000001
01040000
00000001
024c0c40
00000c40
30000000
10000014
00000001
01080000
00000001
024c1880
00000c40
30000000
10000014
00000001
010c0000
00000001
024c24c0
00000c40
30000000
10000014
00000001
01100000
00000001
024c3100
00000c40
30000000
10000014
00000001
01140000
00000001
024c3d40
00000c40
30000000
10000014
00000001
01180000
00000001
024c4980
00000c40
30000000
10000014
00000001
011c0000
00000001
024c55c0
00000c40
30000000
20000030
00000001
004c0000
00000000
00000008
00000007
0000000e
00000610
00000210
005b8a00
00000100
00000000
00000000
40000000
20000030
00000001
004c0c40
00000000
00000008
00000007
0000000e
00000630
00000230
005b8a20
00000100
00000000
00000000
40000000
20000030
00000001
004c1880
00000000
00000008
00000007
0000000e
00000650
00000250
005b8a40
00000100
00000000
00000000
40000000
20000030
00000001
004c24c0
00000000
00000008
00000007
0000000e
00000670
00000270
005b8a60
00000100
00000000
00000000
40000000
20000030
00000001
004c3100
00000000
00000008
00000007
0000000e
00000690
00000290
005b8a80
00000100
00000000
00000000
40000000
20000030
00000001
004c3d40
00000000
00000008
00000007
0000000e
000006b0
000002b0
005b8aa0
00000100
00000000
00000000
40000000
20000030
00000001
004c4980
00000000
00000008
00000007
0000000e
000006d0
000002d0
005b8ac0
00000100
00000000
00000000
40000000
20000030
00000001
004c55c0
00000000
00000008
00000007
0000000e
000006f0
000002f0
005b8ae0
00000100
00000000
00000000
40000000
10000014
00000001
027c63c0
00000001
03000000
00000810
30000000
10000014
00000000
004b6000
00000001
00000000
00009000
30000000
10000014
00000000
004bf000
00000001
00080000
00009000
30000000
10000014
00000000
004c8000
00000001
00100000
00009000
30000000
10000014
00000000
004d1000
00000001
00180000
00009000
30000000
10000014
00000000
004da000
00000001
00200000
00009000
30000000
10000014
00000000
004e3000
00000001
00280000
00009000
30000000
10000014
00000000
004ec000
00000001
00300000
00009000
30000000
10000014
00000000
004f5000
00000001
00380000
00009000
30000000
22000030
00000007
001a0000
00000000
00000100
00000008
0000000e
00000000
00000000
004c0000
03031111
00000007
0000000e
40000000
10000014
00000001
024c0000
00000001
00009000
0006e400
30000000
10000014
00000001
024c0000
00000001
00089000
0006e400
30000000
10000014
00000001
024c0000
00000001
00109000
0006e400
30000000
10000014
00000001
024c0000
00000001
00189000
0006e400
30000000
10000014
00000001
024c0000
00000001
00209000
0006e400
30000000
10000014
00000001
024c0000
00000001
00289000
0006e400
30000000
10000014
00000001
024c0000
00000001
00309000
0006e400
30000000
10000014
00000001
024c0000
00000001
00389000
0006e400
30000000
90000060
00000062
00002407
000000ff
00000000
00000900
00000120
00000002
00000000
00000000
00000000
00000000
00000000
00000000
00000000
00000000
00000000
00000000
00000000
00000000
00000000
00000000
00000000
00000000
00000000
70000000
00000000
00000000
00000000
00000000
00000000
00000000
00000000
00000000
00000000
00000000
00000000
00000000
00000000
00000000
00000000
00000000
10000014
00000001
01000000
00000001
024c0000
00000c40
30000000
10000014
00000001
01040000
00000001
024c0c40
00000c40
30000000
10000014
00000001
01080000
00000001
024c1880
00000c40
30000000
10000014
00000001
010c0000
00000001
024c24c0
00000c40
30000000
10000014
00000001
01100000
00000001
024c3100
00000c40
30000000
10000014
00000001
01140000
00000001
024c3d40
00000c40
30000000
10000014
00000001
01180000
00000001
024c4980
00000c40
30000000
10000014
00000001
011c0000
00000001
024c55c0
00000c40
30000000
20000030
00000001
004c0000
00000000
00000008
00000007
0000000e
00000710
00000310
005a0300
00000100
00000000
00000000
40000000
20000030
00000001
004c0c40
00000000
00000008
00000007
0000000e
00000730
00000330
005a0320
00000100
00000000
00000000
40000000
20000030
00000001
004c1880
00000000
00000008
00000007
0000000e
00000750
00000350
005a0340
00000100
00000000
00000000
40000000
20000030
00000001
004c24c0
00000000
00000008
00000007
0000000e
00000770
00000370
005a0360
00000100
00000000
00000000
40000000
20000030
00000001
004c3100
00000000
00000008
00000007
0000000e
00000790
00000390
005a0380
00000100
00000000
00000000
40000000
20000030
00000001
004c3d40
00000000
00000008
00000007
0000000e
000007b0
000003b0
005a03a0
00000100
00000000
00000000
40000000
20000030
00000001
004c4980
00000000
00000008
00000007
0000000e
000007d0
000003d0
005a03c0
00000100
00000000
00000000
40000000
20000030
00000001
004c55c0
00000000
00000008
00000007
0000000e
000007f0
000003f0
005a03e0
00000100
00000000
00000000
40000000
22000030
00000007
001aa800
00000000
00000100
00000008
0000000e
00000000
00000000
004c0000
03031101
00000007
0000000e
40000000
10000014
00000001
024c0000
00000001
00009000
0006e400
30000000
10000014
00000001
024c0000
00000001
00089000
0006e400
30000000
10000014
00000001
024c0000
00000001
00109000
0006e400
30000000
10000014
00000001
024c0000
00000001
00189000
0006e400
30000000
10000014
00000001
024c0000
00000001
00209000
0006e400
30000000
10000014
00000001
024c0000
00000001
00289000
0006e400
30000000
10000014
00000001
024c0000
00000001
00309000
0006e400
30000000
10000014
00000001
024c0000
00000001
00389000
0006e400
30000000
90000060
00000062
00002407
000000ff
00000000
00000900
00000120
00000002
00000000
00000000
00000000
00000000
00000000
00000000
00000000
00000000
00000000
00000000
00000000
00000000
00000000
00000000
00000000
00000000
00000000
70000000
00000000
00000000
00000000
00000000
00000000
00000000
00000000
00000000
00000000
00000000
00000000
00000000
00000000
00000000
00000000
00000000
10000014
00000001
01000000
00000001
024c0000
00000c40
30000000
10000014
00000001
01040000
00000001
024c0c40
00000c40
30000000
10000014
00000001
01080000
00000001
024c1880
00000c40
30000000
10000014
00000001
010c0000
00000001
024c24c0
00000c40
30000000
10000014
00000001
01100000
00000001
024c3100
00000c40
30000000
10000014
00000001
01140000
00000001
024c3d40
00000c40
30000000
10000014
00000001
01180000
00000001
024c4980
00000c40
30000000
10000014
00000001
011c0000
00000001
024c55c0
00000c40
30000000
20000030
00000001
004c0000
00000000
00000008
00000007
0000000e
00000710
00000310
005b8b00
00000100
00000000
00000000
40000000
20000030
00000001
004c0c40
00000000
00000008
00000007
0000000e
00000730
00000330
005b8b20
00000100
00000000
00000000
40000000
20000030
00000001
004c1880
00000000
00000008
00000007
0000000e
00000750
00000350
005b8b40
00000100
00000000
00000000
40000000
20000030
00000001
004c24c0
00000000
00000008
00000007
0000000e
00000770
00000370
005b8b60
00000100
00000000
00000000
40000000
20000030
00000001
004c3100
00000000
00000008
00000007
0000000e
00000790
00000390
005b8b80
00000100
00000000
00000000
40000000
20000030
00000001
004c3d40
00000000
00000008
00000007
0000000e
000007b0
000003b0
005b8ba0
00000100
00000000
00000000
40000000
20000030
00000001
004c4980
00000000
00000008
00000007
0000000e
000007d0
000003d0
005b8bc0
00000100
00000000
00000000
40000000
20000030
00000001
004c55c0
00000000
00000008
00000007
0000000e
000007f0
000003f0
005b8be0
00000100
00000000
00000000
40000000
10000014
00000001
027c5bb0
00000001
03000000
00000810
30000000
22000030
00000003
005a0000
00000000
00000100
0000000e
0000000e
00000000
00000000
005d1000
00000000
00000000
00000000
40000000
26000030
00000001
005d1000
00000000
00000100
0000000e
0000000e
00000410
00000010
005a0000
00000000
00000000
00000000
40000000
10000014
00000001
027c73e0
00000001
03000000
00000810
30000000
10000014
00000000
004fe000
00000001
00000000
00000800
30000000
10000014
00000000
004fe800
00000001
00080000
00000800
30000000
10000014
00000000
004ff000
00000001
00100000
00000800
30000000
10000014
00000000
004ff800
00000001
00180000
00000800
30000000
10000014
00000000
00500000
00000001
00200000
00000800
30000000
10000014
00000000
00500800
00000001
00280000
00000800
30000000
10000014
00000000
00501000
00000001
00300000
00000800
30000000
10000014
00000000
00501800
00000001
00380000
00000800
30000000
22000030
00000003
00000000
00000000
00000080
0000001c
0000001c
00000000
00000000
001a0000
00000000
00000000
00000000
40000000
22000030
00000007
001a0000
00000000
00000080
0000001b
0000001c
00000000
00000000
004c0000
01012200
0000000e
0000000e
40000000
10000014
00000001
024c0000
00000001
00000800
0000c400
30000000
10000014
00000001
024c0000
00000001
00080800
0000c400
30000000
10000014
00000001
024c0000
00000001
00100800
0000c400
30000000
10000014
00000001
024c0000
00000001
00180800
0000c400
30000000
10000014
00000001
024c0000
00000001
00200800
0000c400
30000000
10000014
00000001
024c0000
00000001
00280800
0000c400
30000000
10000014
00000001
024c0000
00000001
00300800
0000c400
30000000
10000014
00000001
024c0000
00000001
00380800
0000c400
30000000
90000060
000000c4
00000207
000000ff
00000000
00000080
00000010
00000002
00000000
00000000
00000000
00000000
00000000
00000000
00000000
00000000
00000000
00000000
00000000
00000000
00000000
00000000
00000000
00000000
00000000
70000000
00000000
00000000
00000000
00000000
00000000
00000000
00000000
00000000
00000000
00000000
00000000
00000000
00000000
00000000
00000000
00000000
10000014
00000001
01000000
00000001
024c0000
00001880
30000000
10000014
00000001
01040000
00000001
024c1880
00001880
30000000
10000014
00000001
01080000
00000001
024c3100
00001880
30000000
10000014
00000001
010c0000
00000001
024c4980
00001880
30000000
10000014
00000001
01100000
00000001
024c6200
00001880
30000000
10000014
00000001
01140000
00000001
024c7a80
00001880
30000000
10000014
00000001
01180000
00000001
024c9300
00001880
30000000
10000014
00000001
011c0000
00000001
024cab80
00001880
30000000
20000030
00000001
004c0000
00000000
00000008
0000000e
0000000e
00000410
00000010
005d1000
00000100
00000000
00000000
40000000
20000030
00000001
004c1880
00000000
00000008
0000000e
0000000e
00000430
00000030
005d1020
00000100
00000000
00000000
40000000
20000030
00000001
004c3100
00000000
00000008
0000000e
0000000e
00000450
00000050
005d1040
00000100
00000000
00000000
40000000
20000030
00000001
004c4980
00000000
00000008
0000000e
0000000e
00000470
00000070
005d1060
00000100
00000000
00000000
40000000
20000030
00000001
004c6200
00000000
00000008
0000000e
0000000e
00000490
00000090
005d1080
00000100
00000000
00000000
40000000
20000030
00000001
004c7a80
00000000
00000008
0000000e
0000000e
000004b0
000000b0
005d10a0
00000100
00000000
00000000
40000000
20000030
00000001
004c9300
00000000
00000008
0000000e
0000000e
000004d0
000000d0
005d10c0
00000100
00000000
00000000
40000000
20000030
00000001
004cab80
00000000
00000008
0000000e
0000000e
000004f0
000000f0
005d10e0
00000100
00000000
00000000
40000000
10000014
00000001
027c73e0
00000001
03000000
00000810
30000000
10000014
00000000
00502000
00000001
00000000
00000800
30000000
10000014
00000000
00502800
00000001
00080000
00000800
30000000
10000014
00000000
00503000
00000001
00100000
00000800
30000000
10000014
00000000
00503800
00000001
00180000
00000800
30000000
10000014
00000000
00504000
00000001
00200000
00000800
30000000
10000014
00000000
00504800
00000001
00280000
00000800
30000000
10000014
00000000
00505000
00000001
00300000
00000800
30000000
10000014
00000000
00505800
00000001
00380000
00000800
30000000
22000030
00000007
001a0000
00000000
00000080
0000001b
0000001c
00000000
00000000
004c0000
01012200
0000000e
0000000e
40000000
10000014
00000001
024c0000
00000001
00000800
0000c400
30000000
10000014
00000001
024c0000
00000001
00080800
0000c400
30000000
10000014
00000001
024c0000
00000001
00100800
0000c400
30000000
10000014
00000001
024c0000
00000001
00180800
0000c400
30000000
10000014
00000001
024c0000
00000001
00200800
0000c400
30000000
10000014
00000001
024c0000
00000001
00280800
0000c400
30000000
10000014
00000001
024c0000
00000001
00300800
0000c400
30000000
10000014
00000001
024c0000
00000001
00380800
0000c400
30000000
90000060
000000c4
00000207
000000ff
00000000
00000080
00000010
00000002
00000000
00000000
00000000
00000000
00000000
00000000
00000000
00000000
00000000
00000000
00000000
00000000
00000000
00000000
00000000
00000000
00000000
70000000
00000000
00000000
00000000
00000000
00000000
00000000
00000000
00000000
00000000
00000000
00000000
00000000
00000000
00000000
00000000
00000000
10000014
00000001
01000000
00000001
024c0000
00001880
30000000
10000014
00000001
01040000
00000001
024c1880
00001880
30000000
10000014
00000001
01080000
00000001
024c3100
00001880
30000000
10000014
00000001
010c0000
00000001
024c4980
00001880
30000000
10000014
00000001
01100000
00000001
024c6200
00001880
30000000
10000014
00000001
01140000
00000001
024c7a80
00001880
30000000
10000014
00000001
01180000
00000001
024c9300
00001880
30000000
10000014
00000001
011c0000
00000001
024cab80
00001880
30000000
20000030
00000001
004c0000
00000000
00000008
0000000e
0000000e
00000510
00000110
005d1100
00000100
00000000
00000000
40000000
20000030
00000001
004c1880
00000000
00000008
0000000e
0000000e
00000530
00000130
005d1120
00000100
00000000
00000000
40000000
20000030
00000001
004c3100
00000000
00000008
0000000e
0000000e
00000550
00000150
005d1140
00000100
00000000
00000000
40000000
20000030
00000001
004c4980
00000000
00000008
0000000e
0000000e
00000570
00000170
005d1160
00000100
00000000
00000000
40000000
20000030
00000001
004c6200
00000000
00000008
0000000e
0000000e
00000590
00000190
005d1180
00000100
00000000
00000000
40000000
20000030
00000001
004c7a80
00000000
00000008
0000000e
0000000e
000005b0
000001b0
005d11a0
00000100
00000000
00000000
40000000
20000030
00000001
004c9300
00000000
00000008
0000000e
0000000e
000005d0
000001d0
005d11c0
00000100
00000000
00000000
40000000
20000030
00000001
004cab80
00000000
00000008
0000000e
0000000e
000005f0
000001f0
005d11e0
00000100
00000000
00000000
40000000
10000014
00000001
027c73e0
00000001
03000000
00000810
30000000
10000014
00000000
00506000
00000001
00000000
00000800
30000000
10000014
00000000
00506800
00000001
00080000
00000800
30000000
10000014
00000000
00507000
00000001
00100000
00000800
30000000
10000014
00000000
00507800
00000001
00180000
00000800
30000000
10000014
00000000
00508000
00000001
00200000
00000800
30000000
10000014
00000000
00508800
00000001
00280000
00000800
30000000
10000014
00000000
00509000
00000001
00300000
00000800
30000000
10000014
00000000
00509800
00000001
00380000
00000800
30000000
22000030
00000007
001a0000
00000000
00000080
0000001b
0000001c
00000000
00000000
004c0000
01012200
0000000e
0000000e
40000000
10000014
00000001
024c0000
00000001
00000800
0000c400
30000000
10000014
00000001
024c0000
00000001
00080800
0000c400
30000000
10000014
00000001
024c0000
00000001
00100800
0000c400
30000000
10000014
00000001
024c0000
00000001
00180800
0000c400
30000000
10000014
00000001
024c0000
00000001
00200800
0000c400
30000000
10000014
00000001
024c0000
00000001
00280800
0000c400
30000000
10000014
00000001
024c0000
00000001
00300800
0000c400
30000000
10000014
00000001
024c0000
00000001
00380800
0000c400
30000000
90000060
000000c4
00000207
000000ff
00000000
00000080
00000010
00000002
00000000
00000000
00000000
00000000
00000000
00000000
00000000
00000000
00000000
00000000
00000000
00000000
00000000
00000000
00000000
00000000
00000000
70000000
00000000
00000000
00000000
00000000
00000000
00000000
00000000
00000000
00000000
00000000
00000000
00000000
00000000
00000000
00000000
00000000
10000014
00000001
01000000
00000001
024c0000
00001880
30000000
10000014
00000001
01040000
00000001
024c1880
00001880
30000000
10000014
00000001
01080000
00000001
024c3100
00001880
30000000
10000014
00000001
010c0000
00000001
024c4980
00001880
30000000
10000014
00000001
01100000
00000001
024c6200
00001880
30000000
10000014
00000001
01140000
00000001
024c7a80
00001880
30000000
10000014
00000001
01180000
00000001
024c9300
00001880
30000000
10000014
00000001
011c0000
00000001
024cab80
00001880
30000000
20000030
00000001
004c0000
00000000
00000008
0000000e
0000000e
00000610
00000210
005d1200
00000100
00000000
00000000
40000000
20000030
00000001
004c1880
00000000
00000008
0000000e
0000000e
00000630
00000230
005d1220
00000100
00000000
00000000
40000000
20000030
00000001
004c3100
00000000
00000008
0000000e
0000000e
00000650
00000250
005d1240
00000100
00000000
00000000
40000000
20000030
00000001
004c4980
00000000
00000008
0000000e
0000000e
00000670
00000270
005d1260
00000100
00000000
00000000
40000000
20000030
00000001
004c6200
00000000
00000008
0000000e
0000000e
00000690
00000290
005d1280
00000100
00000000
00000000
40000000
20000030
00000001
004c7a80
00000000
00000008
0000000e
0000000e
000006b0
000002b0
005d12a0
00000100
00000000
00000000
40000000
20000030
00000001
004c9300
00000000
00000008
0000000e
0000000e
000006d0
000002d0
005d12c0
00000100
00000000
00000000
40000000
20000030
00000001
004cab80
00000000
00000008
0000000e
0000000e
000006f0
000002f0
005d12e0
00000100
00000000
00000000
40000000
10000014
00000001
027c73e0
00000001
03000000
00000810
30000000
10000014
00000000
0050a000
00000001
00000000
00000800
30000000
10000014
00000000
0050a800
00000001
00080000
00000800
30000000
10000014
00000000
0050b000
00000001
00100000
00000800
30000000
10000014
00000000
0050b800
00000001
00180000
00000800
30000000
10000014
00000000
0050c000
00000001
00200000
00000800
30000000
10000014
00000000
0050c800
00000001
00280000
00000800
30000000
10000014
00000000
0050d000
00000001
00300000
00000800
30000000
10000014
00000000
0050d800
00000001
00380000
00000800
30000000
22000030
00000007
001a0000
00000000
00000080
0000001b
0000001c
00000000
00000000
004c0000
01012200
0000000e
0000000e
40000000
10000014
00000001
024c0000
00000001
00000800
0000c400
30000000
10000014
00000001
024c0000
00000001
00080800
0000c400
30000000
10000014
00000001
024c0000
00000001
00100800
0000c400
30000000
10000014
00000001
024c0000
00000001
00180800
0000c400
30000000
10000014
00000001
024c0000
00000001
00200800
0000c400
30000000
10000014
00000001
024c0000
00000001
00280800
0000c400
30000000
10000014
00000001
024c0000
00000001
00300800
0000c400
30000000
10000014
00000001
024c0000
00000001
00380800
0000c400
30000000
90000060
000000c4
00000207
000000ff
00000000
00000080
00000010
00000002
00000000
00000000
00000000
00000000
00000000
00000000
00000000
00000000
00000000
00000000
00000000
00000000
00000000
00000000
00000000
00000000
00000000
70000000
00000000
00000000
00000000
00000000
00000000
00000000
00000000
00000000
00000000
00000000
00000000
00000000
00000000
00000000
00000000
00000000
10000014
00000001
01000000
00000001
024c0000
00001880
30000000
10000014
00000001
01040000
00000001
024c1880
00001880
30000000
10000014
00000001
01080000
00000001
024c3100
00001880
30000000
10000014
00000001
010c0000
00000001
024c4980
00001880
30000000
10000014
00000001
01100000
00000001
024c6200
00001880
30000000
10000014
00000001
01140000
00000001
024c7a80
00001880
30000000
10000014
00000001
01180000
00000001
024c9300
00001880
30000000
10000014
00000001
011c0000
00000001
024cab80
00001880
30000000
20000030
00000001
004c0000
00000000
00000008
0000000e
0000000e
00000710
00000310
005d1300
00000100
00000000
00000000
40000000
20000030
00000001
004c1880
00000000
00000008
0000000e
0000000e
00000730
00000330
005d1320
00000100
00000000
00000000
40000000
20000030
00000001
004c3100
00000000
00000008
0000000e
0000000e
00000750
00000350
005d1340
00000100
00000000
00000000
40000000
20000030
00000001
004c4980
00000000
00000008
0000000e
0000000e
00000770
00000370
005d1360
00000100
00000000
00000000
40000000
20000030
00000001
004c6200
00000000
00000008
0000000e
0000000e
00000790
00000390
005d1380
00000100
00000000
00000000
40000000
20000030
00000001
004c7a80
00000000
00000008
0000000e
0000000e
000007b0
000003b0
005d13a0
00000100
00000000
00000000
40000000
20000030
00000001
004c9300
00000000
00000008
0000000e
0000000e
000007d0
000003d0
005d13c0
00000100
00000000
00000000
40000000
20000030
00000001
004cab80
00000000
00000008
0000000e
0000000e
000007f0
000003f0
005d13e0
00000100
00000000
00000000
40000000
10000014
00000001
027c6bd0
00000001
03000000
00000810
30000000
22000030
00000003
005d1000
00000000
00000100
0000000e
0000000e
00000000
00000000
00602000
00000000
00000000
00000000
40000000
26000030
00000001
00602000
00000000
00000100
0000000e
0000000e
00000410
00000010
005d1000
00000000
00000000
00000000
40000000
10000014
00000001
027c7bf0
00000001
03000000
00000810
30000000
20000030
00000006
005a0000
005d1000
00000100
0000000e
0000000e
00000000
00000000
001a0000
00000001
00000000
00000000
40000000
22000030
00000003
001a0000
00000000
00000100
0000000e
0000000e
00000000
00000000
00602000
00000000
00000000
00000000
40000000
26000030
00000001
00602000
00000000
00000100
0000000e
0000000e
00000410
00000010
001a0000
00000000
00000000
00000000
40000000
10000014
00000001
027c8c10
00000001
03000000
00000810
30000000
10000014
00000000
0050e000
00000001
00000000
00009000
30000000
10000014
00000000
00517000
00000001
00080000
00009000
30000000
10000014
00000000
00520000
00000001
00100000
00009000
30000000
10000014
00000000
00529000
00000001
00180000
00009000
30000000
10000014
00000000
00532000
00000001
00200000
00009000
30000000
10000014
00000000
0053b000
00000001
00280000
00009000
30000000
10000014
00000000
00544000
00000001
00300000
00009000
30000000
10000014
00000000
0054d000
00000001
00380000
00009000
30000000
22000030
00000003
001a0000
00000000
00000100
0000000e
0000000e
00000000
00000000
005a0000
00000000
00000000
00000000
40000000
22000030
00000007
005a0000
00000000
00000100
00000008
0000000e
00000000
00000000
004c0000
03031111
00000007
0000000e
40000000
10000014
00000001
024c0000
00000001
00009000
0006e400
30000000
10000014
00000001
024c0000
00000001
00089000
0006e400
30000000
10000014
00000001
024c0000
00000001
00109000
0006e400
30000000
10000014
00000001
024c0000
00000001
00189000
0006e400
30000000
10000014
00000001
024c0000
00000001
00209000
0006e400
30000000
10000014
00000001
024c0000
00000001
00289000
0006e400
30000000
10000014
00000001
024c0000
00000001
00309000
0006e400
30000000
10000014
00000001
024c0000
00000001
00389000
0006e400
30000000
90000060
00000062
00002407
000000ff
00000000
00000900
00000120
00000002
00000000
00000000
00000000
00000000
00000000
00000000
00000000
00000000
00000000
00000000
00000000
00000000
00000000
00000000
00000000
00000000
00000000
70000000
00000000
00000000
00000000
00000000
00000000
00000000
00000000
00000000
00000000
00000000
00000000
00000000
00000000
00000000
00000000
00000000
10000014
00000001
01000000
00000001
024c0000
00000c40
30000000
10000014
00000001
01040000
00000001
024c0c40
00000c40
30000000
10000014
00000001
01080000
00000001
024c1880
00000c40
30000000
10000014
00000001
010c0000
00000001
024c24c0
00000c40
30000000
10000014
00000001
01100000
00000001
024c3100
00000c40
30000000
10000014
00000001
01140000
00000001
024c3d40
00000c40
30000000
10000014
00000001
01180000
00000001
024c4980
00000c40
30000000
10000014
00000001
011c0000
00000001
024c55c0
00000c40
30000000
21000030
00000001
004c0000
00000000
00000008
00000007
0000000e
00000410
00000010
00000000
00000100
00000000
00000000
40000000
21000030
00000001
004c0c40
00000000
00000008
00000007
0000000e
00000430
00000030
00000020
00000100
00000000
00000000
40000000
21000030
00000001
004c1880
00000000
00000008
00000007
0000000e
00000450
00000050
00000040
00000100
00000000
00000000
40000000
21000030
00000001
004c24c0
00000000
00000008
00000007
0000000e
00000470
00000070
00000060
00000100
00000000
00000000
40000000
21000030
00000001
004c3100
00000000
00000008
00000007
0000000e
00000490
00000090
00000080
00000100
00000000
00000000
40000000
21000030
00000001
004c3d40
00000000
00000008
00000007
0000000e
000004b0
000000b0
000000a0
00000100
00000000
00000000
40000000
21000030
00000001
004c4980
00000000
00000008
00000007
0000000e
000004d0
000000d0
000000c0
00000100
00000000
00000000
40000000
21000030
00000001
004c55c0
00000000
00000008
00000007
0000000e
000004f0
000000f0
000000e0
00000100
00000000
00000000
40000000
22000030
00000007
005aa800
00000000
00000100
00000008
0000000e
00000000
00000000
004c0000
03031101
00000007
0000000e
40000000
10000014
00000001
024c0000
00000001
00009000
0006e400
30000000
10000014
00000001
024c0000
00000001
00089000
0006e400
30000000
10000014
00000001
024c0000
00000001
00109000
0006e400
30000000
10000014
00000001
024c0000
00000001
00189000
0006e400
30000000
10000014
00000001
024c0000
00000001
00209000
0006e400
30000000
10000014
00000001
024c0000
00000001
00289000
0006e400
30000000
10000014
00000001
024c0000
00000001
00309000
0006e400
30000000
10000014
00000001
024c0000
00000001
00389000
0006e400
30000000
90000060
00000062
00002407
000000ff
00000000
00000900
00000120
00000002
00000000
00000000
00000000
00000000
00000000
00000000
00000000
00000000
00000000
00000000
00000000
00000000
00000000
00000000
00000000
00000000
00000000
70000000
00000000
00000000
00000000
00000000
00000000
00000000
00000000
00000000
00000000
00000000
00000000
00000000
00000000
00000000
00000000
00000000
10000014
00000001
01000000
00000001
024c0000
00000c40
30000000
10000014
00000001
01040000
00000001
024c0c40
00000c40
30000000
10000014
00000001
01080000
00000001
024c1880
00000c40
30000000
10000014
00000001
010c0000
00000001
024c24c0
00000c40
30000000
10000014
00000001
01100000
00000001
024c3100
00000c40
30000000
10000014
00000001
01140000
00000001
024c3d40
00000c40
30000000
10000014
00000001
01180000
00000001
024c4980
00000c40
30000000
10000014
00000001
011c0000
00000001
024c55c0
00000c40
30000000
21000030
00000001
004c0000
00000000
00000008
00000007
0000000e
00000410
00000010
00018800
00000100
00000000
00000000
40000000
21000030
00000001
004c0c40
00000000
00000008
00000007
0000000e
00000430
00000030
00018820
00000100
00000000
00000000
40000000
21000030
00000001
004c1880
00000000
00000008
00000007
0000000e
00000450
00000050
00018840
00000100
00000000
00000000
40000000
21000030
00000001
004c24c0
00000000
00000008
00000007
0000000e
00000470
00000070
00018860
00000100
00000000
00000000
40000000
21000030
00000001
004c3100
00000000
00000008
00000007
0000000e
00000490
00000090
00018880
00000100
00000000
00000000
40000000
21000030
00000001
004c3d40
00000000
00000008
00000007
0000000e
000004b0
000000b0
000188a0
00000100
00000000
00000000
40000000
21000030
00000001
004c4980
00000000
00000008
00000007
0000000e
000004d0
000000d0
000188c0
00000100
00000000
00000000
40000000
21000030
00000001
004c55c0
00000000
00000008
00000007
0000000e
000004f0
000000f0
000188e0
00000100
00000000
00000000
40000000
10000014
00000001
027c8c10
00000001
03000000
00000810
30000000
10000014
00000000
00556000
00000001
00000000
00009000
30000000
10000014
00000000
0055f000
00000001
00080000
00009000
30000000
10000014
00000000
00568000
00000001
00100000
00009000
30000000
10000014
00000000
00571000
00000001
00180000
00009000
30000000
10000014
00000000
0057a000
00000001
00200000
00009000
30000000
10000014
00000000
00583000
00000001
00280000
00009000
30000000
10000014
00000000
0058c000
00000001
00300000
00009000
30000000
10000014
00000000
00595000
00000001
00380000
00009000
30000000
22000030
00000007
005a0000
00000000
00000100
00000008
0000000e
00000000
00000000
004c0000
03031111
00000007
0000000e
40000000
10000014
00000001
024c0000
00000001
00009000
0006e400
30000000
10000014
00000001
024c0000
00000001
00089000
0006e400
30000000
10000014
00000001
024c0000
00000001
00109000
0006e400
30000000
10000014
00000001
024c0000
00000001
00189000
0006e400
30000000
10000014
00000001
024c0000
00000001
00209000
0006e400
30000000
10000014
00000001
024c0000
00000001
00289000
0006e400
30000000
10000014
00000001
024c0000
00000001
00309000
0006e400
30000000
10000014
00000001
024c0000
00000001
00389000
0006e400
30000000
90000060
00000062
00002407
000000ff
00000000
00000900
00000120
00000002
00000000
00000000
00000000
00000000
00000000
00000000
00000000
00000000
00000000
00000000
00000000
00000000
00000000
00000000
00000000
00000000
00000000
70000000
00000000
00000000
00000000
00000000
00000000
00000000
00000000
00000000
00000000
00000000
00000000
00000000
00000000
00000000
00000000
00000000
10000014
00000001
01000000
00000001
024c0000
00000c40
30000000
10000014
00000001
01040000
00000001
024c0c40
00000c40
30000000
10000014
00000001
01080000
00000001
024c1880
00000c40
30000000
10000014
00000001
010c0000
00000001
024c24c0
00000c40
30000000
10000014
00000001
01100000
00000001
024c3100
00000c40
30000000
10000014
00000001
01140000
00000001
024c3d40
00000c40
30000000
10000014
00000001
01180000
00000001
024c4980
00000c40
30000000
10000014
00000001
011c0000
00000001
024c55c0
00000c40
30000000
21000030
00000001
004c0000
00000000
00000008
00000007
0000000e
00000510
00000110
00000100
00000100
00000000
00000000
40000000
21000030
00000001
004c0c40
00000000
00000008
00000007
0000000e
00000530
00000130
00000120
00000100
00000000
00000000
40000000
21000030
00000001
004c1880
00000000
00000008
00000007
0000000e
00000550
00000150
00000140
00000100
00000000
00000000
40000000
21000030
00000001
004c24c0
00000000
00000008
00000007
0000000e
00000570
00000170
00000160
00000100
00000000
00000000
40000000
21000030
00000001
004c3100
00000000
00000008
00000007
0000000e
00000590
00000190
00000180
00000100
00000000
00000000
40000000
21000030
00000001
004c3d40
00000000
00000008
00000007
0000000e
000005b0
000001b0
000001a0
00000100
00000000
00000000
40000000
21000030
00000001
004c4980
00000000
00000008
00000007
0000000e
000005d0
000001d0
000001c0
00000100
00000000
00000000
40000000
21000030
00000001
004c55c0
00000000
00000008
00000007
0000000e
000005f0
000001f0
000001e0
00000100
00000000
00000000
40000000
22000030
00000007
005aa800
00000000
00000100
00000008
0000000e
00000000
00000000
004c0000
03031101
00000007
0000000e
40000000
10000014
00000001
024c0000
00000001
00009000
0006e400
30000000
10000014
00000001
024c0000
00000001
00089000
0006e400
30000000
10000014
00000001
024c0000
00000001
00109000
0006e400
30000000
10000014
00000001
024c0000
00000001
00189000
0006e400
30000000
10000014
00000001
024c0000
00000001
00209000
0006e400
30000000
10000014
00000001
024c0000
00000001
00289000
0006e400
30000000
10000014
00000001
024c0000
00000001
00309000
0006e400
30000000
10000014
00000001
024c0000
00000001
00389000
0006e400
30000000
90000060
00000062
00002407
000000ff
00000000
00000900
00000120
00000002
00000000
00000000
00000000
00000000
00000000
00000000
00000000
00000000
00000000
00000000
00000000
00000000
00000000
00000000
00000000
00000000
00000000
70000000
00000000
00000000
00000000
00000000
00000000
00000000
00000000
00000000
00000000
00000000
00000000
00000000
00000000
00000000
00000000
00000000
10000014
00000001
01000000
00000001
024c0000
00000c40
30000000
10000014
00000001
01040000
00000001
024c0c40
00000c40
30000000
10000014
00000001
01080000
00000001
024c1880
00000c40
30000000
10000014
00000001
010c0000
00000001
024c24c0
00000c40
30000000
10000014
00000001
01100000
00000001
024c3100
00000c40
30000000
10000014
00000001
01140000
00000001
024c3d40
00000c40
30000000
10000014
00000001
01180000
00000001
024c4980
00000c40
30000000
10000014
00000001
011c0000
00000001
024c55c0
00000c40
30000000
21000030
00000001
004c0000
00000000
00000008
00000007
0000000e
00000510
00000110
00018900
00000100
00000000
00000000
40000000
21000030
00000001
004c0c40
00000000
00000008
00000007
0000000e
00000530
00000130
00018920
00000100
00000000
00000000
40000000
21000030
00000001
004c1880
00000000
00000008
00000007
0000000e
00000550
00000150
00018940
00000100
00000000
00000000
40000000
21000030
00000001
004c24c0
00000000
00000008
00000007
0000000e
00000570
00000170
00018960
00000100
00000000
00000000
40000000
21000030
00000001
004c3100
00000000
00000008
00000007
0000000e
00000590
00000190
00018980
00000100
00000000
00000000
40000000
21000030
00000001
004c3d40
00000000
00000008
00000007
0000000e
000005b0
000001b0
000189a0
00000100
00000000
00000000
40000000
21000030
00000001
004c4980
00000000
00000008
00000007
0000000e
000005d0
000001d0
000189c0
00000100
00000000
00000000
40000000
21000030
00000001
004c55c0
00000000
00000008
00000007
0000000e
000005f0
000001f0
000189e0
00000100
00000000
00000000
40000000
10000014
00000001
027c8c10
00000001
03000000
00000810
30000000
10000014
00000000
0059e000
00000001
00000000
00009000
30000000
10000014
00000000
005a7000
00000001
00080000
00009000
30000000
10000014
00000000
005b0000
00000001
00100000
00009000
30000000
10000014
00000000
005b9000
00000001
00180000
00009000
30000000
10000014
00000000
005c2000
00000001
00200000
00009000
30000000
10000014
00000000
005cb000
00000001
00280000
00009000
30000000
10000014
00000000
005d4000
00000001
00300000
00009000
30000000
10000014
00000000
005dd000
00000001
00380000
00009000
30000000
22000030
00000007
005a0000
00000000
00000100
00000008
0000000e
00000000
00000000
004c0000
03031111
00000007
0000000e
40000000
10000014
00000001
024c0000
00000001
00009000
0006e400
30000000
10000014
00000001
024c0000
00000001
00089000
0006e400
30000000
10000014
00000001
024c0000
00000001
00109000
0006e400
30000000
10000014
00000001
024c0000
00000001
00189000
0006e400
30000000
10000014
00000001
024c0000
00000001
00209000
0006e400
30000000
10000014
00000001
024c0000
00000001
00289000
0006e400
30000000
10000014
00000001
024c0000
00000001
00309000
0006e400
30000000
10000014
00000001
024c0000
00000001
00389000
0006e400
30000000
90000060
00000062
00002407
000000ff
00000000
00000900
00000120
00000002
00000000
00000000
00000000
00000000
00000000
00000000
00000000
00000000
00000000
00000000
00000000
00000000
00000000
00000000
00000000
00000000
00000000
70000000
00000000
00000000
00000000
00000000
00000000
00000000
00000000
00000000
00000000
00000000
00000000
00000000
00000000
00000000
00000000
00000000
10000014
00000001
01000000
00000001
024c0000
00000c40
30000000
10000014
00000001
01040000
00000001
024c0c40
00000c40
30000000
10000014
00000001
01080000
00000001
024c1880
00000c40
30000000
10000014
00000001
010c0000
00000001
024c24c0
00000c40
30000000
10000014
00000001
01100000
00000001
024c3100
00000c40
30000000
10000014
00000001
01140000
00000001
024c3d40
00000c40
30000000
10000014
00000001
01180000
00000001
024c4980
00000c40
30000000
10000014
00000001
011c0000
00000001
024c55c0
00000c40
30000000
21000030
00000001
004c0000
00000000
00000008
00000007
0000000e
00000610
00000210
00000200
00000100
00000000
00000000
40000000
21000030
00000001
004c0c40
00000000
00000008
00000007
0000000e
00000630
00000230
00000220
00000100
00000000
00000000
40000000
21000030
00000001
004c1880
00000000
00000008
00000007
0000000e
00000650
00000250
00000240
00000100
00000000
00000000
40000000
21000030
00000001
004c24c0
00000000
00000008
00000007
0000000e
00000670
00000270
00000260
00000100
00000000
00000000
40000000
21000030
00000001
004c3100
00000000
00000008
00000007
0000000e
00000690
00000290
00000280
00000100
00000000
00000000
40000000
21000030
00000001
004c3d40
00000000
00000008
00000007
0000000e
000006b0
000002b0
000002a0
00000100
00000000
00000000
40000000
21000030
00000001
004c4980
00000000
00000008
00000007
0000000e
000006d0
000002d0
000002c0
00000100
00000000
00000000
40000000
21000030
00000001
004c55c0
00000000
00000008
00000007
0000000e
000006f0
000002f0
000002e0
00000100
00000000
00000000
40000000
22000030
00000007
005aa800
00000000
00000100
00000008
0000000e
00000000
00000000
004c0000
03031101
00000007
0000000e
40000000
10000014
00000001
024c0000
00000001
00009000
0006e400
30000000
10000014
00000001
024c0000
00000001
00089000
0006e400
30000000
10000014
00000001
024c0000
00000001
00109000
0006e400
30000000
10000014
00000001
024c0000
00000001
00189000
0006e400
30000000
10000014
00000001
024c0000
00000001
00209000
0006e400
30000000
10000014
00000001
024c0000
00000001
00289000
0006e400
30000000
10000014
00000001
024c0000
00000001
00309000
0006e400
30000000
10000014
00000001
024c0000
00000001
00389000
0006e400
30000000
90000060
00000062
00002407
000000ff
00000000
00000900
00000120
00000002
00000000
00000000
00000000
00000000
00000000
00000000
00000000
00000000
00000000
00000000
00000000
00000000
00000000
00000000
00000000
00000000
00000000
70000000
00000000
00000000
00000000
00000000
00000000
00000000
00000000
00000000
00000000
00000000
00000000
00000000
00000000
00000000
00000000
00000000
10000014
00000001
01000000
00000001
024c0000
00000c40
30000000
10000014
00000001
01040000
00000001
024c0c40
00000c40
30000000
10000014
00000001
01080000
00000001
024c1880
00000c40
30000000
10000014
00000001
010c0000
00000001
024c24c0
00000c40
30000000
10000014
00000001
01100000
00000001
024c3100
00000c40
30000000
10000014
00000001
01140000
00000001
024c3d40
00000c40
30000000
10000014
00000001
01180000
00000001
024c4980
00000c40
30000000
10000014
00000001
011c0000
00000001
024c55c0
00000c40
30000000
21000030
00000001
004c0000
00000000
00000008
00000007
0000000e
00000610
00000210
00018a00
00000100
00000000
00000000
40000000
21000030
00000001
004c0c40
00000000
00000008
00000007
0000000e
00000630
00000230
00018a20
00000100
00000000
00000000
40000000
21000030
00000001
004c1880
00000000
00000008
00000007
0000000e
00000650
00000250
00018a40
00000100
00000000
00000000
40000000
21000030
00000001
004c24c0
00000000
00000008
00000007
0000000e
00000670
00000270
00018a60
00000100
00000000
00000000
40000000
21000030
00000001
004c3100
00000000
00000008
00000007
0000000e
00000690
00000290
00018a80
00000100
00000000
00000000
40000000
21000030
00000001
004c3d40
00000000
00000008
00000007
0000000e
000006b0
000002b0
00018aa0
00000100
00000000
00000000
40000000
21000030
00000001
004c4980
00000000
00000008
00000007
0000000e
000006d0
000002d0
00018ac0
00000100
00000000
00000000
40000000
21000030
00000001
004c55c0
00000000
00000008
00000007
0000000e
000006f0
000002f0
00018ae0
00000100
00000000
00000000
40000000
10000014
00000001
027c8c10
00000001
03000000
00000810
30000000
10000014
00000000
005e6000
00000001
00000000
00009000
30000000
10000014
00000000
005ef000
00000001
00080000
00009000
30000000
10000014
00000000
005f8000
00000001
00100000
00009000
30000000
10000014
00000000
00601000
00000001
00180000
00009000
30000000
10000014
00000000
0060a000
00000001
00200000
00009000
30000000
10000014
00000000
00613000
00000001
00280000
00009000
30000000
10000014
00000000
0061c000
00000001
00300000
00009000
30000000
10000014
00000000
00625000
00000001
00380000
00009000
30000000
22000030
00000007
005a0000
00000000
00000100
00000008
0000000e
00000000
00000000
004c0000
03031111
00000007
0000000e
40000000
10000014
00000001
024c0000
00000001
00009000
0006e400
30000000
10000014
00000001
024c0000
00000001
00089000
0006e400
30000000
10000014
00000001
024c0000
00000001
00109000
0006e400
30000000
10000014
00000001
024c0000
00000001
00189000
0006e400
30000000
10000014
00000001
024c0000
00000001
00209000
0006e400
30000000
10000014
00000001
024c0000
00000001
00289000
0006e400
30000000
10000014
00000001
024c0000
00000001
00309000
0006e400
30000000
10000014
00000001
024c0000
00000001
00389000
0006e400
30000000
90000060
00000062
00002407
000000ff
00000000
00000900
00000120
00000002
00000000
00000000
00000000
00000000
00000000
00000000
00000000
00000000
00000000
00000000
00000000
00000000
00000000
00000000
00000000
00000000
00000000
70000000
00000000
00000000
00000000
00000000
00000000
00000000
00000000
00000000
00000000
00000000
00000000
00000000
00000000
00000000
00000000
00000000
10000014
00000001
01000000
00000001
024c0000
00000c40
30000000
10000014
00000001
01040000
00000001
024c0c40
00000c40
30000000
10000014
00000001
01080000
00000001
024c1880
00000c40
30000000
10000014
00000001
010c0000
00000001
024c24c0
00000c40
30000000
10000014
00000001
01100000
00000001
024c3100
00000c40
30000000
10000014
00000001
01140000
00000001
024c3d40
00000c40
30000000
10000014
00000001
01180000
00000001
024c4980
00000c40
30000000
10000014
00000001
011c0000
00000001
024c55c0
00000c40
30000000
21000030
00000001
004c0000
00000000
00000008
00000007
0000000e
00000710
00000310
00000300
00000100
00000000
00000000
40000000
21000030
00000001
004c0c40
00000000
00000008
00000007
0000000e
00000730
00000330
00000320
00000100
00000000
00000000
40000000
21000030
00000001
004c1880
00000000
00000008
00000007
0000000e
00000750
00000350
00000340
00000100
00000000
00000000
40000000
21000030
00000001
004c24c0
00000000
00000008
00000007
0000000e
00000770
00000370
00000360
00000100
00000000
00000000
40000000
21000030
00000001
004c3100
00000000
00000008
00000007
0000000e
00000790
00000390
00000380
00000100
00000000
00000000
40000000
21000030
00000001
004c3d40
00000000
00000008
00000007
0000000e
000007b0
000003b0
000003a0
00000100
00000000
00000000
40000000
21000030
00000001
004c4980
00000000
00000008
00000007
0000000e
000007d0
000003d0
000003c0
00000100
00000000
00000000
40000000
21000030
00000001
004c55c0
00000000
00000008
00000007
0000000e
000007f0
000003f0
000003e0
00000100
00000000
00000000
40000000
22000030
00000007
005aa800
00000000
00000100
00000008
0000000e
00000000
00000000
004c0000
03031101
00000007
0000000e
40000000
10000014
00000001
024c0000
00000001
00009000
0006e400
30000000
10000014
00000001
024c0000
00000001
00089000
0006e400
30000000
10000014
00000001
024c0000
00000001
00109000
0006e400
30000000
10000014
00000001
024c0000
00000001
00189000
0006e400
30000000
10000014
00000001
024c0000
00000001
00209000
0006e400
30000000
10000014
00000001
024c0000
00000001
00289000
0006e400
30000000
10000014
00000001
024c0000
00000001
00309000
0006e400
30000000
10000014
00000001
024c0000
00000001
00389000
0006e400
30000000
90000060
00000062
00002407
000000ff
00000000
00000900
00000120
00000002
00000000
00000000
00000000
00000000
00000000
00000000
00000000
00000000
00000000
00000000
00000000
00000000
00000000
00000000
00000000
00000000
00000000
70000000
00000000
00000000
00000000
00000000
00000000
00000000
00000000
00000000
00000000
00000000
00000000
00000000
00000000
00000000
00000000
00000000
10000014
00000001
01000000
00000001
024c0000
00000c40
30000000
10000014
00000001
01040000
00000001
024c0c40
00000c40
30000000
10000014
00000001
01080000
00000001
024c1880
00000c40
30000000
10000014
00000001
010c0000
00000001
024c24c0
00000c40
30000000
10000014
00000001
01100000
00000001
024c3100
00000c40
30000000
10000014
00000001
01140000
00000001
024c3d40
00000c40
30000000
10000014
00000001
01180000
00000001
024c4980
00000c40
30000000
10000014
00000001
011c0000
00000001
024c55c0
00000c40
30000000
21000030
00000001
004c0000
00000000
00000008
00000007
0000000e
00000710
00000310
00018b00
00000100
00000000
00000000
40000000
21000030
00000001
004c0c40
00000000
00000008
00000007
0000000e
00000730
00000330
00018b20
00000100
00000000
00000000
40000000
21000030
00000001
004c1880
00000000
00000008
00000007
0000000e
00000750
00000350
00018b40
00000100
00000000
00000000
40000000
21000030
00000001
004c24c0
00000000
00000008
00000007
0000000e
00000770
00000370
00018b60
00000100
00000000
00000000
40000000
21000030
00000001
004c3100
00000000
00000008
00000007
0000000e
00000790
00000390
00018b80
00000100
00000000
00000000
40000000
21000030
00000001
004c3d40
00000000
00000008
00000007
0000000e
000007b0
000003b0
00018ba0
00000100
00000000
00000000
40000000
21000030
00000001
004c4980
00000000
00000008
00000007
0000000e
000007d0
000003d0
00018bc0
00000100
00000000
00000000
40000000
21000030
00000001
004c55c0
00000000
00000008
00000007
0000000e
000007f0
000003f0
00018be0
00000100
00000000
00000000
40000000
10000014
00000001
027c8400
00000001
03000000
00000810
30000000
22000030
00000003
00000000
00000000
00000100
0000000e
0000000e
00000000
00000000
005a0000
00000000
00000000
00000000
40000000
26000030
00000001
005a0000
00000000
00000100
0000000e
0000000e
00000410
00000010
00000000
00000000
00000000
00000000
40000000
10000014
00000001
027c9c30
00000001
03000000
00000810
30000000
10000014
00000000
0062e000
00000001
00000000
00009000
30000000
10000014
00000000
00637000
00000001
00080000
00009000
30000000
10000014
00000000
00640000
00000001
00100000
00009000
30000000
10000014
00000000
00649000
00000001
00180000
00009000
30000000
10000014
00000000
00652000
00000001
00200000
00009000
30000000
10000014
00000000
0065b000
00000001
00280000
00009000
30000000
10000014
00000000
00664000
00000001
00300000
00009000
30000000
10000014
00000000
0066d000
00000001
00380000
00009000
30000000
22000030
00000003
00000000
00000000
00000100
0000000e
0000000e
00000000
00000000
00000000
00000000
00000000
00000000
40000000
22000030
00000007
00000000
00000000
00000100
00000008
0000000e
00000000
00000000
004c0000
03031111
00000007
0000000e
40000000
10000014
00000001
024c0000
00000001
00009000
0006e400
30000000
10000014
00000001
024c0000
00000001
00089000
0006e400
30000000
10000014
00000001
024c0000
00000001
00109000
0006e400
30000000
10000014
00000001
024c0000
00000001
00189000
0006e400
30000000
10000014
00000001
024c0000
00000001
00209000
0006e400
30000000
10000014
00000001
024c0000
00000001
00289000
0006e400
30000000
10000014
00000001
024c0000
00000001
00309000
0006e400
30000000
10000014
00000001
024c0000
00000001
00389000
0006e400
30000000
90000060
00000062
00002407
000000ff
00000000
00000900
00000120
00000002
00000000
00000000
00000000
00000000
00000000
00000000
00000000
00000000
00000000
00000000
00000000
00000000
00000000
00000000
00000000
00000000
00000000
70000000
00000000
00000000
00000000
00000000
00000000
00000000
00000000
00000000
00000000
00000000
00000000
00000000
00000000
00000000
00000000
00000000
10000014
00000001
01000000
00000001
024c0000
00000c40
30000000
10000014
00000001
01040000
00000001
024c0c40
00000c40
30000000
10000014
00000001
01080000
00000001
024c1880
00000c40
30000000
10000014
00000001
010c0000
00000001
024c24c0
00000c40
30000000
10000014
00000001
01100000
00000001
024c3100
00000c40
30000000
10000014
00000001
01140000
00000001
024c3d40
00000c40
30000000
10000014
00000001
01180000
00000001
024c4980
00000c40
30000000
10000014
00000001
011c0000
00000001
024c55c0
00000c40
30000000
20000030
00000001
004c0000
00000000
00000008
00000007
0000000e
00000410
00000010
005a0000
00000100
00000000
00000000
40000000
20000030
00000001
004c0c40
00000000
00000008
00000007
0000000e
00000430
00000030
005a0020
00000100
00000000
00000000
40000000
20000030
00000001
004c1880
00000000
00000008
00000007
0000000e
00000450
00000050
005a0040
00000100
00000000
00000000
40000000
20000030
00000001
004c24c0
00000000
00000008
00000007
0000000e
00000470
00000070
005a0060
00000100
00000000
00000000
40000000
20000030
00000001
004c3100
00000000
00000008
00000007
0000000e
00000490
00000090
005a0080
00000100
00000000
00000000
40000000
20000030
00000001
004c3d40
00000000
00000008
00000007
0000000e
000004b0
000000b0
005a00a0
00000100
00000000
00000000
40000000
20000030
00000001
004c4980
00000000
00000008
00000007
0000000e
000004d0
000000d0
005a00c0
00000100
00000000
00000000
40000000
20000030
00000001
004c55c0
00000000
00000008
00000007
0000000e
000004f0
000000f0
005a00e0
00000100
00000000
00000000
40000000
22000030
00000007
0000a800
00000000
00000100
00000008
0000000e
00000000
00000000
004c0000
03031101
00000007
0000000e
40000000
10000014
00000001
024c0000
00000001
00009000
0006e400
30000000
10000014
00000001
024c0000
00000001
00089000
0006e400
30000000
10000014
00000001
024c0000
00000001
00109000
0006e400
30000000
10000014
00000001
024c0000
00000001
00189000
0006e400
30000000
10000014
00000001
024c0000
00000001
00209000
0006e400
30000000
10000014
00000001
024c0000
00000001
00289000
0006e400
30000000
10000014
00000001
024c0000
00000001
00309000
0006e400
30000000
10000014
00000001
024c0000
00000001
00389000
0006e400
30000000
90000060
00000062
00002407
000000ff
00000000
00000900
00000120
00000002
00000000
00000000
00000000
00000000
00000000
00000000
00000000
00000000
00000000
00000000
00000000
00000000
00000000
00000000
00000000
00000000
00000000
70000000
00000000
00000000
00000000
00000000
00000000
00000000
00000000
00000000
00000000
00000000
00000000
00000000
00000000
00000000
00000000
00000000
10000014
00000001
01000000
00000001
024c0000
00000c40
30000000
10000014
00000001
01040000
00000001
024c0c40
00000c40
30000000
10000014
00000001
01080000
00000001
024c1880
00000c40
30000000
10000014
00000001
010c0000
00000001
024c24c0
00000c40
30000000
10000014
00000001
01100000
00000001
024c3100
00000c40
30000000
10000014
00000001
01140000
00000001
024c3d40
00000c40
30000000
10000014
00000001
01180000
00000001
024c4980
00000c40
30000000
10000014
00000001
011c0000
00000001
024c55c0
00000c40
30000000
20000030
00000001
004c0000
00000000
00000008
00000007
0000000e
00000410
00000010
005b8800
00000100
00000000
00000000
40000000
20000030
00000001
004c0c40
00000000
00000008
00000007
0000000e
00000430
00000030
005b8820
00000100
00000000
00000000
40000000
20000030
00000001
004c1880
00000000
00000008
00000007
0000000e
00000450
00000050
005b8840
00000100
00000000
00000000
40000000
20000030
00000001
004c24c0
00000000
00000008
00000007
0000000e
00000470
00000070
005b8860
00000100
00000000
00000000
40000000
20000030
00000001
004c3100
00000000
00000008
00000007
0000000e
00000490
00000090
005b8880
00000100
00000000
00000000
40000000
20000030
00000001
004c3d40
00000000
00000008
00000007
0000000e
000004b0
000000b0
005b88a0
00000100
00000000
00000000
40000000
20000030
00000001
004c4980
00000000
00000008
00000007
0000000e
000004d0
000000d0
005b88c0
00000100
00000000
00000000
40000000
20000030
00000001
004c55c0
00000000
00000008
00000007
0000000e
000004f0
000000f0
005b88e0
00000100
00000000
00000000
40000000
10000014
00000001
027c9c30
00000001
03000000
00000810
30000000
10000014
00000000
00676000
00000001
00000000
00009000
30000000
10000014
00000000
0067f000
00000001
00080000
00009000
30000000
10000014
00000000
00688000
00000001
00100000
00009000
30000000
10000014
00000000
00691000
00000001
00180000
00009000
30000000
10000014
00000000
0069a000
00000001
00200000
00009000
30000000
10000014
00000000
006a3000
00000001
00280000
00009000
30000000
10000014
00000000
006ac000
00000001
00300000
00009000
30000000
10000014
00000000
006b5000
00000001
00380000
00009000
30000000
22000030
00000007
00000000
00000000
00000100
00000008
0000000e
00000000
00000000
004c0000
03031111
00000007
0000000e
40000000
10000014
00000001
024c0000
00000001
00009000
0006e400
30000000
10000014
00000001
024c0000
00000001
00089000
0006e400
30000000
10000014
00000001
024c0000
00000001
00109000
0006e400
30000000
10000014
00000001
024c0000
00000001
00189000
0006e400
30000000
10000014
00000001
024c0000
00000001
00209000
0006e400
30000000
10000014
00000001
024c0000
00000001
00289000
0006e400
30000000
10000014
00000001
024c0000
00000001
00309000
0006e400
30000000
10000014
00000001
024c0000
00000001
00389000
0006e400
30000000
90000060
00000062
00002407
000000ff
00000000
00000900
00000120
00000002
00000000
00000000
00000000
00000000
00000000
00000000
00000000
00000000
00000000
00000000
00000000
00000000
00000000
00000000
00000000
00000000
00000000
70000000
00000000
00000000
00000000
00000000
00000000
00000000
00000000
00000000
00000000
00000000
00000000
00000000
00000000
00000000
00000000
00000000
10000014
00000001
01000000
00000001
024c0000
00000c40
30000000
10000014
00000001
01040000
00000001
024c0c40
00000c40
30000000
10000014
00000001
01080000
00000001
024c1880
00000c40
30000000
10000014
00000001
010c0000
00000001
024c24c0
00000c40
30000000
10000014
00000001
01100000
00000001
024c3100
00000c40
30000000
10000014
00000001
01140000
00000001
024c3d40
00000c40
30000000
10000014
00000001
01180000
00000001
024c4980
00000c40
30000000
10000014
00000001
011c0000
00000001
024c55c0
00000c40
30000000
20000030
00000001
004c0000
00000000
00000008
00000007
0000000e
00000510
00000110
005a0100
00000100
00000000
00000000
40000000
20000030
00000001
004c0c40
00000000
00000008
00000007
0000000e
00000530
00000130
005a0120
00000100
00000000
00000000
40000000
20000030
00000001
004c1880
00000000
00000008
00000007
0000000e
00000550
00000150
005a0140
00000100
00000000
00000000
40000000
20000030
00000001
004c24c0
00000000
00000008
00000007
0000000e
00000570
00000170
005a0160
00000100
00000000
00000000
40000000
20000030
00000001
004c3100
00000000
00000008
00000007
0000000e
00000590
00000190
005a0180
00000100
00000000
00000000
40000000
20000030
00000001
004c3d40
00000000
00000008
00000007
0000000e
000005b0
000001b0
005a01a0
00000100
00000000
00000000
40000000
20000030
00000001
004c4980
00000000
00000008
00000007
0000000e
000005d0
000001d0
005a01c0
00000100
00000000
00000000
40000000
20000030
00000001
004c55c0
00000000
00000008
00000007
0000000e
000005f0
000001f0
005a01e0
00000100
00000000
00000000
40000000
22000030
00000007
0000a800
00000000
00000100
00000008
0000000e
00000000
00000000
004c0000
03031101
00000007
0000000e
40000000
10000014
00000001
024c0000
00000001
00009000
0006e400
30000000
10000014
00000001
024c0000
00000001
00089000
0006e400
30000000
10000014
00000001
024c0000
00000001
00109000
0006e400
30000000
10000014
00000001
024c0000
00000001
00189000
0006e400
30000000
10000014
00000001
024c0000
00000001
00209000
0006e400
30000000
10000014
00000001
024c0000
00000001
00289000
0006e400
30000000
10000014
00000001
024c0000
00000001
00309000
0006e400
30000000
10000014
00000001
024c0000
00000001
00389000
0006e400
30000000
90000060
00000062
00002407
000000ff
00000000
00000900
00000120
00000002
00000000
00000000
00000000
00000000
00000000
00000000
00000000
00000000
00000000
00000000
00000000
00000000
00000000
00000000
00000000
00000000
00000000
70000000
00000000
00000000
00000000
00000000
00000000
00000000
00000000
00000000
00000000
00000000
00000000
00000000
00000000
00000000
00000000
00000000
10000014
00000001
01000000
00000001
024c0000
00000c40
30000000
10000014
00000001
01040000
00000001
024c0c40
00000c40
30000000
10000014
00000001
01080000
00000001
024c1880
00000c40
30000000
10000014
00000001
010c0000
00000001
024c24c0
00000c40
30000000
10000014
00000001
01100000
00000001
024c3100
00000c40
30000000
10000014
00000001
01140000
00000001
024c3d40
00000c40
30000000
10000014
00000001
01180000
00000001
024c4980
00000c40
30000000
10000014
00000001
011c0000
00000001
024c55c0
00000c40
30000000
20000030
00000001
004c0000
00000000
00000008
00000007
0000000e
00000510
00000110
005b8900
00000100
00000000
00000000
40000000
20000030
00000001
004c0c40
00000000
00000008
00000007
0000000e
00000530
00000130
005b8920
00000100
00000000
00000000
40000000
20000030
00000001
004c1880
00000000
00000008
00000007
0000000e
00000550
00000150
005b8940
00000100
00000000
00000000
40000000
20000030
00000001
004c24c0
00000000
00000008
00000007
0000000e
00000570
00000170
005b8960
00000100
00000000
00000000
40000000
20000030
00000001
004c3100
00000000
00000008
00000007
0000000e
00000590
00000190
005b8980
00000100
00000000
00000000
40000000
20000030
00000001
004c3d40
00000000
00000008
00000007
0000000e
000005b0
000001b0
005b89a0
00000100
00000000
00000000
40000000
20000030
00000001
004c4980
00000000
00000008
00000007
0000000e
000005d0
000001d0
005b89c0
00000100
00000000
00000000
40000000
20000030
00000001
004c55c0
00000000
00000008
00000007
0000000e
000005f0
000001f0
005b89e0
00000100
00000000
00000000
40000000
10000014
00000001
027c9c30
00000001
03000000
00000810
30000000
10000014
00000000
006be000
00000001
00000000
00009000
30000000
10000014
00000000
006c7000
00000001
00080000
00009000
30000000
10000014
00000000
006d0000
00000001
00100000
00009000
30000000
10000014
00000000
006d9000
00000001
00180000
00009000
30000000
10000014
00000000
006e2000
00000001
00200000
00009000
30000000
10000014
00000000
006eb000
00000001
00280000
00009000
30000000
10000014
00000000
006f4000
00000001
00300000
00009000
30000000
10000014
00000000
006fd000
00000001
00380000
00009000
30000000
22000030
00000007
00000000
00000000
00000100
00000008
0000000e
00000000
00000000
004c0000
03031111
00000007
0000000e
40000000
10000014
00000001
024c0000
00000001
00009000
0006e400
30000000
10000014
00000001
024c0000
00000001
00089000
0006e400
30000000
10000014
00000001
024c0000
00000001
00109000
0006e400
30000000
10000014
00000001
024c0000
00000001
00189000
0006e400
30000000
10000014
00000001
024c0000
00000001
00209000
0006e400
30000000
10000014
00000001
024c0000
00000001
00289000
0006e400
30000000
10000014
00000001
024c0000
00000001
00309000
0006e400
30000000
10000014
00000001
024c0000
00000001
00389000
0006e400
30000000
90000060
00000062
00002407
000000ff
00000000
00000900
00000120
00000002
00000000
00000000
00000000
00000000
00000000
00000000
00000000
00000000
00000000
00000000
00000000
00000000
00000000
00000000
00000000
00000000
00000000
70000000
00000000
00000000
00000000
00000000
00000000
00000000
00000000
00000000
00000000
00000000
00000000
00000000
00000000
00000000
00000000
00000000
10000014
00000001
01000000
00000001
024c0000
00000c40
30000000
10000014
00000001
01040000
00000001
024c0c40
00000c40
30000000
10000014
00000001
01080000
00000001
024c1880
00000c40
30000000
10000014
00000001
010c0000
00000001
024c24c0
00000c40
30000000
10000014
00000001
01100000
00000001
024c3100
00000c40
30000000
10000014
00000001
01140000
00000001
024c3d40
00000c40
30000000
10000014
00000001
01180000
00000001
024c4980
00000c40
30000000
10000014
00000001
011c0000
00000001
024c55c0
00000c40
30000000
20000030
00000001
004c0000
00000000
00000008
00000007
0000000e
00000610
00000210
005a0200
00000100
00000000
00000000
40000000
20000030
00000001
004c0c40
00000000
00000008
00000007
0000000e
00000630
00000230
005a0220
00000100
00000000
00000000
40000000
20000030
00000001
004c1880
00000000
00000008
00000007
0000000e
00000650
00000250
005a0240
00000100
00000000
00000000
40000000
20000030
00000001
004c24c0
00000000
00000008
00000007
0000000e
00000670
00000270
005a0260
00000100
00000000
00000000
40000000
20000030
00000001
004c3100
00000000
00000008
00000007
0000000e
00000690
00000290
005a0280
00000100
00000000
00000000
40000000
20000030
00000001
004c3d40
00000000
00000008
00000007
0000000e
000006b0
000002b0
005a02a0
00000100
00000000
00000000
40000000
20000030
00000001
004c4980
00000000
00000008
00000007
0000000e
000006d0
000002d0
005a02c0
00000100
00000000
00000000
40000000
20000030
00000001
004c55c0
00000000
00000008
00000007
0000000e
000006f0
000002f0
005a02e0
00000100
00000000
00000000
40000000
22000030
00000007
0000a800
00000000
00000100
00000008
0000000e
00000000
00000000
004c0000
03031101
00000007
0000000e
40000000
10000014
00000001
024c0000
00000001
00009000
0006e400
30000000
10000014
00000001
024c0000
00000001
00089000
0006e400
30000000
10000014
00000001
024c0000
00000001
00109000
0006e400
30000000
10000014
00000001
024c0000
00000001
00189000
0006e400
30000000
10000014
00000001
024c0000
00000001
00209000
0006e400
30000000
10000014
00000001
024c0000
00000001
00289000
0006e400
30000000
10000014
00000001
024c0000
00000001
00309000
0006e400
30000000
10000014
00000001
024c0000
00000001
00389000
0006e400
30000000
90000060
00000062
00002407
000000ff
00000000
00000900
00000120
00000002
00000000
00000000
00000000
00000000
00000000
00000000
00000000
00000000
00000000
00000000
00000000
00000000
00000000
00000000
00000000
00000000
00000000
70000000
00000000
00000000
00000000
00000000
00000000
00000000
00000000
00000000
00000000
00000000
00000000
00000000
00000000
00000000
00000000
00000000
10000014
00000001
01000000
00000001
024c0000
00000c40
30000000
10000014
00000001
01040000
00000001
024c0c40
00000c40
30000000
10000014
00000001
01080000
00000001
024c1880
00000c40
30000000
10000014
00000001
010c0000
00000001
024c24c0
00000c40
30000000
10000014
00000001
01100000
00000001
024c3100
00000c40
30000000
10000014
00000001
01140000
00000001
024c3d40
00000c40
30000000
10000014
00000001
01180000
00000001
024c4980
00000c40
30000000
10000014
00000001
011c0000
00000001
024c55c0
00000c40
30000000
20000030
00000001
004c0000
00000000
00000008
00000007
0000000e
00000610
00000210
005b8a00
00000100
00000000
00000000
40000000
20000030
00000001
004c0c40
00000000
00000008
00000007
0000000e
00000630
00000230
005b8a20
00000100
00000000
00000000
40000000
20000030
00000001
004c1880
00000000
00000008
00000007
0000000e
00000650
00000250
005b8a40
00000100
00000000
00000000
40000000
20000030
00000001
004c24c0
00000000
00000008
00000007
0000000e
00000670
00000270
005b8a60
00000100
00000000
00000000
40000000
20000030
00000001
004c3100
00000000
00000008
00000007
0000000e
00000690
00000290
005b8a80
00000100
00000000
00000000
40000000
20000030
00000001
004c3d40
00000000
00000008
00000007
0000000e
000006b0
000002b0
005b8aa0
00000100
00000000
00000000
40000000
20000030
00000001
004c4980
00000000
00000008
00000007
0000000e
000006d0
000002d0
005b8ac0
00000100
00000000
00000000
40000000
20000030
00000001
004c55c0
00000000
00000008
00000007
0000000e
000006f0
000002f0
005b8ae0
00000100
00000000
00000000
40000000
10000014
00000001
027c9c30
00000001
03000000
00000810
30000000
10000014
00000000
00706000
00000001
00000000
00009000
30000000
10000014
00000000
0070f000
00000001
00080000
00009000
30000000
10000014
00000000
00718000
00000001
00100000
00009000
30000000
10000014
00000000
00721000
00000001
00180000
00009000
30000000
10000014
00000000
0072a000
00000001
00200000
00009000
30000000
10000014
00000000
00733000
00000001
00280000
00009000
30000000
10000014
00000000
0073c000
00000001
00300000
00009000
30000000
10000014
00000000
00745000
00000001
00380000
00009000
30000000
22000030
00000007
00000000
00000000
00000100
00000008
0000000e
00000000
00000000
004c0000
03031111
00000007
0000000e
40000000
10000014
00000001
024c0000
00000001
00009000
0006e400
30000000
10000014
00000001
024c0000
00000001
00089000
0006e400
30000000
10000014
00000001
024c0000
00000001
00109000
0006e400
30000000
10000014
00000001
024c0000
00000001
00189000
0006e400
30000000
10000014
00000001
024c0000
00000001
00209000
0006e400
30000000
10000014
00000001
024c0000
00000001
00289000
0006e400
30000000
10000014
00000001
024c0000
00000001
00309000
0006e400
30000000
10000014
00000001
024c0000
00000001
00389000
0006e400
30000000
90000060
00000062
00002407
000000ff
00000000
00000900
00000120
00000002
00000000
00000000
00000000
00000000
00000000
00000000
00000000
00000000
00000000
00000000
00000000
00000000
00000000
00000000
00000000
00000000
00000000
70000000
00000000
00000000
00000000
00000000
00000000
00000000
00000000
00000000
00000000
00000000
00000000
00000000
00000000
00000000
00000000
00000000
10000014
00000001
01000000
00000001
024c0000
00000c40
30000000
10000014
00000001
01040000
00000001
024c0c40
00000c40
30000000
10000014
00000001
01080000
00000001
024c1880
00000c40
30000000
10000014
00000001
010c0000
00000001
024c24c0
00000c40
30000000
10000014
00000001
01100000
00000001
024c3100
00000c40
30000000
10000014
00000001
01140000
00000001
024c3d40
00000c40
30000000
10000014
00000001
01180000
00000001
024c4980
00000c40
30000000
10000014
00000001
011c0000
00000001
024c55c0
00000c40
30000000
20000030
00000001
004c0000
00000000
00000008
00000007
0000000e
00000710
00000310
005a0300
00000100
00000000
00000000
40000000
20000030
00000001
004c0c40
00000000
00000008
00000007
0000000e
00000730
00000330
005a0320
00000100
00000000
00000000
40000000
20000030
00000001
004c1880
00000000
00000008
00000007
0000000e
00000750
00000350
005a0340
00000100
00000000
00000000
40000000
20000030
00000001
004c24c0
00000000
00000008
00000007
0000000e
00000770
00000370
005a0360
00000100
00000000
00000000
40000000
20000030
00000001
004c3100
00000000
00000008
00000007
0000000e
00000790
00000390
005a0380
00000100
00000000
00000000
40000000
20000030
00000001
004c3d40
00000000
00000008
00000007
0000000e
000007b0
000003b0
005a03a0
00000100
00000000
00000000
40000000
20000030
00000001
004c4980
00000000
00000008
00000007
0000000e
000007d0
000003d0
005a03c0
00000100
00000000
00000000
40000000
20000030
00000001
004c55c0
00000000
00000008
00000007
0000000e
000007f0
000003f0
005a03e0
00000100
00000000
00000000
40000000
22000030
00000007
0000a800
00000000
00000100
00000008
0000000e
00000000
00000000
004c0000
03031101
00000007
0000000e
40000000
10000014
00000001
024c0000
00000001
00009000
0006e400
30000000
10000014
00000001
024c0000
00000001
00089000
0006e400
30000000
10000014
00000001
024c0000
00000001
00109000
0006e400
30000000
10000014
00000001
024c0000
00000001
00189000
0006e400
30000000
10000014
00000001
024c0000
00000001
00209000
0006e400
30000000
10000014
00000001
024c0000
00000001
00289000
0006e400
30000000
10000014
00000001
024c0000
00000001
00309000
0006e400
30000000
10000014
00000001
024c0000
00000001
00389000
0006e400
30000000
90000060
00000062
00002407
000000ff
00000000
00000900
00000120
00000002
00000000
00000000
00000000
00000000
00000000
00000000
00000000
00000000
00000000
00000000
00000000
00000000
00000000
00000000
00000000
00000000
00000000
70000000
00000000
00000000
00000000
00000000
00000000
00000000
00000000
00000000
00000000
00000000
00000000
00000000
00000000
00000000
00000000
00000000
10000014
00000001
01000000
00000001
024c0000
00000c40
30000000
10000014
00000001
01040000
00000001
024c0c40
00000c40
30000000
10000014
00000001
01080000
00000001
024c1880
00000c40
30000000
10000014
00000001
010c0000
00000001
024c24c0
00000c40
30000000
10000014
00000001
01100000
00000001
024c3100
00000c40
30000000
10000014
00000001
01140000
00000001
024c3d40
00000c40
30000000
10000014
00000001
01180000
00000001
024c4980
00000c40
30000000
10000014
00000001
011c0000
00000001
024c55c0
00000c40
30000000
20000030
00000001
004c0000
00000000
00000008
00000007
0000000e
00000710
00000310
005b8b00
00000100
00000000
00000000
40000000
20000030
00000001
004c0c40
00000000
00000008
00000007
0000000e
00000730
00000330
005b8b20
00000100
00000000
00000000
40000000
20000030
00000001
004c1880
00000000
00000008
00000007
0000000e
00000750
00000350
005b8b40
00000100
00000000
00000000
40000000
20000030
00000001
004c24c0
00000000
00000008
00000007
0000000e
00000770
00000370
005b8b60
00000100
00000000
00000000
40000000
20000030
00000001
004c3100
00000000
00000008
00000007
0000000e
00000790
00000390
005b8b80
00000100
00000000
00000000
40000000
20000030
00000001
004c3d40
00000000
00000008
00000007
0000000e
000007b0
000003b0
005b8ba0
00000100
00000000
00000000
40000000
20000030
00000001
004c4980
00000000
00000008
00000007
0000000e
000007d0
000003d0
005b8bc0
00000100
00000000
00000000
40000000
20000030
00000001
004c55c0
00000000
00000008
00000007
0000000e
000007f0
000003f0
005b8be0
00000100
00000000
00000000
40000000
10000014
00000001
027c9420
00000001
03000000
00000810
30000000
22000030
00000003
005a0000
00000000
00000100
0000000e
0000000e
00000000
00000000
005d1000
00000000
00000000
00000000
40000000
26000030
00000001
005d1000
00000000
00000100
0000000e
0000000e
00000410
00000010
005a0000
00000000
00000000
00000000
40000000
10000014
00000001
027ca440
00000001
03000000
00000810
30000000
20000030
00000006
005a0000
001a0000
00000100
0000000e
0000000e
00000000
00000000
00000000
00000001
00000000
00000000
40000000
22000030
00000003
00000000
00000000
00000100
0000000e
0000000e
00000000
00000000
005d1000
00000000
00000000
00000000
40000000
26000030
00000001
005d1000
00000000
00000100
0000000e
0000000e
00000410
00000010
00000000
00000000
00000000
00000000
40000000
10000014
00000001
027cbc60
00000001
03000000
00001010
30000000
10000014
00000000
0074e000
00000001
00000000
00009000
30000000
10000014
00000000
00757000
00000001
00080000
00009000
30000000
10000014
00000000
00760000
00000001
00100000
00009000
30000000
10000014
00000000
00769000
00000001
00180000
00009000
30000000
10000014
00000000
00772000
00000001
00200000
00009000
30000000
10000014
00000000
0077b000
00000001
00280000
00009000
30000000
10000014
00000000
00784000
00000001
00300000
00009000
30000000
10000014
00000000
0078d000
00000001
00380000
00009000
30000000
22000030
00000003
00000000
00000000
00000100
0000000e
0000000e
00000000
00000000
005a0000
00000000
00000000
00000000
40000000
22000030
00000007
005a0000
00000000
00000100
0000000e
0000000e
00000000
00000000
004c0000
03032211
00000007
00000007
40000000
10000014
00000001
024c0000
00000001
00009000
00037200
30000000
10000014
00000001
024c0000
00000001
00089000
00037200
30000000
10000014
00000001
024c0000
00000001
00109000
00037200
30000000
10000014
00000001
024c0000
00000001
00189000
00037200
30000000
10000014
00000001
024c0000
00000001
00209000
00037200
30000000
10000014
00000001
024c0000
00000001
00289000
00037200
30000000
10000014
00000001
024c0000
00000001
00309000
00037200
30000000
10000014
00000001
024c0000
00000001
00389000
00037200
30000000
90000060
00000031
00002407
000000ff
00000000
00000900
00000120
00000002
00000000
00000000
00000000
00000000
00000000
00000000
00000000
00000000
00000000
00000000
00000000
00000000
00000000
00000000
00000000
00000000
00000000
70000000
00000000
00000000
00000000
00000000
00000000
00000000
00000000
00000000
00000000
00000000
00000000
00000000
00000000
00000000
00000000
00000000
10000014
00000001
01000000
00000001
024c0000
00000620
30000000
10000014
00000001
01040000
00000001
024c0620
00000620
30000000
10000014
00000001
01080000
00000001
024c0c40
00000620
30000000
10000014
00000001
010c0000
00000001
024c1260
00000620
30000000
10000014
00000001
01100000
00000001
024c1880
00000620
30000000
10000014
00000001
01140000
00000001
024c1ea0
00000620
30000000
10000014
00000001
01180000
00000001
024c24c0
00000620
30000000
10000014
00000001
011c0000
00000001
024c2ae0
00000620
30000000
21000030
00000001
004c0000
00000000
00000008
00000007
00000007
00000810
00000010
001a0000
00000200
00000000
00000000
40000000
21000030
00000001
004c0620
00000000
00000008
00000007
00000007
00000830
00000030
001a0020
00000200
00000000
00000000
40000000
21000030
00000001
004c0c40
00000000
00000008
00000007
00000007
00000850
00000050
001a0040
00000200
00000000
00000000
40000000
21000030
00000001
004c1260
00000000
00000008
00000007
00000007
00000870
00000070
001a0060
00000200
00000000
00000000
40000000
21000030
00000001
004c1880
00000000
00000008
00000007
00000007
00000890
00000090
001a0080
00000200
00000000
00000000
40000000
21000030
00000001
004c1ea0
00000000
00000008
00000007
00000007
000008b0
000000b0
001a00a0
00000200
00000000
00000000
40000000
21000030
00000001
004c24c0
00000000
00000008
00000007
00000007
000008d0
000000d0
001a00c0
00000200
00000000
00000000
40000000
21000030
00000001
004c2ae0
00000000
00000008
00000007
00000007
000008f0
000000f0
001a00e0
00000200
00000000
00000000
40000000
10000014
00000001
027cbc60
00000001
03000000
00001010
30000000
10000014
00000000
00796000
00000001
00000000
00009000
30000000
10000014
00000000
0079f000
00000001
00080000
00009000
30000000
f0000000
