10000014
00000000
007a8000
00000001
00100000
00009000
30000000
10000014
00000000
007b1000
00000001
00180000
00009000
30000000
10000014
00000000
007ba000
00000001
00200000
00009000
30000000
10000014
00000000
007c3000
00000001
00280000
00009000
30000000
10000014
00000000
007cc000
00000001
00300000
00009000
30000000
10000014
00000000
007d5000
00000001
00380000
00009000
30000000
22000030
00000007
005a0000
00000000
00000100
0000000e
0000000e
00000000
00000000
004c0000
03032211
00000007
00000007
40000000
10000014
00000001
024c0000
00000001
00009000
00037200
30000000
10000014
00000001
024c0000
00000001
00089000
00037200
30000000
10000014
00000001
024c0000
00000001
00109000
00037200
30000000
10000014
00000001
024c0000
00000001
00189000
00037200
30000000
10000014
00000001
024c0000
00000001
00209000
00037200
30000000
10000014
00000001
024c0000
00000001
00289000
00037200
30000000
10000014
00000001
024c0000
00000001
00309000
00037200
30000000
10000014
00000001
024c0000
00000001
00389000
00037200
30000000
90000060
00000031
00002407
000000ff
00000000
00000900
00000120
00000002
00000000
00000000
00000000
00000000
00000000
00000000
00000000
00000000
00000000
00000000
00000000
00000000
00000000
00000000
00000000
00000000
00000000
70000000
00000000
00000000
00000000
00000000
00000000
00000000
00000000
00000000
00000000
00000000
00000000
00000000
00000000
00000000
00000000
00000000
10000014
00000001
01000000
00000001
024c0000
00000620
30000000
10000014
00000001
01040000
00000001
024c0620
00000620
30000000
10000014
00000001
01080000
00000001
024c0c40
00000620
30000000
10000014
00000001
010c0000
00000001
024c1260
00000620
30000000
10000014
00000001
01100000
00000001
024c1880
00000620
30000000
10000014
00000001
01140000
00000001
024c1ea0
00000620
30000000
10000014
00000001
01180000
00000001
024c24c0
00000620
30000000
10000014
00000001
011c0000
00000001
024c2ae0
00000620
30000000
21000030
00000001
004c0000
00000000
00000008
00000007
00000007
00000910
00000110
001a0100
00000200
00000000
00000000
40000000
21000030
00000001
004c0620
00000000
00000008
00000007
00000007
00000930
00000130
001a0120
00000200
00000000
00000000
40000000
21000030
00000001
004c0c40
00000000
00000008
00000007
00000007
00000950
00000150
001a0140
00000200
00000000
00000000
40000000
21000030
00000001
004c1260
00000000
00000008
00000007
00000007
00000970
00000170
001a0160
00000200
00000000
00000000
40000000
21000030
00000001
004c1880
00000000
00000008
00000007
00000007
00000990
00000190
001a0180
00000200
00000000
00000000
40000000
21000030
00000001
004c1ea0
00000000
00000008
00000007
00000007
000009b0
000001b0
001a01a0
00000200
00000000
00000000
40000000
21000030
00000001
004c24c0
00000000
00000008
00000007
00000007
000009d0
000001d0
001a01c0
00000200
00000000
00000000
40000000
21000030
00000001
004c2ae0
00000000
00000008
00000007
00000007
000009f0
000001f0
001a01e0
00000200
00000000
00000000
40000000
10000014
00000001
027cbc60
00000001
03000000
00001010
30000000
10000014
00000000
007de000
00000001
00000000
00009000
30000000
10000014
00000000
007e7000
00000001
00080000
00009000
30000000
10000014
00000000
007f0000
00000001
00100000
00009000
30000000
10000014
00000000
007f9000
00000001
00180000
00009000
30000000
10000014
00000000
00802000
00000001
00200000
00009000
30000000
10000014
00000000
0080b000
00000001
00280000
00009000
30000000
10000014
00000000
00814000
00000001
00300000
00009000
30000000
10000014
00000000
0081d000
00000001
00380000
00009000
30000000
22000030
00000007
005a0000
00000000
00000100
0000000e
0000000e
00000000
00000000
004c0000
03032211
00000007
00000007
40000000
10000014
00000001
024c0000
00000001
00009000
00037200
30000000
10000014
00000001
024c0000
00000001
00089000
00037200
30000000
10000014
00000001
024c0000
00000001
00109000
00037200
30000000
10000014
00000001
024c0000
00000001
00189000
00037200
30000000
10000014
00000001
024c0000
00000001
00209000
00037200
30000000
10000014
00000001
024c0000
00000001
00289000
00037200
30000000
10000014
00000001
024c0000
00000001
00309000
00037200
30000000
10000014
00000001
024c0000
00000001
00389000
00037200
30000000
90000060
00000031
00002407
000000ff
00000000
00000900
00000120
00000002
00000000
00000000
00000000
00000000
00000000
00000000
00000000
00000000
00000000
00000000
00000000
00000000
00000000
00000000
00000000
00000000
00000000
70000000
00000000
00000000
00000000
00000000
00000000
00000000
00000000
00000000
00000000
00000000
00000000
00000000
00000000
00000000
00000000
00000000
10000014
00000001
01000000
00000001
024c0000
00000620
30000000
10000014
00000001
01040000
00000001
024c0620
00000620
30000000
10000014
00000001
01080000
00000001
024c0c40
00000620
30000000
10000014
00000001
010c0000
00000001
024c1260
00000620
30000000
10000014
00000001
01100000
00000001
024c1880
00000620
30000000
10000014
00000001
01140000
00000001
024c1ea0
00000620
30000000
10000014
00000001
01180000
00000001
024c24c0
00000620
30000000
10000014
00000001
011c0000
00000001
024c2ae0
00000620
30000000
21000030
00000001
004c0000
00000000
00000008
00000007
00000007
00000a10
00000210
001a0200
00000200
00000000
00000000
40000000
21000030
00000001
004c0620
00000000
00000008
00000007
00000007
00000a30
00000230
001a0220
00000200
00000000
00000000
40000000
21000030
00000001
004c0c40
00000000
00000008
00000007
00000007
00000a50
00000250
001a0240
00000200
00000000
00000000
40000000
21000030
00000001
004c1260
00000000
00000008
00000007
00000007
00000a70
00000270
001a0260
00000200
00000000
00000000
40000000
21000030
00000001
004c1880
00000000
00000008
00000007
00000007
00000a90
00000290
001a0280
00000200
00000000
00000000
40000000
21000030
00000001
004c1ea0
00000000
00000008
00000007
00000007
00000ab0
000002b0
001a02a0
00000200
00000000
00000000
40000000
21000030
00000001
004c24c0
00000000
00000008
00000007
00000007
00000ad0
000002d0
001a02c0
00000200
00000000
00000000
40000000
21000030
00000001
004c2ae0
00000000
00000008
00000007
00000007
00000af0
000002f0
001a02e0
00000200
00000000
00000000
40000000
10000014
00000001
027cbc60
00000001
03000000
00001010
30000000
10000014
00000000
00826000
00000001
00000000
00009000
30000000
10000014
00000000
0082f000
00000001
00080000
00009000
30000000
10000014
00000000
00838000
00000001
00100000
00009000
30000000
10000014
00000000
00841000
00000001
00180000
00009000
30000000
10000014
00000000
0084a000
00000001
00200000
00009000
30000000
10000014
00000000
00853000
00000001
00280000
00009000
30000000
10000014
00000000
0085c000
00000001
00300000
00009000
30000000
10000014
00000000
00865000
00000001
00380000
00009000
30000000
22000030
00000007
005a0000
00000000
00000100
0000000e
0000000e
00000000
00000000
004c0000
03032211
00000007
00000007
40000000
10000014
00000001
024c0000
00000001
00009000
00037200
30000000
10000014
00000001
024c0000
00000001
00089000
00037200
30000000
10000014
00000001
024c0000
00000001
00109000
00037200
30000000
10000014
00000001
024c0000
00000001
00189000
00037200
30000000
10000014
00000001
024c0000
00000001
00209000
00037200
30000000
10000014
00000001
024c0000
00000001
00289000
00037200
30000000
10000014
00000001
024c0000
00000001
00309000
00037200
30000000
10000014
00000001
024c0000
00000001
00389000
00037200
30000000
90000060
00000031
00002407
000000ff
00000000
00000900
00000120
00000002
00000000
00000000
00000000
00000000
00000000
00000000
00000000
00000000
00000000
00000000
00000000
00000000
00000000
00000000
00000000
00000000
00000000
70000000
00000000
00000000
00000000
00000000
00000000
00000000
00000000
00000000
00000000
00000000
00000000
00000000
00000000
00000000
00000000
00000000
10000014
00000001
01000000
00000001
024c0000
00000620
30000000
10000014
00000001
01040000
00000001
024c0620
00000620
30000000
10000014
00000001
01080000
00000001
024c0c40
00000620
30000000
10000014
00000001
010c0000
00000001
024c1260
00000620
30000000
10000014
00000001
01100000
00000001
024c1880
00000620
30000000
10000014
00000001
01140000
00000001
024c1ea0
00000620
30000000
10000014
00000001
01180000
00000001
024c24c0
00000620
30000000
10000014
00000001
011c0000
00000001
024c2ae0
00000620
30000000
21000030
00000001
004c0000
00000000
00000008
00000007
00000007
00000b10
00000310
001a0300
00000200
00000000
00000000
40000000
21000030
00000001
004c0620
00000000
00000008
00000007
00000007
00000b30
00000330
001a0320
00000200
00000000
00000000
40000000
21000030
00000001
004c0c40
00000000
00000008
00000007
00000007
00000b50
00000350
001a0340
00000200
00000000
00000000
40000000
21000030
00000001
004c1260
00000000
00000008
00000007
00000007
00000b70
00000370
001a0360
00000200
00000000
00000000
40000000
21000030
00000001
004c1880
00000000
00000008
00000007
00000007
00000b90
00000390
001a0380
00000200
00000000
00000000
40000000
21000030
00000001
004c1ea0
00000000
00000008
00000007
00000007
00000bb0
000003b0
001a03a0
00000200
00000000
00000000
40000000
21000030
00000001
004c24c0
00000000
00000008
00000007
00000007
00000bd0
000003d0
001a03c0
00000200
00000000
00000000
40000000
21000030
00000001
004c2ae0
00000000
00000008
00000007
00000007
00000bf0
000003f0
001a03e0
00000200
00000000
00000000
40000000
10000014
00000001
027cbc60
00000001
03000000
00001010
30000000
10000014
00000000
0086e000
00000001
00000000
00009000
30000000
10000014
00000000
00877000
00000001
00080000
00009000
30000000
10000014
00000000
00880000
00000001
00100000
00009000
30000000
10000014
00000000
00889000
00000001
00180000
00009000
30000000
10000014
00000000
00892000
00000001
00200000
00009000
30000000
10000014
00000000
0089b000
00000001
00280000
00009000
30000000
10000014
00000000
008a4000
00000001
00300000
00009000
30000000
10000014
00000000
008ad000
00000001
00380000
00009000
30000000
22000030
00000007
005a0000
00000000
00000100
0000000e
0000000e
00000000
00000000
004c0000
03032211
00000007
00000007
40000000
10000014
00000001
024c0000
00000001
00009000
00037200
30000000
10000014
00000001
024c0000
00000001
00089000
00037200
30000000
10000014
00000001
024c0000
00000001
00109000
00037200
30000000
10000014
00000001
024c0000
00000001
00189000
00037200
30000000
10000014
00000001
024c0000
00000001
00209000
00037200
30000000
10000014
00000001
024c0000
00000001
00289000
00037200
30000000
10000014
00000001
024c0000
00000001
00309000
00037200
30000000
10000014
00000001
024c0000
00000001
00389000
00037200
30000000
90000060
00000031
00002407
000000ff
00000000
00000900
00000120
00000002
00000000
00000000
00000000
00000000
00000000
00000000
00000000
00000000
00000000
00000000
00000000
00000000
00000000
00000000
00000000
00000000
00000000
70000000
00000000
00000000
00000000
00000000
00000000
00000000
00000000
00000000
00000000
00000000
00000000
00000000
00000000
00000000
00000000
00000000
10000014
00000001
01000000
00000001
024c0000
00000620
30000000
10000014
00000001
01040000
00000001
024c0620
00000620
30000000
10000014
00000001
01080000
00000001
024c0c40
00000620
30000000
10000014
00000001
010c0000
00000001
024c1260
00000620
30000000
10000014
00000001
01100000
00000001
024c1880
00000620
30000000
10000014
00000001
01140000
00000001
024c1ea0
00000620
30000000
10000014
00000001
01180000
00000001
024c24c0
00000620
30000000
10000014
00000001
011c0000
00000001
024c2ae0
00000620
30000000
21000030
00000001
004c0000
00000000
00000008
00000007
00000007
00000c10
00000410
001a0400
00000200
00000000
00000000
40000000
21000030
00000001
004c0620
00000000
00000008
00000007
00000007
00000c30
00000430
001a0420
00000200
00000000
00000000
40000000
21000030
00000001
004c0c40
00000000
00000008
00000007
00000007
00000c50
00000450
001a0440
00000200
00000000
00000000
40000000
21000030
00000001
004c1260
00000000
00000008
00000007
00000007
00000c70
00000470
001a0460
00000200
00000000
00000000
40000000
21000030
00000001
004c1880
00000000
00000008
00000007
00000007
00000c90
00000490
001a0480
00000200
00000000
00000000
40000000
21000030
00000001
004c1ea0
00000000
00000008
00000007
00000007
00000cb0
000004b0
001a04a0
00000200
00000000
00000000
40000000
21000030
00000001
004c24c0
00000000
00000008
00000007
00000007
00000cd0
000004d0
001a04c0
00000200
00000000
00000000
40000000
21000030
00000001
004c2ae0
00000000
00000008
00000007
00000007
00000cf0
000004f0
001a04e0
00000200
00000000
00000000
40000000
10000014
00000001
027cbc60
00000001
03000000
00001010
30000000
10000014
00000000
008b6000
00000001
00000000
00009000
30000000
10000014
00000000
008bf000
00000001
00080000
00009000
30000000
10000014
00000000
008c8000
00000001
00100000
00009000
30000000
10000014
00000000
008d1000
00000001
00180000
00009000
30000000
10000014
00000000
008da000
00000001
00200000
00009000
30000000
10000014
00000000
008e3000
00000001
00280000
00009000
30000000
10000014
00000000
008ec000
00000001
00300000
00009000
30000000
10000014
00000000
008f5000
00000001
00380000
00009000
30000000
22000030
00000007
005a0000
00000000
00000100
0000000e
0000000e
00000000
00000000
004c0000
03032211
00000007
00000007
40000000
10000014
00000001
024c0000
00000001
00009000
00037200
30000000
10000014
00000001
024c0000
00000001
00089000
00037200
30000000
10000014
00000001
024c0000
00000001
00109000
00037200
30000000
10000014
00000001
024c0000
00000001
00189000
00037200
30000000
10000014
00000001
024c0000
00000001
00209000
00037200
30000000
10000014
00000001
024c0000
00000001
00289000
00037200
30000000
10000014
00000001
024c0000
00000001
00309000
00037200
30000000
10000014
00000001
024c0000
00000001
00389000
00037200
30000000
90000060
00000031
00002407
000000ff
00000000
00000900
00000120
00000002
00000000
00000000
00000000
00000000
00000000
00000000
00000000
00000000
00000000
00000000
00000000
00000000
00000000
00000000
00000000
00000000
00000000
70000000
00000000
00000000
00000000
00000000
00000000
00000000
00000000
00000000
00000000
00000000
00000000
00000000
00000000
00000000
00000000
00000000
10000014
00000001
01000000
00000001
024c0000
00000620
30000000
10000014
00000001
01040000
00000001
024c0620
00000620
30000000
10000014
00000001
01080000
00000001
024c0c40
00000620
30000000
10000014
00000001
010c0000
00000001
024c1260
00000620
30000000
10000014
00000001
01100000
00000001
024c1880
00000620
30000000
10000014
00000001
01140000
00000001
024c1ea0
00000620
30000000
10000014
00000001
01180000
00000001
024c24c0
00000620
30000000
10000014
00000001
011c0000
00000001
024c2ae0
00000620
30000000
21000030
00000001
004c0000
00000000
00000008
00000007
00000007
00000d10
00000510
001a0500
00000200
00000000
00000000
40000000
21000030
00000001
004c0620
00000000
00000008
00000007
00000007
00000d30
00000530
001a0520
00000200
00000000
00000000
40000000
21000030
00000001
004c0c40
00000000
00000008
00000007
00000007
00000d50
00000550
001a0540
00000200
00000000
00000000
40000000
21000030
00000001
004c1260
00000000
00000008
00000007
00000007
00000d70
00000570
001a0560
00000200
00000000
00000000
40000000
21000030
00000001
004c1880
00000000
00000008
00000007
00000007
00000d90
00000590
001a0580
00000200
00000000
00000000
40000000
21000030
00000001
004c1ea0
00000000
00000008
00000007
00000007
00000db0
000005b0
001a05a0
00000200
00000000
00000000
40000000
21000030
00000001
004c24c0
00000000
00000008
00000007
00000007
00000dd0
000005d0
001a05c0
00000200
00000000
00000000
40000000
21000030
00000001
004c2ae0
00000000
00000008
00000007
00000007
00000df0
000005f0
001a05e0
00000200
00000000
00000000
40000000
10000014
00000001
027cbc60
00000001
03000000
00001010
30000000
10000014
00000000
008fe000
00000001
00000000
00009000
30000000
10000014
00000000
00907000
00000001
00080000
00009000
30000000
10000014
00000000
00910000
00000001
00100000
00009000
30000000
10000014
00000000
00919000
00000001
00180000
00009000
30000000
10000014
00000000
00922000
00000001
00200000
00009000
30000000
10000014
00000000
0092b000
00000001
00280000
00009000
30000000
10000014
00000000
00934000
00000001
00300000
00009000
30000000
10000014
00000000
0093d000
00000001
00380000
00009000
30000000
22000030
00000007
005a0000
00000000
00000100
0000000e
0000000e
00000000
00000000
004c0000
03032211
00000007
00000007
40000000
10000014
00000001
024c0000
00000001
00009000
00037200
30000000
10000014
00000001
024c0000
00000001
00089000
00037200
30000000
10000014
00000001
024c0000
00000001
00109000
00037200
30000000
10000014
00000001
024c0000
00000001
00189000
00037200
30000000
10000014
00000001
024c0000
00000001
00209000
00037200
30000000
10000014
00000001
024c0000
00000001
00289000
00037200
30000000
10000014
00000001
024c0000
00000001
00309000
00037200
30000000
10000014
00000001
024c0000
00000001
00389000
00037200
30000000
90000060
00000031
00002407
000000ff
00000000
00000900
00000120
00000002
00000000
00000000
00000000
00000000
00000000
00000000
00000000
00000000
00000000
00000000
00000000
00000000
00000000
00000000
00000000
00000000
00000000
70000000
00000000
00000000
00000000
00000000
00000000
00000000
00000000
00000000
00000000
00000000
00000000
00000000
00000000
00000000
00000000
00000000
10000014
00000001
01000000
00000001
024c0000
00000620
30000000
10000014
00000001
01040000
00000001
024c0620
00000620
30000000
10000014
00000001
01080000
00000001
024c0c40
00000620
30000000
10000014
00000001
010c0000
00000001
024c1260
00000620
30000000
10000014
00000001
01100000
00000001
024c1880
00000620
30000000
10000014
00000001
01140000
00000001
024c1ea0
00000620
30000000
10000014
00000001
01180000
00000001
024c24c0
00000620
30000000
10000014
00000001
011c0000
00000001
024c2ae0
00000620
30000000
21000030
00000001
004c0000
00000000
00000008
00000007
00000007
00000e10
00000610
001a0600
00000200
00000000
00000000
40000000
21000030
00000001
004c0620
00000000
00000008
00000007
00000007
00000e30
00000630
001a0620
00000200
00000000
00000000
40000000
21000030
00000001
004c0c40
00000000
00000008
00000007
00000007
00000e50
00000650
001a0640
00000200
00000000
00000000
40000000
21000030
00000001
004c1260
00000000
00000008
00000007
00000007
00000e70
00000670
001a0660
00000200
00000000
00000000
40000000
21000030
00000001
004c1880
00000000
00000008
00000007
00000007
00000e90
00000690
001a0680
00000200
00000000
00000000
40000000
21000030
00000001
004c1ea0
00000000
00000008
00000007
00000007
00000eb0
000006b0
001a06a0
00000200
00000000
00000000
40000000
21000030
00000001
004c24c0
00000000
00000008
00000007
00000007
00000ed0
000006d0
001a06c0
00000200
00000000
00000000
40000000
21000030
00000001
004c2ae0
00000000
00000008
00000007
00000007
00000ef0
000006f0
001a06e0
00000200
00000000
00000000
40000000
10000014
00000001
027cbc60
00000001
03000000
00001010
30000000
10000014
00000000
00946000
00000001
00000000
00009000
30000000
10000014
00000000
0094f000
00000001
00080000
00009000
30000000
10000014
00000000
00958000
00000001
00100000
00009000
30000000
10000014
00000000
00961000
00000001
00180000
00009000
30000000
10000014
00000000
0096a000
00000001
00200000
00009000
30000000
10000014
00000000
00973000
00000001
00280000
00009000
30000000
10000014
00000000
0097c000
00000001
00300000
00009000
30000000
10000014
00000000
00985000
00000001
00380000
00009000
30000000
22000030
00000007
005a0000
00000000
00000100
0000000e
0000000e
00000000
00000000
004c0000
03032211
00000007
00000007
40000000
10000014
00000001
024c0000
00000001
00009000
00037200
30000000
10000014
00000001
024c0000
00000001
00089000
00037200
30000000
10000014
00000001
024c0000
00000001
00109000
00037200
30000000
10000014
00000001
024c0000
00000001
00189000
00037200
30000000
10000014
00000001
024c0000
00000001
00209000
00037200
30000000
10000014
00000001
024c0000
00000001
00289000
00037200
30000000
10000014
00000001
024c0000
00000001
00309000
00037200
30000000
10000014
00000001
024c0000
00000001
00389000
00037200
30000000
90000060
00000031
00002407
000000ff
00000000
00000900
00000120
00000002
00000000
00000000
00000000
00000000
00000000
00000000
00000000
00000000
00000000
00000000
00000000
00000000
00000000
00000000
00000000
00000000
00000000
70000000
00000000
00000000
00000000
00000000
00000000
00000000
00000000
00000000
00000000
00000000
00000000
00000000
00000000
00000000
00000000
00000000
10000014
00000001
01000000
00000001
024c0000
00000620
30000000
10000014
00000001
01040000
00000001
024c0620
00000620
30000000
10000014
00000001
01080000
00000001
024c0c40
00000620
30000000
10000014
00000001
010c0000
00000001
024c1260
00000620
30000000
10000014
00000001
01100000
00000001
024c1880
00000620
30000000
10000014
00000001
01140000
00000001
024c1ea0
00000620
30000000
10000014
00000001
01180000
00000001
024c24c0
00000620
30000000
10000014
00000001
011c0000
00000001
024c2ae0
00000620
30000000
21000030
00000001
004c0000
00000000
00000008
00000007
00000007
00000f10
00000710
001a0700
00000200
00000000
00000000
40000000
21000030
00000001
004c0620
00000000
00000008
00000007
00000007
00000f30
00000730
001a0720
00000200
00000000
00000000
40000000
21000030
00000001
004c0c40
00000000
00000008
00000007
00000007
00000f50
00000750
001a0740
00000200
00000000
00000000
40000000
21000030
00000001
004c1260
00000000
00000008
00000007
00000007
00000f70
00000770
001a0760
00000200
00000000
00000000
40000000
21000030
00000001
004c1880
00000000
00000008
00000007
00000007
00000f90
00000790
001a0780
00000200
00000000
00000000
40000000
21000030
00000001
004c1ea0
00000000
00000008
00000007
00000007
00000fb0
000007b0
001a07a0
00000200
00000000
00000000
40000000
21000030
00000001
004c24c0
00000000
00000008
00000007
00000007
00000fd0
000007d0
001a07c0
00000200
00000000
00000000
40000000
21000030
00000001
004c2ae0
00000000
00000008
00000007
00000007
00000ff0
000007f0
001a07e0
00000200
00000000
00000000
40000000
10000014
00000001
027cac50
00000001
03000000
00001010
30000000
22000030
00000003
001a0000
00000000
00000200
00000007
00000007
00000000
00000000
005a0000
00000000
00000000
00000000
40000000
26000030
00000001
005a0000
00000000
00000200
00000007
00000007
00000810
00000010
001a0000
00000000
00000000
00000000
40000000
10000014
00000001
027cdc80
00000001
03000000
00001010
30000000
10000014
00000000
0098e000
00000001
00000000
00012000
30000000
10000014
00000000
009a0000
00000001
00080000
00012000
30000000
10000014
00000000
009b2000
00000001
00100000
00012000
30000000
10000014
00000000
009c4000
00000001
00180000
00012000
30000000
10000014
00000000
009d6000
00000001
00200000
00012000
30000000
10000014
00000000
009e8000
00000001
00280000
00012000
30000000
10000014
00000000
009fa000
00000001
00300000
00012000
30000000
10000014
00000000
00a0c000
00000001
00380000
00012000
30000000
22000030
00000003
001a0000
00000000
00000200
00000007
00000007
00000000
00000000
001a0000
00000000
00000000
00000000
40000000
22000030
00000007
001a0000
00000000
00000200
00000007
00000007
00000000
00000000
004c0000
03031111
00000006
00000007
40000000
10000014
00000001
024c0000
00000001
00012000
0005e800
30000000
10000014
00000001
024c0000
00000001
00092000
0005e800
30000000
10000014
00000001
024c0000
00000001
00112000
0005e800
30000000
10000014
00000001
024c0000
00000001
00192000
0005e800
30000000
10000014
00000001
024c0000
00000001
00212000
0005e800
30000000
10000014
00000001
024c0000
00000001
00292000
0005e800
30000000
10000014
00000001
024c0000
00000001
00312000
0005e800
30000000
10000014
00000001
024c0000
00000001
00392000
0005e800
30000000
90000060
0000002a
00004807
000000ff
00000000
00001200
00000240
00000002
00000000
00000000
00000000
00000000
00000000
00000000
00000000
00000000
00000000
00000000
00000000
00000000
00000000
00000000
00000000
00000000
00000000
70000000
00000000
00000000
00000000
00000000
00000000
00000000
00000000
00000000
00000000
00000000
00000000
00000000
00000000
00000000
00000000
00000000
10000014
00000001
01000000
00000001
024c0000
00000540
30000000
10000014
00000001
01040000
00000001
024c0540
00000540
30000000
10000014
00000001
01080000
00000001
024c0a80
00000540
30000000
10000014
00000001
010c0000
00000001
024c0fc0
00000540
30000000
10000014
00000001
01100000
00000001
024c1500
00000540
30000000
10000014
00000001
01140000
00000001
024c1a40
00000540
30000000
10000014
00000001
01180000
00000001
024c1f80
00000540
30000000
10000014
00000001
011c0000
00000001
024c24c0
00000540
30000000
20000030
00000001
004c0000
00000000
00000008
00000006
00000007
00000810
00000010
005a0000
00000200
00000000
00000000
40000000
20000030
00000001
004c0540
00000000
00000008
00000006
00000007
00000830
00000030
005a0020
00000200
00000000
00000000
40000000
20000030
00000001
004c0a80
00000000
00000008
00000006
00000007
00000850
00000050
005a0040
00000200
00000000
00000000
40000000
20000030
00000001
004c0fc0
00000000
00000008
00000006
00000007
00000870
00000070
005a0060
00000200
00000000
00000000
40000000
20000030
00000001
004c1500
00000000
00000008
00000006
00000007
00000890
00000090
005a0080
00000200
00000000
00000000
40000000
20000030
00000001
004c1a40
00000000
00000008
00000006
00000007
000008b0
000000b0
005a00a0
00000200
00000000
00000000
40000000
20000030
00000001
004c1f80
00000000
00000008
00000006
00000007
000008d0
000000d0
005a00c0
00000200
00000000
00000000
40000000
20000030
00000001
004c24c0
00000000
00000008
00000006
00000007
000008f0
000000f0
005a00e0
00000200
00000000
00000000
40000000
22000030
00000007
001a8c00
00000000
00000200
00000002
00000007
00000000
00000000
004c0000
03031101
00000001
00000007
40000000
10000014
00000001
024c0000
00000001
00012000
0000fc00
30000000
10000014
00000001
024c0000
00000001
00092000
0000fc00
30000000
10000014
00000001
024c0000
00000001
00112000
0000fc00
30000000
10000014
00000001
024c0000
00000001
00192000
0000fc00
30000000
10000014
00000001
024c0000
00000001
00212000
0000fc00
30000000
10000014
00000001
024c0000
00000001
00292000
0000fc00
30000000
10000014
00000001
024c0000
00000001
00312000
0000fc00
30000000
10000014
00000001
024c0000
00000001
00392000
0000fc00
30000000
90000060
00000007
00004807
000000ff
00000000
00001200
00000240
00000002
00000000
00000000
00000000
00000000
00000000
00000000
00000000
00000000
00000000
00000000
00000000
00000000
00000000
00000000
00000000
00000000
00000000
70000000
00000000
00000000
00000000
00000000
00000000
00000000
00000000
00000000
00000000
00000000
00000000
00000000
00000000
00000000
00000000
00000000
10000014
00000001
01000000
00000001
024c0000
000000e0
30000000
10000014
00000001
01040000
00000001
024c00e0
000000e0
30000000
10000014
00000001
01080000
00000001
024c01c0
000000e0
30000000
10000014
00000001
010c0000
00000001
024c02a0
000000e0
30000000
10000014
00000001
01100000
00000001
024c0380
000000e0
30000000
10000014
00000001
01140000
00000001
024c0460
000000e0
30000000
10000014
00000001
01180000
00000001
024c0540
000000e0
30000000
10000014
00000001
011c0000
00000001
024c0620
000000e0
30000000
20000030
00000001
004c0000
00000000
00000008
00000001
00000007
00000810
00000010
005b5000
00000200
00000000
00000000
40000000
20000030
00000001
004c00e0
00000000
00000008
00000001
00000007
00000830
00000030
005b5020
00000200
00000000
00000000
40000000
20000030
00000001
004c01c0
00000000
00000008
00000001
00000007
00000850
00000050
005b5040
00000200
00000000
00000000
40000000
20000030
00000001
004c02a0
00000000
00000008
00000001
00000007
00000870
00000070
005b5060
00000200
00000000
00000000
40000000
20000030
00000001
004c0380
00000000
00000008
00000001
00000007
00000890
00000090
005b5080
00000200
00000000
00000000
40000000
20000030
00000001
004c0460
00000000
00000008
00000001
00000007
000008b0
000000b0
005b50a0
00000200
00000000
00000000
40000000
20000030
00000001
004c0540
00000000
00000008
00000001
00000007
000008d0
000000d0
005b50c0
00000200
00000000
00000000
40000000
20000030
00000001
004c0620
00000000
00000008
00000001
00000007
000008f0
000000f0
005b50e0
00000200
00000000
00000000
40000000
10000014
00000001
027cdc80
00000001
03000000
00001010
30000000
10000014
00000000
00a1e000
00000001
00000000
00012000
30000000
10000014
00000000
00a30000
00000001
00080000
00012000
30000000
10000014
00000000
00a42000
00000001
00100000
00012000
30000000
10000014
00000000
00a54000
00000001
00180000
00012000
30000000
10000014
00000000
00a66000
00000001
00200000
00012000
30000000
10000014
00000000
00a78000
00000001
00280000
00012000
30000000
10000014
00000000
00a8a000
00000001
00300000
00012000
30000000
10000014
00000000
00a9c000
00000001
00380000
00012000
30000000
22000030
00000007
001a0000
00000000
00000200
00000007
00000007
00000000
00000000
004c0000
03031111
00000006
00000007
40000000
10000014
00000001
024c0000
00000001
00012000
0005e800
30000000
10000014
00000001
024c0000
00000001
00092000
0005e800
30000000
10000014
00000001
024c0000
00000001
00112000
0005e800
30000000
10000014
00000001
024c0000
00000001
00192000
0005e800
30000000
10000014
00000001
024c0000
00000001
00212000
0005e800
30000000
10000014
00000001
024c0000
00000001
00292000
0005e800
30000000
10000014
00000001
024c0000
00000001
00312000
0005e800
30000000
10000014
00000001
024c0000
00000001
00392000
0005e800
30000000
90000060
0000002a
00004807
000000ff
00000000
00001200
00000240
00000002
00000000
00000000
00000000
00000000
00000000
00000000
00000000
00000000
00000000
00000000
00000000
00000000
00000000
00000000
00000000
00000000
00000000
70000000
00000000
00000000
00000000
00000000
00000000
00000000
00000000
00000000
00000000
00000000
00000000
00000000
00000000
00000000
00000000
00000000
10000014
00000001
01000000
00000001
024c0000
00000540
30000000
10000014
00000001
01040000
00000001
024c0540
00000540
30000000
10000014
00000001
01080000
00000001
024c0a80
00000540
30000000
10000014
00000001
010c0000
00000001
024c0fc0
00000540
30000000
10000014
00000001
01100000
00000001
024c1500
00000540
30000000
10000014
00000001
01140000
00000001
024c1a40
00000540
30000000
10000014
00000001
01180000
00000001
024c1f80
00000540
30000000
10000014
00000001
011c0000
00000001
024c24c0
00000540
30000000
20000030
00000001
004c0000
00000000
00000008
00000006
00000007
00000910
00000110
005a0100
00000200
00000000
00000000
40000000
20000030
00000001
004c0540
00000000
00000008
00000006
00000007
00000930
00000130
005a0120
00000200
00000000
00000000
40000000
20000030
00000001
004c0a80
00000000
00000008
00000006
00000007
00000950
00000150
005a0140
00000200
00000000
00000000
40000000
20000030
00000001
004c0fc0
00000000
00000008
00000006
00000007
00000970
00000170
005a0160
00000200
00000000
00000000
40000000
20000030
00000001
004c1500
00000000
00000008
00000006
00000007
00000990
00000190
005a0180
00000200
00000000
00000000
40000000
20000030
00000001
004c1a40
00000000
00000008
00000006
00000007
000009b0
000001b0
005a01a0
00000200
00000000
00000000
40000000
20000030
00000001
004c1f80
00000000
00000008
00000006
00000007
000009d0
000001d0
005a01c0
00000200
00000000
00000000
40000000
20000030
00000001
004c24c0
00000000
00000008
00000006
00000007
000009f0
000001f0
005a01e0
00000200
00000000
00000000
40000000
22000030
00000007
001a8c00
00000000
00000200
00000002
00000007
00000000
00000000
004c0000
03031101
00000001
00000007
40000000
10000014
00000001
024c0000
00000001
00012000
0000fc00
30000000
10000014
00000001
024c0000
00000001
00092000
0000fc00
30000000
10000014
00000001
024c0000
00000001
00112000
0000fc00
30000000
10000014
00000001
024c0000
00000001
00192000
0000fc00
30000000
10000014
00000001
024c0000
00000001
00212000
0000fc00
30000000
10000014
00000001
024c0000
00000001
00292000
0000fc00
30000000
10000014
00000001
024c0000
00000001
00312000
0000fc00
30000000
10000014
00000001
024c0000
00000001
00392000
0000fc00
30000000
90000060
00000007
00004807
000000ff
00000000
00001200
00000240
00000002
00000000
00000000
00000000
00000000
00000000
00000000
00000000
00000000
00000000
00000000
00000000
00000000
00000000
00000000
00000000
00000000
00000000
70000000
00000000
00000000
00000000
00000000
00000000
00000000
00000000
00000000
00000000
00000000
00000000
00000000
00000000
00000000
00000000
00000000
10000014
00000001
01000000
00000001
024c0000
000000e0
30000000
10000014
00000001
01040000
00000001
024c00e0
000000e0
30000000
10000014
00000001
01080000
00000001
024c01c0
000000e0
30000000
10000014
00000001
010c0000
00000001
024c02a0
000000e0
30000000
10000014
00000001
01100000
00000001
024c0380
000000e0
30000000
10000014
00000001
01140000
00000001
024c0460
000000e0
30000000
10000014
00000001
01180000
00000001
024c0540
000000e0
30000000
10000014
00000001
011c0000
00000001
024c0620
000000e0
30000000
20000030
00000001
004c0000
00000000
00000008
00000001
00000007
00000910
00000110
005b5100
00000200
00000000
00000000
40000000
20000030
00000001
004c00e0
00000000
00000008
00000001
00000007
00000930
00000130
005b5120
00000200
00000000
00000000
40000000
20000030
00000001
004c01c0
00000000
00000008
00000001
00000007
00000950
00000150
005b5140
00000200
00000000
00000000
40000000
20000030
00000001
004c02a0
00000000
00000008
00000001
00000007
00000970
00000170
005b5160
00000200
00000000
00000000
40000000
20000030
00000001
004c0380
00000000
00000008
00000001
00000007
00000990
00000190
005b5180
00000200
00000000
00000000
40000000
20000030
00000001
004c0460
00000000
00000008
00000001
00000007
000009b0
000001b0
005b51a0
00000200
00000000
00000000
40000000
20000030
00000001
004c0540
00000000
00000008
00000001
00000007
000009d0
000001d0
005b51c0
00000200
00000000
00000000
40000000
20000030
00000001
004c0620
00000000
00000008
00000001
00000007
000009f0
000001f0
005b51e0
00000200
00000000
00000000
40000000
10000014
00000001
027cdc80
00000001
03000000
00001010
30000000
10000014
00000000
00aae000
00000001
00000000
00012000
30000000
10000014
00000000
00ac0000
00000001
00080000
00012000
30000000
10000014
00000000
00ad2000
00000001
00100000
00012000
30000000
10000014
00000000
00ae4000
00000001
00180000
00012000
30000000
10000014
00000000
00af6000
00000001
00200000
00012000
30000000
10000014
00000000
00b08000
00000001
00280000
00012000
30000000
10000014
00000000
00b1a000
00000001
00300000
00012000
30000000
10000014
00000000
00b2c000
00000001
00380000
00012000
30000000
22000030
00000007
001a0000
00000000
00000200
00000007
00000007
00000000
00000000
004c0000
03031111
00000006
00000007
40000000
10000014
00000001
024c0000
00000001
00012000
0005e800
30000000
10000014
00000001
024c0000
00000001
00092000
0005e800
30000000
10000014
00000001
024c0000
00000001
00112000
0005e800
30000000
10000014
00000001
024c0000
00000001
00192000
0005e800
30000000
10000014
00000001
024c0000
00000001
00212000
0005e800
30000000
10000014
00000001
024c0000
00000001
00292000
0005e800
30000000
10000014
00000001
024c0000
00000001
00312000
0005e800
30000000
10000014
00000001
024c0000
00000001
00392000
0005e800
30000000
90000060
0000002a
00004807
000000ff
00000000
00001200
00000240
00000002
00000000
00000000
00000000
00000000
00000000
00000000
00000000
00000000
00000000
00000000
00000000
00000000
00000000
00000000
00000000
00000000
00000000
70000000
00000000
00000000
00000000
00000000
00000000
00000000
00000000
00000000
00000000
00000000
00000000
00000000
00000000
00000000
00000000
00000000
10000014
00000001
01000000
00000001
024c0000
00000540
30000000
10000014
00000001
01040000
00000001
024c0540
00000540
30000000
10000014
00000001
01080000
00000001
024c0a80
00000540
30000000
10000014
00000001
010c0000
00000001
024c0fc0
00000540
30000000
10000014
00000001
01100000
00000001
024c1500
00000540
30000000
10000014
00000001
01140000
00000001
024c1a40
00000540
30000000
10000014
00000001
01180000
00000001
024c1f80
00000540
30000000
10000014
00000001
011c0000
00000001
024c24c0
00000540
30000000
20000030
00000001
004c0000
00000000
00000008
00000006
00000007
00000a10
00000210
005a0200
00000200
00000000
00000000
40000000
20000030
00000001
004c0540
00000000
00000008
00000006
00000007
00000a30
00000230
005a0220
00000200
00000000
00000000
40000000
20000030
00000001
004c0a80
00000000
00000008
00000006
00000007
00000a50
00000250
005a0240
00000200
00000000
00000000
40000000
20000030
00000001
004c0fc0
00000000
00000008
00000006
00000007
00000a70
00000270
005a0260
00000200
00000000
00000000
40000000
20000030
00000001
004c1500
00000000
00000008
00000006
00000007
00000a90
00000290
005a0280
00000200
00000000
00000000
40000000
20000030
00000001
004c1a40
00000000
00000008
00000006
00000007
00000ab0
000002b0
005a02a0
00000200
00000000
00000000
40000000
20000030
00000001
004c1f80
00000000
00000008
00000006
00000007
00000ad0
000002d0
005a02c0
00000200
00000000
00000000
40000000
20000030
00000001
004c24c0
00000000
00000008
00000006
00000007
00000af0
000002f0
005a02e0
00000200
00000000
00000000
40000000
22000030
00000007
001a8c00
00000000
00000200
00000002
00000007
00000000
00000000
004c0000
03031101
00000001
00000007
40000000
10000014
00000001
024c0000
00000001
00012000
0000fc00
30000000
10000014
00000001
024c0000
00000001
00092000
0000fc00
30000000
10000014
00000001
024c0000
00000001
00112000
0000fc00
30000000
10000014
00000001
024c0000
00000001
00192000
0000fc00
30000000
10000014
00000001
024c0000
00000001
00212000
0000fc00
30000000
10000014
00000001
024c0000
00000001
00292000
0000fc00
30000000
10000014
00000001
024c0000
00000001
00312000
0000fc00
30000000
10000014
00000001
024c0000
00000001
00392000
0000fc00
30000000
90000060
00000007
00004807
000000ff
00000000
00001200
00000240
00000002
00000000
00000000
00000000
00000000
00000000
00000000
00000000
00000000
00000000
00000000
00000000
00000000
00000000
00000000
00000000
00000000
00000000
70000000
00000000
00000000
00000000
00000000
00000000
00000000
00000000
00000000
00000000
00000000
00000000
00000000
00000000
00000000
00000000
00000000
10000014
00000001
01000000
00000001
024c0000
000000e0
30000000
10000014
00000001
01040000
00000001
024c00e0
000000e0
30000000
10000014
00000001
01080000
00000001
024c01c0
000000e0
30000000
10000014
00000001
010c0000
00000001
024c02a0
000000e0
30000000
10000014
00000001
01100000
00000001
024c0380
000000e0
30000000
10000014
00000001
01140000
00000001
024c0460
000000e0
30000000
10000014
00000001
01180000
00000001
024c0540
000000e0
30000000
10000014
00000001
011c0000
00000001
024c0620
000000e0
30000000
20000030
00000001
004c0000
00000000
00000008
00000001
00000007
00000a10
00000210
005b5200
00000200
00000000
00000000
40000000
20000030
00000001
004c00e0
00000000
00000008
00000001
00000007
00000a30
00000230
005b5220
00000200
00000000
00000000
40000000
20000030
00000001
004c01c0
00000000
00000008
00000001
00000007
00000a50
00000250
005b5240
00000200
00000000
00000000
40000000
20000030
00000001
004c02a0
00000000
00000008
00000001
00000007
00000a70
00000270
005b5260
00000200
00000000
00000000
40000000
20000030
00000001
004c0380
00000000
00000008
00000001
00000007
00000a90
00000290
005b5280
00000200
00000000
00000000
40000000
20000030
00000001
004c0460
00000000
00000008
00000001
00000007
00000ab0
000002b0
005b52a0
00000200
00000000
00000000
40000000
20000030
00000001
004c0540
00000000
00000008
00000001
00000007
00000ad0
000002d0
005b52c0
00000200
00000000
00000000
40000000
20000030
00000001
004c0620
00000000
00000008
00000001
00000007
00000af0
000002f0
005b52e0
00000200
00000000
00000000
40000000
10000014
00000001
027cdc80
00000001
03000000
00001010
30000000
10000014
00000000
00b3e000
00000001
00000000
00012000
30000000
10000014
00000000
00b50000
00000001
00080000
00012000
30000000
10000014
00000000
00b62000
00000001
00100000
00012000
30000000
10000014
00000000
00b74000
00000001
00180000
00012000
30000000
10000014
00000000
00b86000
00000001
00200000
00012000
30000000
10000014
00000000
00b98000
00000001
00280000
00012000
30000000
10000014
00000000
00baa000
00000001
00300000
00012000
30000000
10000014
00000000
00bbc000
00000001
00380000
00012000
30000000
22000030
00000007
001a0000
00000000
00000200
00000007
00000007
00000000
00000000
004c0000
03031111
00000006
00000007
40000000
10000014
00000001
024c0000
00000001
00012000
0005e800
30000000
10000014
00000001
024c0000
00000001
00092000
0005e800
30000000
10000014
00000001
024c0000
00000001
00112000
0005e800
30000000
10000014
00000001
024c0000
00000001
00192000
0005e800
30000000
10000014
00000001
024c0000
00000001
00212000
0005e800
30000000
10000014
00000001
024c0000
00000001
00292000
0005e800
30000000
10000014
00000001
024c0000
00000001
00312000
0005e800
30000000
10000014
00000001
024c0000
00000001
00392000
0005e800
30000000
90000060
0000002a
00004807
000000ff
00000000
00001200
00000240
00000002
00000000
00000000
00000000
00000000
00000000
00000000
00000000
00000000
00000000
00000000
00000000
00000000
00000000
00000000
00000000
00000000
00000000
70000000
00000000
00000000
00000000
00000000
00000000
00000000
00000000
00000000
00000000
00000000
00000000
00000000
00000000
00000000
00000000
00000000
10000014
00000001
01000000
00000001
024c0000
00000540
30000000
10000014
00000001
01040000
00000001
024c0540
00000540
30000000
10000014
00000001
01080000
00000001
024c0a80
00000540
30000000
10000014
00000001
010c0000
00000001
024c0fc0
00000540
30000000
10000014
00000001
01100000
00000001
024c1500
00000540
30000000
10000014
00000001
01140000
00000001
024c1a40
00000540
30000000
10000014
00000001
01180000
00000001
024c1f80
00000540
30000000
10000014
00000001
011c0000
00000001
024c24c0
00000540
30000000
20000030
00000001
004c0000
00000000
00000008
00000006
00000007
00000b10
00000310
005a0300
00000200
00000000
00000000
40000000
20000030
00000001
004c0540
00000000
00000008
00000006
00000007
00000b30
00000330
005a0320
00000200
00000000
00000000
40000000
20000030
00000001
004c0a80
00000000
00000008
00000006
00000007
00000b50
00000350
005a0340
00000200
00000000
00000000
40000000
20000030
00000001
004c0fc0
00000000
00000008
00000006
00000007
00000b70
00000370
005a0360
00000200
00000000
00000000
40000000
20000030
00000001
004c1500
00000000
00000008
00000006
00000007
00000b90
00000390
005a0380
00000200
00000000
00000000
40000000
20000030
00000001
004c1a40
00000000
00000008
00000006
00000007
00000bb0
000003b0
005a03a0
00000200
00000000
00000000
40000000
20000030
00000001
004c1f80
00000000
00000008
00000006
00000007
00000bd0
000003d0
005a03c0
00000200
00000000
00000000
40000000
20000030
00000001
004c24c0
00000000
00000008
00000006
00000007
00000bf0
000003f0
005a03e0
00000200
00000000
00000000
40000000
22000030
00000007
001a8c00
00000000
00000200
00000002
00000007
00000000
00000000
004c0000
03031101
00000001
00000007
40000000
10000014
00000001
024c0000
00000001
00012000
0000fc00
30000000
10000014
00000001
024c0000
00000001
00092000
0000fc00
30000000
10000014
00000001
024c0000
00000001
00112000
0000fc00
30000000
10000014
00000001
024c0000
00000001
00192000
0000fc00
30000000
10000014
00000001
024c0000
00000001
00212000
0000fc00
30000000
10000014
00000001
024c0000
00000001
00292000
0000fc00
30000000
10000014
00000001
024c0000
00000001
00312000
0000fc00
30000000
10000014
00000001
024c0000
00000001
00392000
0000fc00
30000000
90000060
00000007
00004807
000000ff
00000000
00001200
00000240
00000002
00000000
00000000
00000000
00000000
00000000
00000000
00000000
00000000
00000000
00000000
00000000
00000000
00000000
00000000
00000000
00000000
00000000
70000000
00000000
00000000
00000000
00000000
00000000
00000000
00000000
00000000
00000000
00000000
00000000
00000000
00000000
00000000
00000000
00000000
10000014
00000001
01000000
00000001
024c0000
000000e0
30000000
10000014
00000001
01040000
00000001
024c00e0
000000e0
30000000
10000014
00000001
01080000
00000001
024c01c0
000000e0
30000000
10000014
00000001
010c0000
00000001
024c02a0
000000e0
30000000
10000014
00000001
01100000
00000001
024c0380
000000e0
30000000
10000014
00000001
01140000
00000001
024c0460
000000e0
30000000
10000014
00000001
01180000
00000001
024c0540
000000e0
30000000
10000014
00000001
011c0000
00000001
024c0620
000000e0
30000000
20000030
00000001
004c0000
00000000
00000008
00000001
00000007
00000b10
00000310
005b5300
00000200
00000000
00000000
40000000
20000030
00000001
004c00e0
00000000
00000008
00000001
00000007
00000b30
00000330
005b5320
00000200
00000000
00000000
40000000
20000030
00000001
004c01c0
00000000
00000008
00000001
00000007
00000b50
00000350
005b5340
00000200
00000000
00000000
40000000
20000030
00000001
004c02a0
00000000
00000008
00000001
00000007
00000b70
00000370
005b5360
00000200
00000000
00000000
40000000
20000030
00000001
004c0380
00000000
00000008
00000001
00000007
00000b90
00000390
005b5380
00000200
00000000
00000000
40000000
20000030
00000001
004c0460
00000000
00000008
00000001
00000007
00000bb0
000003b0
005b53a0
00000200
00000000
00000000
40000000
20000030
00000001
004c0540
00000000
00000008
00000001
00000007
00000bd0
000003d0
005b53c0
00000200
00000000
00000000
40000000
20000030
00000001
004c0620
00000000
00000008
00000001
00000007
00000bf0
000003f0
005b53e0
00000200
00000000
00000000
40000000
10000014
00000001
027cdc80
00000001
03000000
00001010
30000000
10000014
00000000
00bce000
00000001
00000000
00012000
30000000
10000014
00000000
00be0000
00000001
00080000
00012000
30000000
10000014
00000000
00bf2000
00000001
00100000
00012000
30000000
10000014
00000000
00c04000
00000001
00180000
00012000
30000000
10000014
00000000
00c16000
00000001
00200000
00012000
30000000
10000014
00000000
00c28000
00000001
00280000
00012000
30000000
10000014
00000000
00c3a000
00000001
00300000
00012000
30000000
10000014
00000000
00c4c000
00000001
00380000
00012000
30000000
22000030
00000007
001a0000
00000000
00000200
00000007
00000007
00000000
00000000
004c0000
03031111
00000006
00000007
40000000
10000014
00000001
024c0000
00000001
00012000
0005e800
30000000
10000014
00000001
024c0000
00000001
00092000
0005e800
30000000
10000014
00000001
024c0000
00000001
00112000
0005e800
30000000
10000014
00000001
024c0000
00000001
00192000
0005e800
30000000
10000014
00000001
024c0000
00000001
00212000
0005e800
30000000
10000014
00000001
024c0000
00000001
00292000
0005e800
30000000
10000014
00000001
024c0000
00000001
00312000
0005e800
30000000
10000014
00000001
024c0000
00000001
00392000
0005e800
30000000
90000060
0000002a
00004807
000000ff
00000000
00001200
00000240
00000002
00000000
00000000
00000000
00000000
00000000
00000000
00000000
00000000
00000000
00000000
00000000
00000000
00000000
00000000
00000000
00000000
00000000
70000000
00000000
00000000
00000000
00000000
00000000
00000000
00000000
00000000
00000000
00000000
00000000
00000000
00000000
00000000
00000000
00000000
10000014
00000001
01000000
00000001
024c0000
00000540
30000000
10000014
00000001
01040000
00000001
024c0540
00000540
30000000
10000014
00000001
01080000
00000001
024c0a80
00000540
30000000
10000014
00000001
010c0000
00000001
024c0fc0
00000540
30000000
10000014
00000001
01100000
00000001
024c1500
00000540
30000000
10000014
00000001
01140000
00000001
024c1a40
00000540
30000000
10000014
00000001
01180000
00000001
024c1f80
00000540
30000000
10000014
00000001
011c0000
00000001
024c24c0
00000540
30000000
20000030
00000001
004c0000
00000000
00000008
00000006
00000007
00000c10
00000410
005a0400
00000200
00000000
00000000
40000000
20000030
00000001
004c0540
00000000
00000008
00000006
00000007
00000c30
00000430
005a0420
00000200
00000000
00000000
40000000
20000030
00000001
004c0a80
00000000
00000008
00000006
00000007
00000c50
00000450
005a0440
00000200
00000000
00000000
40000000
20000030
00000001
004c0fc0
00000000
00000008
00000006
00000007
00000c70
00000470
005a0460
00000200
00000000
00000000
40000000
20000030
00000001
004c1500
00000000
00000008
00000006
00000007
00000c90
00000490
005a0480
00000200
00000000
00000000
40000000
20000030
00000001
004c1a40
00000000
00000008
00000006
00000007
00000cb0
000004b0
005a04a0
00000200
00000000
00000000
40000000
20000030
00000001
004c1f80
00000000
00000008
00000006
00000007
00000cd0
000004d0
005a04c0
00000200
00000000
00000000
40000000
20000030
00000001
004c24c0
00000000
00000008
00000006
00000007
00000cf0
000004f0
005a04e0
00000200
00000000
00000000
40000000
22000030
00000007
001a8c00
00000000
00000200
00000002
00000007
00000000
00000000
004c0000
03031101
00000001
00000007
40000000
10000014
00000001
024c0000
00000001
00012000
0000fc00
30000000
10000014
00000001
024c0000
00000001
00092000
0000fc00
30000000
10000014
00000001
024c0000
00000001
00112000
0000fc00
30000000
10000014
00000001
024c0000
00000001
00192000
0000fc00
30000000
10000014
00000001
024c0000
00000001
00212000
0000fc00
30000000
10000014
00000001
024c0000
00000001
00292000
0000fc00
30000000
10000014
00000001
024c0000
00000001
00312000
0000fc00
30000000
10000014
00000001
024c0000
00000001
00392000
0000fc00
30000000
90000060
00000007
00004807
000000ff
00000000
00001200
00000240
00000002
00000000
00000000
00000000
00000000
00000000
00000000
00000000
00000000
00000000
00000000
00000000
00000000
00000000
00000000
00000000
00000000
00000000
70000000
00000000
00000000
00000000
00000000
00000000
00000000
00000000
00000000
00000000
00000000
00000000
00000000
00000000
00000000
00000000
00000000
10000014
00000001
01000000
00000001
024c0000
000000e0
30000000
10000014
00000001
01040000
00000001
024c00e0
000000e0
30000000
10000014
00000001
01080000
00000001
024c01c0
000000e0
30000000
10000014
00000001
010c0000
00000001
024c02a0
000000e0
30000000
10000014
00000001
01100000
00000001
024c0380
000000e0
30000000
10000014
00000001
01140000
00000001
024c0460
000000e0
30000000
10000014
00000001
01180000
00000001
024c0540
000000e0
30000000
10000014
00000001
011c0000
00000001
024c0620
000000e0
30000000
20000030
00000001
004c0000
00000000
00000008
00000001
00000007
00000c10
00000410
005b5400
00000200
00000000
00000000
40000000
20000030
00000001
004c00e0
00000000
00000008
00000001
00000007
00000c30
00000430
005b5420
00000200
00000000
00000000
40000000
20000030
00000001
004c01c0
00000000
00000008
00000001
00000007
00000c50
00000450
005b5440
00000200
00000000
00000000
40000000
20000030
00000001
004c02a0
00000000
00000008
00000001
00000007
00000c70
00000470
005b5460
00000200
00000000
00000000
40000000
20000030
00000001
004c0380
00000000
00000008
00000001
00000007
00000c90
00000490
005b5480
00000200
00000000
00000000
40000000
20000030
00000001
004c0460
00000000
00000008
00000001
00000007
00000cb0
000004b0
005b54a0
00000200
00000000
00000000
40000000
20000030
00000001
004c0540
00000000
00000008
00000001
00000007
00000cd0
000004d0
005b54c0
00000200
00000000
00000000
40000000
20000030
00000001
004c0620
00000000
00000008
00000001
00000007
00000cf0
000004f0
005b54e0
00000200
00000000
00000000
40000000
10000014
00000001
027cdc80
00000001
03000000
00001010
30000000
10000014
00000000
00c5e000
00000001
00000000
00012000
30000000
10000014
00000000
00c70000
00000001
00080000
00012000
30000000
10000014
00000000
00c82000
00000001
00100000
00012000
30000000
10000014
00000000
00c94000
00000001
00180000
00012000
30000000
10000014
00000000
00ca6000
00000001
00200000
00012000
30000000
10000014
00000000
00cb8000
00000001
00280000
00012000
30000000
10000014
00000000
00cca000
00000001
00300000
00012000
30000000
10000014
00000000
00cdc000
00000001
00380000
00012000
30000000
22000030
00000007
001a0000
00000000
00000200
00000007
00000007
00000000
00000000
004c0000
03031111
00000006
00000007
40000000
10000014
00000001
024c0000
00000001
00012000
0005e800
30000000
10000014
00000001
024c0000
00000001
00092000
0005e800
30000000
10000014
00000001
024c0000
00000001
00112000
0005e800
30000000
10000014
00000001
024c0000
00000001
00192000
0005e800
30000000
10000014
00000001
024c0000
00000001
00212000
0005e800
30000000
10000014
00000001
024c0000
00000001
00292000
0005e800
30000000
10000014
00000001
024c0000
00000001
00312000
0005e800
30000000
10000014
00000001
024c0000
00000001
00392000
0005e800
30000000
90000060
0000002a
00004807
000000ff
00000000
00001200
00000240
00000002
00000000
00000000
00000000
00000000
00000000
00000000
00000000
00000000
00000000
00000000
00000000
00000000
00000000
00000000
00000000
00000000
00000000
70000000
00000000
00000000
00000000
00000000
00000000
00000000
00000000
00000000
00000000
00000000
00000000
00000000
00000000
00000000
00000000
00000000
10000014
00000001
01000000
00000001
024c0000
00000540
30000000
10000014
00000001
01040000
00000001
024c0540
00000540
30000000
10000014
00000001
01080000
00000001
024c0a80
00000540
30000000
10000014
00000001
010c0000
00000001
024c0fc0
00000540
30000000
10000014
00000001
01100000
00000001
024c1500
00000540
30000000
10000014
00000001
01140000
00000001
024c1a40
00000540
30000000
10000014
00000001
01180000
00000001
024c1f80
00000540
30000000
10000014
00000001
011c0000
00000001
024c24c0
00000540
30000000
20000030
00000001
004c0000
00000000
00000008
00000006
00000007
00000d10
00000510
005a0500
00000200
00000000
00000000
40000000
20000030
00000001
004c0540
00000000
00000008
00000006
00000007
00000d30
00000530
005a0520
00000200
00000000
00000000
40000000
20000030
00000001
004c0a80
00000000
00000008
00000006
00000007
00000d50
00000550
005a0540
00000200
00000000
00000000
40000000
20000030
00000001
004c0fc0
00000000
00000008
00000006
00000007
00000d70
00000570
005a0560
00000200
00000000
00000000
40000000
20000030
00000001
004c1500
00000000
00000008
00000006
00000007
00000d90
00000590
005a0580
00000200
00000000
00000000
40000000
20000030
00000001
004c1a40
00000000
00000008
00000006
00000007
00000db0
000005b0
005a05a0
00000200
00000000
00000000
40000000
20000030
00000001
004c1f80
00000000
00000008
00000006
00000007
00000dd0
000005d0
005a05c0
00000200
00000000
00000000
40000000
20000030
00000001
004c24c0
00000000
00000008
00000006
00000007
00000df0
000005f0
005a05e0
00000200
00000000
00000000
40000000
22000030
00000007
001a8c00
00000000
00000200
00000002
00000007
00000000
00000000
004c0000
03031101
00000001
00000007
40000000
10000014
00000001
024c0000
00000001
00012000
0000fc00
30000000
10000014
00000001
024c0000
00000001
00092000
0000fc00
30000000
10000014
00000001
024c0000
00000001
00112000
0000fc00
30000000
10000014
00000001
024c0000
00000001
00192000
0000fc00
30000000
10000014
00000001
024c0000
00000001
00212000
0000fc00
30000000
10000014
00000001
024c0000
00000001
00292000
0000fc00
30000000
10000014
00000001
024c0000
00000001
00312000
0000fc00
30000000
10000014
00000001
024c0000
00000001
00392000
0000fc00
30000000
90000060
00000007
00004807
000000ff
00000000
00001200
00000240
00000002
00000000
00000000
00000000
00000000
00000000
00000000
00000000
00000000
00000000
00000000
00000000
00000000
00000000
00000000
00000000
00000000
00000000
70000000
00000000
00000000
00000000
00000000
00000000
00000000
00000000
00000000
00000000
00000000
00000000
00000000
00000000
00000000
00000000
00000000
10000014
00000001
01000000
00000001
024c0000
000000e0
30000000
10000014
00000001
01040000
00000001
024c00e0
000000e0
30000000
10000014
00000001
01080000
00000001
024c01c0
000000e0
30000000
10000014
00000001
010c0000
00000001
024c02a0
000000e0
30000000
10000014
00000001
01100000
00000001
024c0380
000000e0
30000000
10000014
00000001
01140000
00000001
024c0460
000000e0
30000000
10000014
00000001
01180000
00000001
024c0540
000000e0
30000000
10000014
00000001
011c0000
00000001
024c0620
000000e0
30000000
20000030
00000001
004c0000
00000000
00000008
00000001
00000007
00000d10
00000510
005b5500
00000200
00000000
00000000
40000000
20000030
00000001
004c00e0
00000000
00000008
00000001
00000007
00000d30
00000530
005b5520
00000200
00000000
00000000
40000000
20000030
00000001
004c01c0
00000000
00000008
00000001
00000007
00000d50
00000550
005b5540
00000200
00000000
00000000
40000000
20000030
00000001
004c02a0
00000000
00000008
00000001
00000007
00000d70
00000570
005b5560
00000200
00000000
00000000
40000000
20000030
00000001
004c0380
00000000
00000008
00000001
00000007
00000d90
00000590
005b5580
00000200
00000000
00000000
40000000
20000030
00000001
004c0460
00000000
00000008
00000001
00000007
00000db0
000005b0
005b55a0
00000200
00000000
00000000
40000000
20000030
00000001
004c0540
00000000
00000008
00000001
00000007
00000dd0
000005d0
005b55c0
00000200
00000000
00000000
40000000
20000030
00000001
004c0620
00000000
00000008
00000001
00000007
00000df0
000005f0
005b55e0
00000200
00000000
00000000
40000000
10000014
00000001
027cdc80
00000001
03000000
00001010
30000000
10000014
00000000
00cee000
00000001
00000000
00012000
30000000
10000014
00000000
00d00000
00000001
00080000
00012000
30000000
10000014
00000000
00d12000
00000001
00100000
00012000
30000000
10000014
00000000
00d24000
00000001
00180000
00012000
30000000
10000014
00000000
00d36000
00000001
00200000
00012000
30000000
10000014
00000000
00d48000
00000001
00280000
00012000
30000000
10000014
00000000
00d5a000
00000001
00300000
00012000
30000000
10000014
00000000
00d6c000
00000001
00380000
00012000
30000000
22000030
00000007
001a0000
00000000
00000200
00000007
00000007
00000000
00000000
004c0000
03031111
00000006
00000007
40000000
10000014
00000001
024c0000
00000001
00012000
0005e800
30000000
10000014
00000001
024c0000
00000001
00092000
0005e800
30000000
10000014
00000001
024c0000
00000001
00112000
0005e800
30000000
10000014
00000001
024c0000
00000001
00192000
0005e800
30000000
10000014
00000001
024c0000
00000001
00212000
0005e800
30000000
10000014
00000001
024c0000
00000001
00292000
0005e800
30000000
10000014
00000001
024c0000
00000001
00312000
0005e800
30000000
10000014
00000001
024c0000
00000001
00392000
0005e800
30000000
90000060
0000002a
00004807
000000ff
00000000
00001200
00000240
00000002
00000000
00000000
00000000
00000000
00000000
00000000
00000000
00000000
00000000
00000000
00000000
00000000
00000000
00000000
00000000
00000000
00000000
70000000
00000000
00000000
00000000
00000000
00000000
00000000
00000000
00000000
00000000
00000000
00000000
00000000
00000000
00000000
00000000
00000000
10000014
00000001
01000000
00000001
024c0000
00000540
30000000
10000014
00000001
01040000
00000001
024c0540
00000540
30000000
10000014
00000001
01080000
00000001
024c0a80
00000540
30000000
10000014
00000001
010c0000
00000001
024c0fc0
00000540
30000000
10000014
00000001
01100000
00000001
024c1500
00000540
30000000
10000014
00000001
01140000
00000001
024c1a40
00000540
30000000
10000014
00000001
01180000
00000001
024c1f80
00000540
30000000
10000014
00000001
011c0000
00000001
024c24c0
00000540
30000000
20000030
00000001
004c0000
00000000
00000008
00000006
00000007
00000e10
00000610
005a0600
00000200
00000000
00000000
40000000
20000030
00000001
004c0540
00000000
00000008
00000006
00000007
00000e30
00000630
005a0620
00000200
00000000
00000000
40000000
20000030
00000001
004c0a80
00000000
00000008
00000006
00000007
00000e50
00000650
005a0640
00000200
00000000
00000000
40000000
20000030
00000001
004c0fc0
00000000
00000008
00000006
00000007
00000e70
00000670
005a0660
00000200
00000000
00000000
40000000
20000030
00000001
004c1500
00000000
00000008
00000006
00000007
00000e90
00000690
005a0680
00000200
00000000
00000000
40000000
20000030
00000001
004c1a40
00000000
00000008
00000006
00000007
00000eb0
000006b0
005a06a0
00000200
00000000
00000000
40000000
20000030
00000001
004c1f80
00000000
00000008
00000006
00000007
00000ed0
000006d0
005a06c0
00000200
00000000
00000000
40000000
20000030
00000001
004c24c0
00000000
00000008
00000006
00000007
00000ef0
000006f0
005a06e0
00000200
00000000
00000000
40000000
22000030
00000007
001a8c00
00000000
00000200
00000002
00000007
00000000
00000000
004c0000
03031101
00000001
00000007
40000000
10000014
00000001
024c0000
00000001
00012000
0000fc00
30000000
10000014
00000001
024c0000
00000001
00092000
0000fc00
30000000
10000014
00000001
024c0000
00000001
00112000
0000fc00
30000000
10000014
00000001
024c0000
00000001
00192000
0000fc00
30000000
10000014
00000001
024c0000
00000001
00212000
0000fc00
30000000
10000014
00000001
024c0000
00000001
00292000
0000fc00
30000000
10000014
00000001
024c0000
00000001
00312000
0000fc00
30000000
10000014
00000001
024c0000
00000001
00392000
0000fc00
30000000
90000060
00000007
00004807
000000ff
00000000
00001200
00000240
00000002
00000000
00000000
00000000
00000000
00000000
00000000
00000000
00000000
00000000
00000000
00000000
00000000
00000000
00000000
00000000
00000000
00000000
70000000
00000000
00000000
00000000
00000000
00000000
00000000
00000000
00000000
00000000
00000000
00000000
00000000
00000000
00000000
00000000
00000000
10000014
00000001
01000000
00000001
024c0000
000000e0
30000000
10000014
00000001
01040000
00000001
024c00e0
000000e0
30000000
10000014
00000001
01080000
00000001
024c01c0
000000e0
30000000
10000014
00000001
010c0000
00000001
024c02a0
000000e0
30000000
10000014
00000001
01100000
00000001
024c0380
000000e0
30000000
10000014
00000001
01140000
00000001
024c0460
000000e0
30000000
10000014
00000001
01180000
00000001
024c0540
000000e0
30000000
10000014
00000001
011c0000
00000001
024c0620
000000e0
30000000
20000030
00000001
004c0000
00000000
00000008
00000001
00000007
00000e10
00000610
005b5600
00000200
00000000
00000000
40000000
20000030
00000001
004c00e0
00000000
00000008
00000001
00000007
00000e30
00000630
005b5620
00000200
00000000
00000000
40000000
20000030
00000001
004c01c0
00000000
00000008
00000001
00000007
00000e50
00000650
005b5640
00000200
00000000
00000000
40000000
20000030
00000001
004c02a0
00000000
00000008
00000001
00000007
00000e70
00000670
005b5660
00000200
00000000
00000000
40000000
20000030
00000001
004c0380
00000000
00000008
00000001
00000007
00000e90
00000690
005b5680
00000200
00000000
00000000
40000000
20000030
00000001
004c0460
00000000
00000008
00000001
00000007
00000eb0
000006b0
005b56a0
00000200
00000000
00000000
40000000
20000030
00000001
004c0540
00000000
00000008
00000001
00000007
00000ed0
000006d0
005b56c0
00000200
00000000
00000000
40000000
20000030
00000001
004c0620
00000000
00000008
00000001
00000007
00000ef0
000006f0
005b56e0
00000200
00000000
00000000
40000000
10000014
00000001
027cdc80
00000001
03000000
00001010
30000000
10000014
00000000
00d7e000
00000001
00000000
00012000
30000000
10000014
00000000
00d90000
00000001
00080000
00012000
30000000
10000014
00000000
00da2000
00000001
00100000
00012000
30000000
10000014
00000000
00db4000
00000001
00180000
00012000
30000000
10000014
00000000
00dc6000
00000001
00200000
00012000
30000000
10000014
00000000
00dd8000
00000001
00280000
00012000
30000000
10000014
00000000
00dea000
00000001
00300000
00012000
30000000
10000014
00000000
00dfc000
00000001
00380000
00012000
30000000
22000030
00000007
001a0000
00000000
00000200
00000007
00000007
00000000
00000000
004c0000
03031111
00000006
00000007
40000000
10000014
00000001
024c0000
00000001
00012000
0005e800
30000000
10000014
00000001
024c0000
00000001
00092000
0005e800
30000000
10000014
00000001
024c0000
00000001
00112000
0005e800
30000000
10000014
00000001
024c0000
00000001
00192000
0005e800
30000000
10000014
00000001
024c0000
00000001
00212000
0005e800
30000000
10000014
00000001
024c0000
00000001
00292000
0005e800
30000000
10000014
00000001
024c0000
00000001
00312000
0005e800
30000000
10000014
00000001
024c0000
00000001
00392000
0005e800
30000000
90000060
0000002a
00004807
000000ff
00000000
00001200
00000240
00000002
00000000
00000000
00000000
00000000
00000000
00000000
00000000
00000000
00000000
00000000
00000000
00000000
00000000
00000000
00000000
00000000
00000000
70000000
00000000
00000000
00000000
00000000
00000000
00000000
00000000
00000000
00000000
00000000
00000000
00000000
00000000
00000000
00000000
00000000
10000014
00000001
01000000
00000001
024c0000
00000540
30000000
10000014
00000001
01040000
00000001
024c0540
00000540
30000000
10000014
00000001
01080000
00000001
024c0a80
00000540
30000000
10000014
00000001
010c0000
00000001
024c0fc0
00000540
30000000
10000014
00000001
01100000
00000001
024c1500
00000540
30000000
10000014
00000001
01140000
00000001
024c1a40
00000540
30000000
10000014
00000001
01180000
00000001
024c1f80
00000540
30000000
10000014
00000001
011c0000
00000001
024c24c0
00000540
30000000
20000030
00000001
004c0000
00000000
00000008
00000006
00000007
00000f10
00000710
005a0700
00000200
00000000
00000000
40000000
20000030
00000001
004c0540
00000000
00000008
00000006
00000007
00000f30
00000730
005a0720
00000200
00000000
00000000
40000000
20000030
00000001
004c0a80
00000000
00000008
00000006
00000007
00000f50
00000750
005a0740
00000200
00000000
00000000
40000000
20000030
00000001
004c0fc0
00000000
00000008
00000006
00000007
00000f70
00000770
005a0760
00000200
00000000
00000000
40000000
20000030
00000001
004c1500
00000000
00000008
00000006
00000007
00000f90
00000790
005a0780
00000200
00000000
00000000
40000000
20000030
00000001
004c1a40
00000000
00000008
00000006
00000007
00000fb0
000007b0
005a07a0
00000200
00000000
00000000
40000000
20000030
00000001
004c1f80
00000000
00000008
00000006
00000007
00000fd0
000007d0
005a07c0
00000200
00000000
00000000
40000000
20000030
00000001
004c24c0
00000000
00000008
00000006
00000007
00000ff0
000007f0
005a07e0
00000200
00000000
00000000
40000000
22000030
00000007
001a8c00
00000000
00000200
00000002
00000007
00000000
00000000
004c0000
03031101
00000001
00000007
40000000
10000014
00000001
024c0000
00000001
00012000
0000fc00
30000000
10000014
00000001
024c0000
00000001
00092000
0000fc00
30000000
10000014
00000001
024c0000
00000001
00112000
0000fc00
30000000
10000014
00000001
024c0000
00000001
00192000
0000fc00
30000000
10000014
00000001
024c0000
00000001
00212000
0000fc00
30000000
10000014
00000001
024c0000
00000001
00292000
0000fc00
30000000
10000014
00000001
024c0000
00000001
00312000
0000fc00
30000000
10000014
00000001
024c0000
00000001
00392000
0000fc00
30000000
90000060
00000007
00004807
000000ff
00000000
00001200
00000240
00000002
00000000
00000000
00000000
00000000
00000000
00000000
00000000
00000000
00000000
00000000
00000000
00000000
00000000
00000000
00000000
00000000
00000000
70000000
00000000
00000000
00000000
00000000
00000000
00000000
00000000
00000000
00000000
00000000
00000000
00000000
00000000
00000000
00000000
00000000
10000014
00000001
01000000
00000001
024c0000
000000e0
30000000
10000014
00000001
01040000
00000001
024c00e0
000000e0
30000000
10000014
00000001
01080000
00000001
024c01c0
000000e0
30000000
10000014
00000001
010c0000
00000001
024c02a0
000000e0
30000000
10000014
00000001
01100000
00000001
024c0380
000000e0
30000000
10000014
00000001
01140000
00000001
024c0460
000000e0
30000000
10000014
00000001
01180000
00000001
024c0540
000000e0
30000000
10000014
00000001
011c0000
00000001
024c0620
000000e0
30000000
20000030
00000001
004c0000
00000000
00000008
00000001
00000007
00000f10
00000710
005b5700
00000200
00000000
00000000
40000000
20000030
00000001
004c00e0
00000000
00000008
00000001
00000007
00000f30
00000730
005b5720
00000200
00000000
00000000
40000000
20000030
00000001
004c01c0
00000000
00000008
00000001
00000007
00000f50
00000750
005b5740
00000200
00000000
00000000
40000000
20000030
00000001
004c02a0
00000000
00000008
00000001
00000007
00000f70
00000770
005b5760
00000200
00000000
00000000
40000000
20000030
00000001
004c0380
00000000
00000008
00000001
00000007
00000f90
00000790
005b5780
00000200
00000000
00000000
40000000
20000030
00000001
004c0460
00000000
00000008
00000001
00000007
00000fb0
000007b0
005b57a0
00000200
00000000
00000000
40000000
20000030
00000001
004c0540
00000000
00000008
00000001
00000007
00000fd0
000007d0
005b57c0
00000200
00000000
00000000
40000000
20000030
00000001
004c0620
00000000
00000008
00000001
00000007
00000ff0
000007f0
005b57e0
00000200
00000000
00000000
40000000
10000014
00000001
027ccc70
00000001
03000000
00001010
30000000
22000030
00000003
005a0000
00000000
00000200
00000007
00000007
00000000
00000000
005b8800
00000000
00000000
00000000
40000000
26000030
00000001
005b8800
00000000
00000200
00000007
00000007
00000810
00000010
005a0000
00000000
00000000
00000000
40000000
10000014
00000001
027cfca0
00000001
03000000
00001010
30000000
10000014
00000000
00e0e000
00000001
00000000
00001000
30000000
10000014
00000000
00e0f000
00000001
00080000
00001000
30000000
10000014
00000000
00e10000
00000001
00100000
00001000
30000000
10000014
00000000
00e11000
00000001
00180000
00001000
30000000
10000014
00000000
00e12000
00000001
00200000
00001000
30000000
10000014
00000000
00e13000
00000001
00280000
00001000
30000000
10000014
00000000
00e14000
00000001
00300000
00001000
30000000
10000014
00000000
00e15000
00000001
00380000
00001000
30000000
22000030
00000003
00000000
00000000
00000100
0000000e
0000000e
00000000
00000000
001a0000
00000000
00000000
00000000
40000000
22000030
00000007
001a0000
00000000
00000100
0000000d
0000000e
00000000
00000000
004c0000
01012200
00000007
00000007
40000000
10000014
00000001
024c0000
00000001
00001000
00006200
30000000
10000014
00000001
024c0000
00000001
00081000
00006200
30000000
10000014
00000001
024c0000
00000001
00101000
00006200
30000000
10000014
00000001
024c0000
00000001
00181000
00006200
30000000
10000014
00000001
024c0000
00000001
00201000
00006200
30000000
10000014
00000001
024c0000
00000001
00281000
00006200
30000000
10000014
00000001
024c0000
00000001
00301000
00006200
30000000
10000014
00000001
024c0000
00000001
00381000
00006200
30000000
90000060
00000031
00000407
000000ff
00000000
00000100
00000020
00000002
00000000
00000000
00000000
00000000
00000000
00000000
00000000
00000000
00000000
00000000
00000000
00000000
00000000
00000000
00000000
00000000
00000000
70000000
00000000
00000000
00000000
00000000
00000000
00000000
00000000
00000000
00000000
00000000
00000000
00000000
00000000
00000000
00000000
00000000
10000014
00000001
01000000
00000001
024c0000
00000620
30000000
10000014
00000001
01040000
00000001
024c0620
00000620
30000000
10000014
00000001
01080000
00000001
024c0c40
00000620
30000000
10000014
00000001
010c0000
00000001
024c1260
00000620
30000000
10000014
00000001
01100000
00000001
024c1880
00000620
30000000
10000014
00000001
01140000
00000001
024c1ea0
00000620
30000000
10000014
00000001
01180000
00000001
024c24c0
00000620
30000000
10000014
00000001
011c0000
00000001
024c2ae0
00000620
30000000
20000030
00000001
004c0000
00000000
00000008
00000007
00000007
00000810
00000010
005b8800
00000200
00000000
00000000
40000000
20000030
00000001
004c0620
00000000
00000008
00000007
00000007
00000830
00000030
005b8820
00000200
00000000
00000000
40000000
20000030
00000001
004c0c40
00000000
00000008
00000007
00000007
00000850
00000050
005b8840
00000200
00000000
00000000
40000000
20000030
00000001
004c1260
00000000
00000008
00000007
00000007
00000870
00000070
005b8860
00000200
00000000
00000000
40000000
20000030
00000001
004c1880
00000000
00000008
00000007
00000007
00000890
00000090
005b8880
00000200
00000000
00000000
40000000
20000030
00000001
004c1ea0
00000000
00000008
00000007
00000007
000008b0
000000b0
005b88a0
00000200
00000000
00000000
40000000
20000030
00000001
004c24c0
00000000
00000008
00000007
00000007
000008d0
000000d0
005b88c0
00000200
00000000
00000000
40000000
20000030
00000001
004c2ae0
00000000
00000008
00000007
00000007
000008f0
000000f0
005b88e0
00000200
00000000
00000000
40000000
10000014
00000001
027cfca0
00000001
03000000
00001010
30000000
10000014
00000000
00e16000
00000001
00000000
00001000
30000000
10000014
00000000
00e17000
00000001
00080000
00001000
30000000
10000014
00000000
00e18000
00000001
00100000
00001000
30000000
10000014
00000000
00e19000
00000001
00180000
00001000
30000000
10000014
00000000
00e1a000
00000001
00200000
00001000
30000000
10000014
00000000
00e1b000
00000001
00280000
00001000
30000000
10000014
00000000
00e1c000
00000001
00300000
00001000
30000000
10000014
00000000
00e1d000
00000001
00380000
00001000
30000000
22000030
00000007
001a0000
00000000
00000100
0000000d
0000000e
00000000
00000000
004c0000
01012200
00000007
00000007
40000000
10000014
00000001
024c0000
00000001
00001000
00006200
30000000
10000014
00000001
024c0000
00000001
00081000
00006200
30000000
10000014
00000001
024c0000
00000001
00101000
00006200
30000000
10000014
00000001
024c0000
00000001
00181000
00006200
30000000
10000014
00000001
024c0000
00000001
00201000
00006200
30000000
10000014
00000001
024c0000
00000001
00281000
00006200
30000000
10000014
00000001
024c0000
00000001
00301000
00006200
30000000
10000014
00000001
024c0000
00000001
00381000
00006200
30000000
90000060
00000031
00000407
000000ff
00000000
00000100
00000020
00000002
00000000
00000000
00000000
00000000
00000000
00000000
00000000
00000000
00000000
00000000
00000000
00000000
00000000
00000000
00000000
00000000
00000000
70000000
00000000
00000000
00000000
00000000
00000000
00000000
00000000
00000000
00000000
00000000
00000000
00000000
00000000
00000000
00000000
00000000
10000014
00000001
01000000
00000001
024c0000
00000620
30000000
10000014
00000001
01040000
00000001
024c0620
00000620
30000000
10000014
00000001
01080000
00000001
024c0c40
00000620
30000000
10000014
00000001
010c0000
00000001
024c1260
00000620
30000000
10000014
00000001
01100000
00000001
024c1880
00000620
30000000
10000014
00000001
01140000
00000001
024c1ea0
00000620
30000000
10000014
00000001
01180000
00000001
024c24c0
00000620
30000000
10000014
00000001
011c0000
00000001
024c2ae0
00000620
30000000
20000030
00000001
004c0000
00000000
00000008
00000007
00000007
00000910
00000110
005b8900
00000200
00000000
00000000
40000000
20000030
00000001
004c0620
00000000
00000008
00000007
00000007
00000930
00000130
005b8920
00000200
00000000
00000000
40000000
20000030
00000001
004c0c40
00000000
00000008
00000007
00000007
00000950
00000150
005b8940
00000200
00000000
00000000
40000000
20000030
00000001
004c1260
00000000
00000008
00000007
00000007
00000970
00000170
005b8960
00000200
00000000
00000000
40000000
20000030
00000001
004c1880
00000000
00000008
00000007
00000007
00000990
00000190
005b8980
00000200
00000000
00000000
40000000
20000030
00000001
004c1ea0
00000000
00000008
00000007
00000007
000009b0
000001b0
005b89a0
00000200
00000000
00000000
40000000
20000030
00000001
004c24c0
00000000
00000008
00000007
00000007
000009d0
000001d0
005b89c0
00000200
00000000
00000000
40000000
20000030
00000001
004c2ae0
00000000
00000008
00000007
00000007
000009f0
000001f0
005b89e0
00000200
00000000
00000000
40000000
10000014
00000001
027cfca0
00000001
03000000
00001010
30000000
10000014
00000000
00e1e000
00000001
00000000
00001000
30000000
10000014
00000000
00e1f000
00000001
00080000
00001000
30000000
10000014
00000000
00e20000
00000001
00100000
00001000
30000000
10000014
00000000
00e21000
00000001
00180000
00001000
30000000
10000014
00000000
00e22000
00000001
00200000
00001000
30000000
10000014
00000000
00e23000
00000001
00280000
00001000
30000000
10000014
00000000
00e24000
00000001
00300000
00001000
30000000
10000014
00000000
00e25000
00000001
00380000
00001000
30000000
22000030
00000007
001a0000
00000000
00000100
0000000d
0000000e
00000000
00000000
004c0000
01012200
00000007
00000007
40000000
10000014
00000001
024c0000
00000001
00001000
00006200
30000000
10000014
00000001
024c0000
00000001
00081000
00006200
30000000
10000014
00000001
024c0000
00000001
00101000
00006200
30000000
10000014
00000001
024c0000
00000001
00181000
00006200
30000000
10000014
00000001
024c0000
00000001
00201000
00006200
30000000
10000014
00000001
024c0000
00000001
00281000
00006200
30000000
10000014
00000001
024c0000
00000001
00301000
00006200
30000000
10000014
00000001
024c0000
00000001
00381000
00006200
30000000
90000060
00000031
00000407
000000ff
00000000
00000100
00000020
00000002
00000000
00000000
00000000
00000000
00000000
00000000
00000000
00000000
00000000
00000000
00000000
00000000
00000000
00000000
00000000
00000000
00000000
70000000
00000000
00000000
00000000
00000000
00000000
00000000
00000000
00000000
00000000
00000000
00000000
00000000
00000000
00000000
00000000
00000000
10000014
00000001
01000000
00000001
024c0000
00000620
30000000
10000014
00000001
01040000
00000001
024c0620
00000620
30000000
10000014
00000001
01080000
00000001
024c0c40
00000620
30000000
10000014
00000001
010c0000
00000001
024c1260
00000620
30000000
10000014
00000001
01100000
00000001
024c1880
00000620
30000000
10000014
00000001
01140000
00000001
024c1ea0
00000620
30000000
10000014
00000001
01180000
00000001
024c24c0
00000620
30000000
10000014
00000001
011c0000
00000001
024c2ae0
00000620
30000000
20000030
00000001
004c0000
00000000
00000008
00000007
00000007
00000a10
00000210
005b8a00
00000200
00000000
00000000
40000000
20000030
00000001
004c0620
00000000
00000008
00000007
00000007
00000a30
00000230
005b8a20
00000200
00000000
00000000
40000000
20000030
00000001
004c0c40
00000000
00000008
00000007
00000007
00000a50
00000250
005b8a40
00000200
00000000
00000000
40000000
20000030
00000001
004c1260
00000000
00000008
00000007
00000007
00000a70
00000270
005b8a60
00000200
00000000
00000000
40000000
20000030
00000001
004c1880
00000000
00000008
00000007
00000007
00000a90
00000290
005b8a80
00000200
00000000
00000000
40000000
20000030
00000001
004c1ea0
00000000
00000008
00000007
00000007
00000ab0
000002b0
005b8aa0
00000200
00000000
00000000
40000000
20000030
00000001
004c24c0
00000000
00000008
00000007
00000007
00000ad0
000002d0
005b8ac0
00000200
00000000
00000000
40000000
20000030
00000001
004c2ae0
00000000
00000008
00000007
00000007
00000af0
000002f0
005b8ae0
00000200
00000000
00000000
40000000
10000014
00000001
027cfca0
00000001
03000000
00001010
30000000
10000014
00000000
00e26000
00000001
00000000
00001000
30000000
10000014
00000000
00e27000
00000001
00080000
00001000
30000000
10000014
00000000
00e28000
00000001
00100000
00001000
30000000
10000014
00000000
00e29000
00000001
00180000
00001000
30000000
10000014
00000000
00e2a000
00000001
00200000
00001000
30000000
10000014
00000000
00e2b000
00000001
00280000
00001000
30000000
10000014
00000000
00e2c000
00000001
00300000
00001000
30000000
10000014
00000000
00e2d000
00000001
00380000
00001000
30000000
22000030
00000007
001a0000
00000000
00000100
0000000d
0000000e
00000000
00000000
004c0000
01012200
00000007
00000007
40000000
10000014
00000001
024c0000
00000001
00001000
00006200
30000000
10000014
00000001
024c0000
00000001
00081000
00006200
30000000
10000014
00000001
024c0000
00000001
00101000
00006200
30000000
10000014
00000001
024c0000
00000001
00181000
00006200
30000000
10000014
00000001
024c0000
00000001
00201000
00006200
30000000
10000014
00000001
024c0000
00000001
00281000
00006200
30000000
10000014
00000001
024c0000
00000001
00301000
00006200
30000000
10000014
00000001
024c0000
00000001
00381000
00006200
30000000
90000060
00000031
00000407
000000ff
00000000
00000100
00000020
00000002
00000000
00000000
00000000
00000000
00000000
00000000
00000000
00000000
00000000
00000000
00000000
00000000
00000000
00000000
00000000
00000000
00000000
70000000
00000000
00000000
00000000
00000000
00000000
00000000
00000000
00000000
00000000
00000000
00000000
00000000
00000000
00000000
00000000
00000000
10000014
00000001
01000000
00000001
024c0000
00000620
30000000
10000014
00000001
01040000
00000001
024c0620
00000620
30000000
10000014
00000001
01080000
00000001
024c0c40
00000620
30000000
10000014
00000001
010c0000
00000001
024c1260
00000620
30000000
10000014
00000001
01100000
00000001
024c1880
00000620
30000000
10000014
00000001
01140000
00000001
024c1ea0
00000620
30000000
10000014
00000001
01180000
00000001
024c24c0
00000620
30000000
10000014
00000001
011c0000
00000001
024c2ae0
00000620
30000000
20000030
00000001
004c0000
00000000
00000008
00000007
00000007
00000b10
00000310
005b8b00
00000200
00000000
00000000
40000000
20000030
00000001
004c0620
00000000
00000008
00000007
00000007
00000b30
00000330
005b8b20
00000200
00000000
00000000
40000000
20000030
00000001
004c0c40
00000000
00000008
00000007
00000007
00000b50
00000350
005b8b40
00000200
00000000
00000000
40000000
20000030
00000001
004c1260
00000000
00000008
00000007
00000007
00000b70
00000370
005b8b60
00000200
00000000
00000000
40000000
20000030
00000001
004c1880
00000000
00000008
00000007
00000007
00000b90
00000390
005b8b80
00000200
00000000
00000000
40000000
20000030
00000001
004c1ea0
00000000
00000008
00000007
00000007
00000bb0
000003b0
005b8ba0
00000200
00000000
00000000
40000000
20000030
00000001
004c24c0
00000000
00000008
00000007
00000007
00000bd0
000003d0
005b8bc0
00000200
00000000
00000000
40000000
20000030
00000001
004c2ae0
00000000
00000008
00000007
00000007
00000bf0
000003f0
005b8be0
00000200
00000000
00000000
40000000
10000014
00000001
027cfca0
00000001
03000000
00001010
30000000
10000014
00000000
00e2e000
00000001
00000000
00001000
30000000
10000014
00000000
00e2f000
00000001
00080000
00001000
30000000
10000014
00000000
00e30000
00000001
00100000
00001000
30000000
10000014
00000000
00e31000
00000001
00180000
00001000
30000000
10000014
00000000
00e32000
00000001
00200000
00001000
30000000
10000014
00000000
00e33000
00000001
00280000
00001000
30000000
10000014
00000000
00e34000
00000001
00300000
00001000
30000000
10000014
00000000
00e35000
00000001
00380000
00001000
30000000
22000030
00000007
001a0000
00000000
00000100
0000000d
0000000e
00000000
00000000
004c0000
01012200
00000007
00000007
40000000
10000014
00000001
024c0000
00000001
00001000
00006200
30000000
10000014
00000001
024c0000
00000001
00081000
00006200
30000000
10000014
00000001
024c0000
00000001
00101000
00006200
30000000
10000014
00000001
024c0000
00000001
00181000
00006200
30000000
10000014
00000001
024c0000
00000001
00201000
00006200
30000000
10000014
00000001
024c0000
00000001
00281000
00006200
30000000
10000014
00000001
024c0000
00000001
00301000
00006200
30000000
10000014
00000001
024c0000
00000001
00381000
00006200
30000000
90000060
00000031
00000407
000000ff
00000000
00000100
00000020
00000002
00000000
00000000
00000000
00000000
00000000
00000000
00000000
00000000
00000000
00000000
00000000
00000000
00000000
00000000
00000000
00000000
00000000
70000000
00000000
00000000
00000000
00000000
00000000
00000000
00000000
00000000
00000000
00000000
00000000
00000000
00000000
00000000
00000000
00000000
10000014
00000001
01000000
00000001
024c0000
00000620
30000000
10000014
00000001
01040000
00000001
024c0620
00000620
30000000
10000014
00000001
01080000
00000001
024c0c40
00000620
30000000
10000014
00000001
010c0000
00000001
024c1260
00000620
30000000
10000014
00000001
01100000
00000001
024c1880
00000620
30000000
10000014
00000001
01140000
00000001
024c1ea0
00000620
30000000
10000014
00000001
01180000
00000001
024c24c0
00000620
30000000
10000014
00000001
011c0000
00000001
024c2ae0
00000620
30000000
20000030
00000001
004c0000
00000000
00000008
00000007
00000007
00000c10
00000410
005b8c00
00000200
00000000
00000000
40000000
20000030
00000001
004c0620
00000000
00000008
00000007
00000007
00000c30
00000430
005b8c20
00000200
00000000
00000000
40000000
20000030
00000001
004c0c40
00000000
00000008
00000007
00000007
00000c50
00000450
005b8c40
00000200
00000000
00000000
40000000
20000030
00000001
004c1260
00000000
00000008
00000007
00000007
00000c70
00000470
005b8c60
00000200
00000000
00000000
40000000
20000030
00000001
004c1880
00000000
00000008
00000007
00000007
00000c90
00000490
005b8c80
00000200
00000000
00000000
40000000
20000030
00000001
004c1ea0
00000000
00000008
00000007
00000007
00000cb0
000004b0
005b8ca0
00000200
00000000
00000000
40000000
20000030
00000001
004c24c0
00000000
00000008
00000007
00000007
00000cd0
000004d0
005b8cc0
00000200
00000000
00000000
40000000
20000030
00000001
004c2ae0
00000000
00000008
00000007
00000007
00000cf0
000004f0
005b8ce0
00000200
00000000
00000000
40000000
10000014
00000001
027cfca0
00000001
03000000
00001010
30000000
10000014
00000000
00e36000
00000001
00000000
00001000
30000000
10000014
00000000
00e37000
00000001
00080000
00001000
30000000
10000014
00000000
00e38000
00000001
00100000
00001000
30000000
10000014
00000000
00e39000
00000001
00180000
00001000
30000000
10000014
00000000
00e3a000
00000001
00200000
00001000
30000000
10000014
00000000
00e3b000
00000001
00280000
00001000
30000000
10000014
00000000
00e3c000
00000001
00300000
00001000
30000000
10000014
00000000
00e3d000
00000001
00380000
00001000
30000000
22000030
00000007
001a0000
00000000
00000100
0000000d
0000000e
00000000
00000000
004c0000
01012200
00000007
00000007
40000000
10000014
00000001
024c0000
00000001
00001000
00006200
30000000
10000014
00000001
024c0000
00000001
00081000
00006200
30000000
10000014
00000001
024c0000
00000001
00101000
00006200
30000000
10000014
00000001
024c0000
00000001
00181000
00006200
30000000
10000014
00000001
024c0000
00000001
00201000
00006200
30000000
10000014
00000001
024c0000
00000001
00281000
00006200
30000000
10000014
00000001
024c0000
00000001
00301000
00006200
30000000
10000014
00000001
024c0000
00000001
00381000
00006200
30000000
90000060
00000031
00000407
000000ff
00000000
00000100
00000020
00000002
00000000
00000000
00000000
00000000
00000000
00000000
00000000
00000000
00000000
00000000
00000000
00000000
00000000
00000000
00000000
00000000
00000000
70000000
00000000
00000000
00000000
00000000
00000000
00000000
00000000
00000000
00000000
00000000
00000000
00000000
00000000
00000000
00000000
00000000
10000014
00000001
01000000
00000001
024c0000
00000620
30000000
10000014
00000001
01040000
00000001
024c0620
00000620
30000000
10000014
00000001
01080000
00000001
024c0c40
00000620
30000000
10000014
00000001
010c0000
00000001
024c1260
00000620
30000000
10000014
00000001
01100000
00000001
024c1880
00000620
30000000
10000014
00000001
01140000
00000001
024c1ea0
00000620
30000000
10000014
00000001
01180000
00000001
024c24c0
00000620
30000000
10000014
00000001
011c0000
00000001
024c2ae0
00000620
30000000
20000030
00000001
004c0000
00000000
00000008
00000007
00000007
00000d10
00000510
005b8d00
00000200
00000000
00000000
40000000
20000030
00000001
004c0620
00000000
00000008
00000007
00000007
00000d30
00000530
005b8d20
00000200
00000000
00000000
40000000
20000030
00000001
004c0c40
00000000
00000008
00000007
00000007
00000d50
00000550
005b8d40
00000200
00000000
00000000
40000000
20000030
00000001
004c1260
00000000
00000008
00000007
00000007
00000d70
00000570
005b8d60
00000200
00000000
00000000
40000000
20000030
00000001
004c1880
00000000
00000008
00000007
00000007
00000d90
00000590
005b8d80
00000200
00000000
00000000
40000000
20000030
00000001
004c1ea0
00000000
00000008
00000007
00000007
00000db0
000005b0
005b8da0
00000200
00000000
00000000
40000000
20000030
00000001
004c24c0
00000000
00000008
00000007
00000007
00000dd0
000005d0
005b8dc0
00000200
00000000
00000000
40000000
20000030
00000001
004c2ae0
00000000
00000008
00000007
00000007
00000df0
000005f0
005b8de0
00000200
00000000
00000000
40000000
10000014
00000001
027cfca0
00000001
03000000
00001010
30000000
10000014
00000000
00e3e000
00000001
00000000
00001000
30000000
10000014
00000000
00e3f000
00000001
00080000
00001000
30000000
10000014
00000000
00e40000
00000001
00100000
00001000
30000000
10000014
00000000
00e41000
00000001
00180000
00001000
30000000
10000014
00000000
00e42000
00000001
00200000
00001000
30000000
10000014
00000000
00e43000
00000001
00280000
00001000
30000000
10000014
00000000
00e44000
00000001
00300000
00001000
30000000
10000014
00000000
00e45000
00000001
00380000
00001000
30000000
22000030
00000007
001a0000
00000000
00000100
0000000d
0000000e
00000000
00000000
004c0000
01012200
00000007
00000007
40000000
10000014
00000001
024c0000
00000001
00001000
00006200
30000000
10000014
00000001
024c0000
00000001
00081000
00006200
30000000
10000014
00000001
024c0000
00000001
00101000
00006200
30000000
10000014
00000001
024c0000
00000001
00181000
00006200
30000000
10000014
00000001
024c0000
00000001
00201000
00006200
30000000
10000014
00000001
024c0000
00000001
00281000
00006200
30000000
10000014
00000001
024c0000
00000001
00301000
00006200
30000000
10000014
00000001
024c0000
00000001
00381000
00006200
30000000
90000060
00000031
00000407
000000ff
00000000
00000100
00000020
00000002
00000000
00000000
00000000
00000000
00000000
00000000
00000000
00000000
00000000
00000000
00000000
00000000
00000000
00000000
00000000
00000000
00000000
70000000
00000000
00000000
00000000
00000000
00000000
00000000
00000000
00000000
00000000
00000000
00000000
00000000
00000000
00000000
00000000
00000000
10000014
00000001
01000000
00000001
024c0000
00000620
30000000
10000014
00000001
01040000
00000001
024c0620
00000620
30000000
10000014
00000001
01080000
00000001
024c0c40
00000620
30000000
10000014
00000001
010c0000
00000001
024c1260
00000620
30000000
10000014
00000001
01100000
00000001
024c1880
00000620
30000000
10000014
00000001
01140000
00000001
024c1ea0
00000620
30000000
10000014
00000001
01180000
00000001
024c24c0
00000620
30000000
10000014
00000001
011c0000
00000001
024c2ae0
00000620
30000000
20000030
00000001
004c0000
00000000
00000008
00000007
00000007
00000e10
00000610
005b8e00
00000200
00000000
00000000
40000000
20000030
00000001
004c0620
00000000
00000008
00000007
00000007
00000e30
00000630
005b8e20
00000200
00000000
00000000
40000000
20000030
00000001
004c0c40
00000000
00000008
00000007
00000007
00000e50
00000650
005b8e40
00000200
00000000
00000000
40000000
20000030
00000001
004c1260
00000000
00000008
00000007
00000007
00000e70
00000670
005b8e60
00000200
00000000
00000000
40000000
20000030
00000001
004c1880
00000000
00000008
00000007
00000007
00000e90
00000690
005b8e80
00000200
00000000
00000000
40000000
20000030
00000001
004c1ea0
00000000
00000008
00000007
00000007
00000eb0
000006b0
005b8ea0
00000200
00000000
00000000
40000000
20000030
00000001
004c24c0
00000000
00000008
00000007
00000007
00000ed0
000006d0
005b8ec0
00000200
00000000
00000000
40000000
20000030
00000001
004c2ae0
00000000
00000008
00000007
00000007
00000ef0
000006f0
005b8ee0
00000200
00000000
00000000
40000000
10000014
00000001
027cfca0
00000001
03000000
00001010
30000000
10000014
00000000
00e46000
00000001
00000000
00001000
30000000
10000014
00000000
00e47000
00000001
00080000
00001000
30000000
10000014
00000000
00e48000
00000001
00100000
00001000
30000000
10000014
00000000
00e49000
00000001
00180000
00001000
30000000
10000014
00000000
00e4a000
00000001
00200000
00001000
30000000
10000014
00000000
00e4b000
00000001
00280000
00001000
30000000
10000014
00000000
00e4c000
00000001
00300000
00001000
30000000
10000014
00000000
00e4d000
00000001
00380000
00001000
30000000
22000030
00000007
001a0000
00000000
00000100
0000000d
0000000e
00000000
00000000
004c0000
01012200
00000007
00000007
40000000
10000014
00000001
024c0000
00000001
00001000
00006200
30000000
10000014
00000001
024c0000
00000001
00081000
00006200
30000000
10000014
00000001
024c0000
00000001
00101000
00006200
30000000
10000014
00000001
024c0000
00000001
00181000
00006200
30000000
10000014
00000001
024c0000
00000001
00201000
00006200
30000000
10000014
00000001
024c0000
00000001
00281000
00006200
30000000
10000014
00000001
024c0000
00000001
00301000
00006200
30000000
10000014
00000001
024c0000
00000001
00381000
00006200
30000000
90000060
00000031
00000407
000000ff
00000000
00000100
00000020
00000002
00000000
00000000
00000000
00000000
00000000
00000000
00000000
00000000
00000000
00000000
00000000
00000000
00000000
00000000
00000000
00000000
00000000
70000000
00000000
00000000
00000000
00000000
00000000
00000000
00000000
00000000
00000000
00000000
00000000
00000000
00000000
00000000
00000000
00000000
10000014
00000001
01000000
00000001
024c0000
00000620
30000000
10000014
00000001
01040000
00000001
024c0620
00000620
30000000
10000014
00000001
01080000
00000001
024c0c40
00000620
30000000
10000014
00000001
010c0000
00000001
024c1260
00000620
30000000
10000014
00000001
01100000
00000001
024c1880
00000620
30000000
10000014
00000001
01140000
00000001
024c1ea0
00000620
30000000
10000014
00000001
01180000
00000001
024c24c0
00000620
30000000
10000014
00000001
011c0000
00000001
024c2ae0
00000620
30000000
20000030
00000001
004c0000
00000000
00000008
00000007
00000007
00000f10
00000710
005b8f00
00000200
00000000
00000000
40000000
20000030
00000001
004c0620
00000000
00000008
00000007
00000007
00000f30
00000730
005b8f20
00000200
00000000
00000000
40000000
20000030
00000001
004c0c40
00000000
00000008
00000007
00000007
00000f50
00000750
005b8f40
00000200
00000000
00000000
40000000
20000030
00000001
004c1260
00000000
00000008
00000007
00000007
00000f70
00000770
005b8f60
00000200
00000000
00000000
40000000
20000030
00000001
004c1880
00000000
00000008
00000007
00000007
00000f90
00000790
005b8f80
00000200
00000000
00000000
40000000
20000030
00000001
004c1ea0
00000000
00000008
00000007
00000007
00000fb0
000007b0
005b8fa0
00000200
00000000
00000000
40000000
20000030
00000001
004c24c0
00000000
00000008
00000007
00000007
00000fd0
000007d0
005b8fc0
00000200
00000000
00000000
40000000
20000030
00000001
004c2ae0
00000000
00000008
00000007
00000007
00000ff0
000007f0
005b8fe0
00000200
00000000
00000000
40000000
10000014
00000001
027cec90
00000001
03000000
00001010
30000000
22000030
00000003
005b8800
00000000
00000200
00000007
00000007
00000000
00000000
005d1000
00000000
00000000
00000000
40000000
26000030
00000001
005d1000
00000000
00000200
00000007
00000007
00000810
00000010
005b8800
00000000
00000000
00000000
40000000
10000014
00000001
027d0cb0
00000001
03000000
00001010
30000000
20000030
00000006
005a0000
005b8800
00000200
00000007
00000007
00000000
00000000
001a0000
00000001
00000000
00000000
40000000
22000030
00000003
001a0000
00000000
00000200
00000007
00000007
00000000
00000000
005d1000
00000000
00000000
00000000
40000000
26000030
00000001
005d1000
00000000
00000200
00000007
00000007
00000810
00000010
001a0000
00000000
00000000
00000000
40000000
10000014
00000001
027d2cd0
00000001
03000000
00001010
30000000
10000014
00000000
00e4e000
00000001
00000000
00012000
30000000
10000014
00000000
00e60000
00000001
00080000
00012000
30000000
10000014
00000000
00e72000
00000001
00100000
00012000
30000000
10000014
00000000
00e84000
00000001
00180000
00012000
30000000
10000014
00000000
00e96000
00000001
00200000
00012000
30000000
10000014
00000000
00ea8000
00000001
00280000
00012000
30000000
10000014
00000000
00eba000
00000001
00300000
00012000
30000000
10000014
00000000
00ecc000
00000001
00380000
00012000
30000000
22000030
00000003
001a0000
00000000
00000200
00000007
00000007
00000000
00000000
005a0000
00000000
00000000
00000000
40000000
22000030
00000007
005a0000
00000000
00000200
00000007
00000007
00000000
00000000
004c0000
03031111
00000006
00000007
40000000
10000014
00000001
024c0000
00000001
00012000
0005e800
30000000
10000014
00000001
024c0000
00000001
00092000
0005e800
30000000
10000014
00000001
024c0000
00000001
00112000
0005e800
30000000
10000014
00000001
024c0000
00000001
00192000
0005e800
30000000
10000014
00000001
024c0000
00000001
00212000
0005e800
30000000
10000014
00000001
024c0000
00000001
00292000
0005e800
30000000
10000014
00000001
024c0000
00000001
00312000
0005e800
30000000
10000014
00000001
024c0000
00000001
00392000
0005e800
30000000
90000060
0000002a
00004807
000000ff
00000000
00001200
00000240
00000002
00000000
00000000
00000000
00000000
00000000
00000000
00000000
00000000
00000000
00000000
00000000
00000000
00000000
00000000
00000000
00000000
00000000
70000000
00000000
00000000
00000000
00000000
00000000
00000000
00000000
00000000
00000000
00000000
00000000
00000000
00000000
00000000
00000000
00000000
10000014
00000001
01000000
00000001
024c0000
00000540
30000000
10000014
00000001
01040000
00000001
024c0540
00000540
30000000
10000014
00000001
01080000
00000001
024c0a80
00000540
30000000
10000014
00000001
010c0000
00000001
024c0fc0
00000540
30000000
10000014
00000001
01100000
00000001
024c1500
00000540
30000000
10000014
00000001
01140000
00000001
024c1a40
00000540
30000000
10000014
00000001
01180000
00000001
024c1f80
00000540
30000000
10000014
00000001
011c0000
00000001
024c24c0
00000540
30000000
21000030
00000001
004c0000
00000000
00000008
00000006
00000007
00000810
00000010
00000000
00000200
00000000
00000000
40000000
21000030
00000001
004c0540
00000000
00000008
00000006
00000007
00000830
00000030
00000020
00000200
00000000
00000000
40000000
21000030
00000001
004c0a80
00000000
00000008
00000006
00000007
00000850
00000050
00000040
00000200
00000000
00000000
40000000
21000030
00000001
004c0fc0
00000000
00000008
00000006
00000007
00000870
00000070
00000060
00000200
00000000
00000000
40000000
21000030
00000001
004c1500
00000000
00000008
00000006
00000007
00000890
00000090
00000080
00000200
00000000
00000000
40000000
21000030
00000001
004c1a40
00000000
00000008
00000006
00000007
000008b0
000000b0
000000a0
00000200
00000000
00000000
40000000
21000030
00000001
004c1f80
00000000
00000008
00000006
00000007
000008d0
000000d0
000000c0
00000200
00000000
00000000
40000000
21000030
00000001
004c24c0
00000000
00000008
00000006
00000007
000008f0
000000f0
000000e0
00000200
00000000
00000000
40000000
22000030
00000007
005a8c00
00000000
00000200
00000002
00000007
00000000
00000000
004c0000
03031101
00000001
00000007
40000000
10000014
00000001
024c0000
00000001
00012000
0000fc00
30000000
10000014
00000001
024c0000
00000001
00092000
0000fc00
30000000
10000014
00000001
024c0000
00000001
00112000
0000fc00
30000000
10000014
00000001
024c0000
00000001
00192000
0000fc00
30000000
10000014
00000001
024c0000
00000001
00212000
0000fc00
30000000
10000014
00000001
024c0000
00000001
00292000
0000fc00
30000000
10000014
00000001
024c0000
00000001
00312000
0000fc00
30000000
10000014
00000001
024c0000
00000001
00392000
0000fc00
30000000
90000060
00000007
00004807
000000ff
00000000
00001200
00000240
00000002
00000000
00000000
00000000
00000000
00000000
00000000
00000000
00000000
00000000
00000000
00000000
00000000
00000000
00000000
00000000
00000000
00000000
70000000
00000000
00000000
00000000
00000000
00000000
00000000
00000000
00000000
00000000
00000000
00000000
00000000
00000000
00000000
00000000
00000000
10000014
00000001
01000000
00000001
024c0000
000000e0
30000000
10000014
00000001
01040000
00000001
024c00e0
000000e0
30000000
10000014
00000001
01080000
00000001
024c01c0
000000e0
30000000
10000014
00000001
010c0000
00000001
024c02a0
000000e0
30000000
10000014
00000001
01100000
00000001
024c0380
000000e0
30000000
10000014
00000001
01140000
00000001
024c0460
000000e0
30000000
10000014
00000001
01180000
00000001
024c0540
000000e0
30000000
10000014
00000001
011c0000
00000001
024c0620
000000e0
30000000
21000030
00000001
004c0000
00000000
00000008
00000001
00000007
00000810
00000010
00015000
00000200
00000000
00000000
40000000
21000030
00000001
004c00e0
00000000
00000008
00000001
00000007
00000830
00000030
00015020
00000200
00000000
00000000
40000000
21000030
00000001
004c01c0
00000000
00000008
00000001
00000007
00000850
00000050
00015040
00000200
00000000
00000000
40000000
21000030
00000001
004c02a0
00000000
00000008
00000001
00000007
00000870
00000070
00015060
00000200
00000000
00000000
40000000
21000030
00000001
004c0380
00000000
00000008
00000001
00000007
00000890
00000090
00015080
00000200
00000000
00000000
40000000
21000030
00000001
004c0460
00000000
00000008
00000001
00000007
000008b0
000000b0
000150a0
00000200
00000000
00000000
40000000
21000030
00000001
004c0540
00000000
00000008
00000001
00000007
000008d0
000000d0
000150c0
00000200
00000000
00000000
40000000
21000030
00000001
004c0620
00000000
00000008
00000001
00000007
000008f0
000000f0
000150e0
00000200
00000000
00000000
40000000
10000014
00000001
027d2cd0
00000001
03000000
00001010
30000000
10000014
00000000
00ede000
00000001
00000000
00012000
30000000
10000014
00000000
00ef0000
00000001
00080000
00012000
30000000
10000014
00000000
00f02000
00000001
00100000
00012000
30000000
10000014
00000000
00f14000
00000001
00180000
00012000
30000000
10000014
00000000
00f26000
00000001
00200000
00012000
30000000
10000014
00000000
00f38000
00000001
00280000
00012000
30000000
10000014
00000000
00f4a000
00000001
00300000
00012000
30000000
10000014
00000000
00f5c000
00000001
00380000
00012000
30000000
22000030
00000007
005a0000
00000000
00000200
00000007
00000007
00000000
00000000
004c0000
03031111
00000006
00000007
40000000
10000014
00000001
024c0000
00000001
00012000
0005e800
30000000
10000014
00000001
024c0000
00000001
00092000
0005e800
30000000
10000014
00000001
024c0000
00000001
00112000
0005e800
30000000
10000014
00000001
024c0000
00000001
00192000
0005e800
30000000
10000014
00000001
024c0000
00000001
00212000
0005e800
30000000
10000014
00000001
024c0000
00000001
00292000
0005e800
30000000
10000014
00000001
024c0000
00000001
00312000
0005e800
30000000
10000014
00000001
024c0000
00000001
00392000
0005e800
30000000
90000060
0000002a
00004807
000000ff
00000000
00001200
00000240
00000002
00000000
00000000
00000000
00000000
00000000
00000000
00000000
00000000
00000000
00000000
00000000
00000000
00000000
00000000
00000000
00000000
00000000
70000000
00000000
00000000
00000000
00000000
00000000
00000000
00000000
00000000
00000000
00000000
00000000
00000000
00000000
00000000
00000000
00000000
10000014
00000001
01000000
00000001
024c0000
00000540
30000000
10000014
00000001
01040000
00000001
024c0540
00000540
30000000
10000014
00000001
01080000
00000001
024c0a80
00000540
30000000
10000014
00000001
010c0000
00000001
024c0fc0
00000540
30000000
10000014
00000001
01100000
00000001
024c1500
00000540
30000000
10000014
00000001
01140000
00000001
024c1a40
00000540
30000000
10000014
00000001
01180000
00000001
024c1f80
00000540
30000000
10000014
00000001
011c0000
00000001
024c24c0
00000540
30000000
21000030
00000001
004c0000
00000000
00000008
00000006
00000007
00000910
00000110
00000100
00000200
00000000
00000000
40000000
21000030
00000001
004c0540
00000000
00000008
00000006
00000007
00000930
00000130
00000120
00000200
00000000
00000000
40000000
21000030
00000001
004c0a80
00000000
00000008
00000006
00000007
00000950
00000150
00000140
00000200
00000000
00000000
40000000
21000030
00000001
004c0fc0
00000000
00000008
00000006
00000007
00000970
00000170
00000160
00000200
00000000
00000000
40000000
21000030
00000001
004c1500
00000000
00000008
00000006
00000007
00000990
00000190
00000180
00000200
00000000
00000000
40000000
21000030
00000001
004c1a40
00000000
00000008
00000006
00000007
000009b0
000001b0
000001a0
00000200
00000000
00000000
40000000
21000030
00000001
004c1f80
00000000
00000008
00000006
00000007
000009d0
000001d0
000001c0
00000200
00000000
00000000
40000000
21000030
00000001
004c24c0
00000000
00000008
00000006
00000007
000009f0
000001f0
000001e0
00000200
00000000
00000000
40000000
22000030
00000007
005a8c00
00000000
00000200
00000002
00000007
00000000
00000000
004c0000
03031101
00000001
00000007
40000000
10000014
00000001
024c0000
00000001
00012000
0000fc00
30000000
10000014
00000001
024c0000
00000001
00092000
0000fc00
30000000
10000014
00000001
024c0000
00000001
00112000
0000fc00
30000000
10000014
00000001
024c0000
00000001
00192000
0000fc00
30000000
10000014
00000001
024c0000
00000001
00212000
0000fc00
30000000
10000014
00000001
024c0000
00000001
00292000
0000fc00
30000000
10000014
00000001
024c0000
00000001
00312000
0000fc00
30000000
10000014
00000001
024c0000
00000001
00392000
0000fc00
30000000
90000060
00000007
00004807
000000ff
00000000
00001200
00000240
00000002
00000000
00000000
00000000
00000000
00000000
00000000
00000000
00000000
00000000
00000000
00000000
00000000
00000000
00000000
00000000
00000000
00000000
70000000
00000000
00000000
00000000
00000000
00000000
00000000
00000000
00000000
00000000
00000000
00000000
00000000
00000000
00000000
00000000
00000000
10000014
00000001
01000000
00000001
024c0000
000000e0
30000000
10000014
00000001
01040000
00000001
024c00e0
000000e0
30000000
10000014
00000001
01080000
00000001
024c01c0
000000e0
30000000
10000014
00000001
010c0000
00000001
024c02a0
000000e0
30000000
10000014
00000001
01100000
00000001
024c0380
000000e0
30000000
10000014
00000001
01140000
00000001
024c0460
000000e0
30000000
10000014
00000001
01180000
00000001
024c0540
000000e0
30000000
10000014
00000001
011c0000
00000001
024c0620
000000e0
30000000
21000030
00000001
004c0000
00000000
00000008
00000001
00000007
00000910
00000110
00015100
00000200
00000000
00000000
40000000
21000030
00000001
004c00e0
00000000
00000008
00000001
00000007
00000930
00000130
00015120
00000200
00000000
00000000
40000000
21000030
00000001
004c01c0
00000000
00000008
00000001
00000007
00000950
00000150
00015140
00000200
00000000
00000000
40000000
21000030
00000001
004c02a0
00000000
00000008
00000001
00000007
00000970
00000170
00015160
00000200
00000000
00000000
40000000
21000030
00000001
004c0380
00000000
00000008
00000001
00000007
00000990
00000190
00015180
00000200
00000000
00000000
40000000
21000030
00000001
004c0460
00000000
00000008
00000001
00000007
000009b0
000001b0
000151a0
00000200
00000000
00000000
40000000
21000030
00000001
004c0540
00000000
00000008
00000001
00000007
000009d0
000001d0
000151c0
00000200
00000000
00000000
40000000
21000030
00000001
004c0620
00000000
00000008
00000001
00000007
000009f0
000001f0
000151e0
00000200
00000000
00000000
40000000
10000014
00000001
027d2cd0
00000001
03000000
00001010
30000000
10000014
00000000
00f6e000
00000001
00000000
00012000
30000000
10000014
00000000
00f80000
00000001
00080000
00012000
30000000
10000014
00000000
00f92000
00000001
00100000
00012000
30000000
10000014
00000000
00fa4000
00000001
00180000
00012000
30000000
10000014
00000000
00fb6000
00000001
00200000
00012000
30000000
10000014
00000000
00fc8000
00000001
00280000
00012000
30000000
10000014
00000000
00fda000
00000001
00300000
00012000
30000000
10000014
00000000
00fec000
00000001
00380000
00012000
30000000
22000030
00000007
005a0000
00000000
00000200
00000007
00000007
00000000
00000000
004c0000
03031111
00000006
00000007
40000000
10000014
00000001
024c0000
00000001
00012000
0005e800
30000000
10000014
00000001
024c0000
00000001
00092000
0005e800
30000000
10000014
00000001
024c0000
00000001
00112000
0005e800
30000000
10000014
00000001
024c0000
00000001
00192000
0005e800
30000000
10000014
00000001
024c0000
00000001
00212000
0005e800
30000000
10000014
00000001
024c0000
00000001
00292000
0005e800
30000000
10000014
00000001
024c0000
00000001
00312000
0005e800
30000000
10000014
00000001
024c0000
00000001
00392000
0005e800
30000000
90000060
0000002a
00004807
000000ff
00000000
00001200
00000240
00000002
00000000
00000000
00000000
00000000
00000000
00000000
00000000
00000000
00000000
00000000
00000000
00000000
00000000
00000000
00000000
00000000
00000000
70000000
00000000
00000000
00000000
00000000
00000000
00000000
00000000
00000000
00000000
00000000
00000000
00000000
00000000
00000000
00000000
00000000
10000014
00000001
01000000
00000001
024c0000
00000540
30000000
10000014
00000001
01040000
00000001
024c0540
00000540
30000000
10000014
00000001
01080000
00000001
024c0a80
00000540
30000000
10000014
00000001
010c0000
00000001
024c0fc0
00000540
30000000
10000014
00000001
01100000
00000001
024c1500
00000540
30000000
10000014
00000001
01140000
00000001
024c1a40
00000540
30000000
10000014
00000001
01180000
00000001
024c1f80
00000540
30000000
10000014
00000001
011c0000
00000001
024c24c0
00000540
30000000
21000030
00000001
004c0000
00000000
00000008
00000006
00000007
00000a10
00000210
00000200
00000200
00000000
00000000
40000000
21000030
00000001
004c0540
00000000
00000008
00000006
00000007
00000a30
00000230
00000220
00000200
00000000
00000000
40000000
21000030
00000001
004c0a80
00000000
00000008
00000006
00000007
00000a50
00000250
00000240
00000200
00000000
00000000
40000000
21000030
00000001
004c0fc0
00000000
00000008
00000006
00000007
00000a70
00000270
00000260
00000200
00000000
00000000
40000000
21000030
00000001
004c1500
00000000
00000008
00000006
00000007
00000a90
00000290
00000280
00000200
00000000
00000000
40000000
21000030
00000001
004c1a40
00000000
00000008
00000006
00000007
00000ab0
000002b0
000002a0
00000200
00000000
00000000
40000000
21000030
00000001
004c1f80
00000000
00000008
00000006
00000007
00000ad0
000002d0
000002c0
00000200
00000000
00000000
40000000
21000030
00000001
004c24c0
00000000
00000008
00000006
00000007
00000af0
000002f0
000002e0
00000200
00000000
00000000
40000000
22000030
00000007
005a8c00
00000000
00000200
00000002
00000007
00000000
00000000
004c0000
03031101
00000001
00000007
40000000
10000014
00000001
024c0000
00000001
00012000
0000fc00
30000000
10000014
00000001
024c0000
00000001
00092000
0000fc00
30000000
10000014
00000001
024c0000
00000001
00112000
0000fc00
30000000
10000014
00000001
024c0000
00000001
00192000
0000fc00
30000000
10000014
00000001
024c0000
00000001
00212000
0000fc00
30000000
10000014
00000001
024c0000
00000001
00292000
0000fc00
30000000
10000014
00000001
024c0000
00000001
00312000
0000fc00
30000000
10000014
00000001
024c0000
00000001
00392000
0000fc00
30000000
90000060
00000007
00004807
000000ff
00000000
00001200
00000240
00000002
00000000
00000000
00000000
00000000
00000000
00000000
00000000
00000000
00000000
00000000
00000000
00000000
00000000
00000000
00000000
00000000
00000000
70000000
00000000
00000000
00000000
00000000
00000000
00000000
00000000
00000000
00000000
00000000
00000000
00000000
00000000
00000000
00000000
00000000
10000014
00000001
01000000
00000001
024c0000
000000e0
30000000
10000014
00000001
01040000
00000001
024c00e0
000000e0
30000000
10000014
00000001
01080000
00000001
024c01c0
000000e0
30000000
10000014
00000001
010c0000
00000001
024c02a0
000000e0
30000000
10000014
00000001
01100000
00000001
024c0380
000000e0
30000000
10000014
00000001
01140000
00000001
024c0460
000000e0
30000000
10000014
00000001
01180000
00000001
024c0540
000000e0
30000000
10000014
00000001
011c0000
00000001
024c0620
000000e0
30000000
21000030
00000001
004c0000
00000000
00000008
00000001
00000007
00000a10
00000210
00015200
00000200
00000000
00000000
40000000
21000030
00000001
004c00e0
00000000
00000008
00000001
00000007
00000a30
00000230
00015220
00000200
00000000
00000000
40000000
21000030
00000001
004c01c0
00000000
00000008
00000001
00000007
00000a50
00000250
00015240
00000200
00000000
00000000
40000000
21000030
00000001
004c02a0
00000000
00000008
00000001
00000007
00000a70
00000270
00015260
00000200
00000000
00000000
40000000
21000030
00000001
004c0380
00000000
00000008
00000001
00000007
00000a90
00000290
00015280
00000200
00000000
00000000
40000000
21000030
00000001
004c0460
00000000
00000008
00000001
00000007
00000ab0
000002b0
000152a0
00000200
00000000
00000000
40000000
21000030
00000001
004c0540
00000000
00000008
00000001
00000007
00000ad0
000002d0
000152c0
00000200
00000000
00000000
40000000
21000030
00000001
004c0620
00000000
00000008
00000001
00000007
00000af0
000002f0
000152e0
00000200
00000000
00000000
40000000
10000014
00000001
027d2cd0
00000001
03000000
00001010
30000000
10000014
00000000
00ffe000
00000001
00000000
00012000
30000000
10000014
00000000
01010000
00000001
00080000
00012000
30000000
10000014
00000000
01022000
00000001
00100000
00012000
30000000
10000014
00000000
01034000
00000001
00180000
00012000
30000000
10000014
00000000
01046000
00000001
00200000
00012000
30000000
10000014
00000000
01058000
00000001
00280000
00012000
30000000
10000014
00000000
0106a000
00000001
00300000
00012000
30000000
10000014
00000000
0107c000
00000001
00380000
00012000
30000000
22000030
00000007
005a0000
00000000
00000200
00000007
00000007
00000000
00000000
004c0000
03031111
00000006
00000007
40000000
10000014
00000001
024c0000
00000001
00012000
0005e800
30000000
10000014
00000001
024c0000
00000001
00092000
0005e800
30000000
10000014
00000001
024c0000
00000001
00112000
0005e800
30000000
10000014
00000001
024c0000
00000001
00192000
0005e800
30000000
10000014
00000001
024c0000
00000001
00212000
0005e800
30000000
10000014
00000001
024c0000
00000001
00292000
0005e800
30000000
10000014
00000001
024c0000
00000001
00312000
0005e800
30000000
10000014
00000001
024c0000
00000001
00392000
0005e800
30000000
90000060
0000002a
00004807
000000ff
00000000
00001200
00000240
00000002
00000000
00000000
00000000
00000000
00000000
00000000
00000000
00000000
00000000
00000000
00000000
00000000
00000000
00000000
00000000
00000000
00000000
70000000
00000000
00000000
00000000
00000000
00000000
00000000
00000000
00000000
00000000
00000000
00000000
00000000
00000000
00000000
00000000
00000000
10000014
00000001
01000000
00000001
024c0000
00000540
30000000
10000014
00000001
01040000
00000001
024c0540
00000540
30000000
10000014
00000001
01080000
00000001
024c0a80
00000540
30000000
10000014
00000001
010c0000
00000001
024c0fc0
00000540
30000000
10000014
00000001
01100000
00000001
024c1500
00000540
30000000
10000014
00000001
01140000
00000001
024c1a40
00000540
30000000
10000014
00000001
01180000
00000001
024c1f80
00000540
30000000
10000014
00000001
011c0000
00000001
024c24c0
00000540
30000000
21000030
00000001
004c0000
00000000
00000008
00000006
00000007
00000b10
00000310
00000300
00000200
00000000
00000000
40000000
21000030
00000001
004c0540
00000000
00000008
00000006
00000007
00000b30
00000330
00000320
00000200
00000000
00000000
40000000
21000030
00000001
004c0a80
00000000
00000008
00000006
00000007
00000b50
00000350
00000340
00000200
00000000
00000000
40000000
21000030
00000001
004c0fc0
00000000
00000008
00000006
00000007
00000b70
00000370
00000360
00000200
00000000
00000000
40000000
21000030
00000001
004c1500
00000000
00000008
00000006
00000007
00000b90
00000390
00000380
00000200
00000000
00000000
40000000
21000030
00000001
004c1a40
00000000
00000008
00000006
00000007
00000bb0
000003b0
000003a0
00000200
00000000
00000000
40000000
21000030
00000001
004c1f80
00000000
00000008
00000006
00000007
00000bd0
000003d0
000003c0
00000200
00000000
00000000
40000000
21000030
00000001
004c24c0
00000000
00000008
00000006
00000007
00000bf0
000003f0
000003e0
00000200
00000000
00000000
40000000
22000030
00000007
005a8c00
00000000
00000200
00000002
00000007
00000000
00000000
004c0000
03031101
00000001
00000007
40000000
10000014
00000001
024c0000
00000001
00012000
0000fc00
30000000
10000014
00000001
024c0000
00000001
00092000
0000fc00
30000000
10000014
00000001
024c0000
00000001
00112000
0000fc00
30000000
10000014
00000001
024c0000
00000001
00192000
0000fc00
30000000
10000014
00000001
024c0000
00000001
00212000
0000fc00
30000000
10000014
00000001
024c0000
00000001
00292000
0000fc00
30000000
10000014
00000001
024c0000
00000001
00312000
0000fc00
30000000
10000014
00000001
024c0000
00000001
00392000
0000fc00
30000000
90000060
00000007
00004807
000000ff
00000000
00001200
00000240
00000002
00000000
00000000
00000000
00000000
00000000
00000000
00000000
00000000
00000000
00000000
00000000
00000000
00000000
00000000
00000000
00000000
00000000
70000000
00000000
00000000
00000000
00000000
00000000
00000000
00000000
00000000
00000000
00000000
00000000
00000000
00000000
00000000
00000000
00000000
10000014
00000001
01000000
00000001
024c0000
000000e0
30000000
10000014
00000001
01040000
00000001
024c00e0
000000e0
30000000
10000014
00000001
01080000
00000001
024c01c0
000000e0
30000000
10000014
00000001
010c0000
00000001
024c02a0
000000e0
30000000
10000014
00000001
01100000
00000001
024c0380
000000e0
30000000
10000014
00000001
01140000
00000001
024c0460
000000e0
30000000
10000014
00000001
01180000
00000001
024c0540
000000e0
30000000
10000014
00000001
011c0000
00000001
024c0620
000000e0
30000000
21000030
00000001
004c0000
00000000
00000008
00000001
00000007
00000b10
00000310
00015300
00000200
00000000
00000000
40000000
21000030
00000001
004c00e0
00000000
00000008
00000001
00000007
00000b30
00000330
00015320
00000200
00000000
00000000
40000000
21000030
00000001
004c01c0
00000000
00000008
00000001
00000007
00000b50
00000350
00015340
00000200
00000000
00000000
40000000
21000030
00000001
004c02a0
00000000
00000008
00000001
00000007
00000b70
00000370
00015360
00000200
00000000
00000000
40000000
21000030
00000001
004c0380
00000000
00000008
00000001
00000007
00000b90
00000390
00015380
00000200
00000000
00000000
40000000
21000030
00000001
004c0460
00000000
00000008
00000001
00000007
00000bb0
000003b0
000153a0
00000200
00000000
00000000
40000000
21000030
00000001
004c0540
00000000
00000008
00000001
00000007
00000bd0
000003d0
000153c0
00000200
00000000
00000000
40000000
21000030
00000001
004c0620
00000000
00000008
00000001
00000007
00000bf0
000003f0
000153e0
00000200
00000000
00000000
40000000
10000014
00000001
027d2cd0
00000001
03000000
00001010
30000000
10000014
00000000
0108e000
00000001
00000000
00012000
30000000
10000014
00000000
010a0000
00000001
00080000
00012000
30000000
10000014
00000000
010b2000
00000001
00100000
00012000
30000000
10000014
00000000
010c4000
00000001
00180000
00012000
30000000
10000014
00000000
010d6000
00000001
00200000
00012000
30000000
10000014
00000000
010e8000
00000001
00280000
00012000
30000000
10000014
00000000
010fa000
00000001
00300000
00012000
30000000
10000014
00000000
0110c000
00000001
00380000
00012000
30000000
22000030
00000007
005a0000
00000000
00000200
00000007
00000007
00000000
00000000
004c0000
03031111
00000006
00000007
40000000
10000014
00000001
024c0000
00000001
00012000
0005e800
30000000
10000014
00000001
024c0000
00000001
00092000
0005e800
30000000
10000014
00000001
024c0000
00000001
00112000
0005e800
30000000
10000014
00000001
024c0000
00000001
00192000
0005e800
30000000
10000014
00000001
024c0000
00000001
00212000
0005e800
30000000
10000014
00000001
024c0000
00000001
00292000
0005e800
30000000
10000014
00000001
024c0000
00000001
00312000
0005e800
30000000
10000014
00000001
024c0000
00000001
00392000
0005e800
30000000
90000060
0000002a
00004807
000000ff
00000000
00001200
00000240
00000002
00000000
00000000
00000000
00000000
00000000
00000000
00000000
00000000
00000000
00000000
00000000
00000000
00000000
00000000
00000000
00000000
00000000
70000000
00000000
00000000
00000000
00000000
00000000
00000000
00000000
00000000
00000000
00000000
00000000
00000000
00000000
00000000
00000000
00000000
10000014
00000001
01000000
00000001
024c0000
00000540
30000000
10000014
00000001
01040000
00000001
024c0540
00000540
30000000
10000014
00000001
01080000
00000001
024c0a80
00000540
30000000
10000014
00000001
010c0000
00000001
024c0fc0
00000540
30000000
10000014
00000001
01100000
00000001
024c1500
00000540
30000000
10000014
00000001
01140000
00000001
024c1a40
00000540
30000000
10000014
00000001
01180000
00000001
024c1f80
00000540
30000000
10000014
00000001
011c0000
00000001
024c24c0
00000540
30000000
21000030
00000001
004c0000
00000000
00000008
00000006
00000007
00000c10
00000410
00000400
00000200
00000000
00000000
40000000
21000030
00000001
004c0540
00000000
00000008
00000006
00000007
00000c30
00000430
00000420
00000200
00000000
00000000
40000000
21000030
00000001
004c0a80
00000000
00000008
00000006
00000007
00000c50
00000450
00000440
00000200
00000000
00000000
40000000
21000030
00000001
004c0fc0
00000000
00000008
00000006
00000007
00000c70
00000470
00000460
00000200
00000000
00000000
40000000
21000030
00000001
004c1500
00000000
00000008
00000006
00000007
00000c90
00000490
00000480
00000200
00000000
00000000
40000000
21000030
00000001
004c1a40
00000000
00000008
00000006
00000007
00000cb0
000004b0
000004a0
00000200
00000000
00000000
40000000
21000030
00000001
004c1f80
00000000
00000008
00000006
00000007
00000cd0
000004d0
000004c0
00000200
00000000
00000000
40000000
21000030
00000001
004c24c0
00000000
00000008
00000006
00000007
00000cf0
000004f0
000004e0
00000200
00000000
00000000
40000000
22000030
00000007
005a8c00
00000000
00000200
00000002
00000007
00000000
00000000
004c0000
03031101
00000001
00000007
40000000
10000014
00000001
024c0000
00000001
00012000
0000fc00
30000000
10000014
00000001
024c0000
00000001
00092000
0000fc00
30000000
10000014
00000001
024c0000
00000001
00112000
0000fc00
30000000
10000014
00000001
024c0000
00000001
00192000
0000fc00
30000000
10000014
00000001
024c0000
00000001
00212000
0000fc00
30000000
10000014
00000001
024c0000
00000001
00292000
0000fc00
30000000
10000014
00000001
024c0000
00000001
00312000
0000fc00
30000000
10000014
00000001
024c0000
00000001
00392000
0000fc00
30000000
90000060
00000007
00004807
000000ff
00000000
00001200
00000240
00000002
00000000
00000000
00000000
00000000
00000000
00000000
00000000
00000000
00000000
00000000
00000000
00000000
00000000
00000000
00000000
00000000
00000000
70000000
00000000
00000000
00000000
00000000
00000000
00000000
00000000
00000000
00000000
00000000
00000000
00000000
00000000
00000000
00000000
00000000
10000014
00000001
01000000
00000001
024c0000
000000e0
30000000
10000014
00000001
01040000
00000001
024c00e0
000000e0
30000000
10000014
00000001
01080000
00000001
024c01c0
000000e0
30000000
10000014
00000001
010c0000
00000001
024c02a0
000000e0
30000000
10000014
00000001
01100000
00000001
024c0380
000000e0
30000000
10000014
00000001
01140000
00000001
024c0460
000000e0
30000000
10000014
00000001
01180000
00000001
024c0540
000000e0
30000000
10000014
00000001
011c0000
00000001
024c0620
000000e0
30000000
21000030
00000001
004c0000
00000000
00000008
00000001
00000007
00000c10
00000410
00015400
00000200
00000000
00000000
40000000
21000030
00000001
004c00e0
00000000
00000008
00000001
00000007
00000c30
00000430
00015420
00000200
00000000
00000000
40000000
21000030
00000001
004c01c0
00000000
00000008
00000001
00000007
00000c50
00000450
00015440
00000200
00000000
00000000
40000000
21000030
00000001
004c02a0
00000000
00000008
00000001
00000007
00000c70
00000470
00015460
00000200
00000000
00000000
40000000
21000030
00000001
004c0380
00000000
00000008
00000001
00000007
00000c90
00000490
00015480
00000200
00000000
00000000
40000000
21000030
00000001
004c0460
00000000
00000008
00000001
00000007
00000cb0
000004b0
000154a0
00000200
00000000
00000000
40000000
21000030
00000001
004c0540
00000000
00000008
00000001
00000007
00000cd0
000004d0
000154c0
00000200
00000000
00000000
40000000
21000030
00000001
004c0620
00000000
00000008
00000001
00000007
00000cf0
000004f0
000154e0
00000200
00000000
00000000
40000000
10000014
00000001
027d2cd0
00000001
03000000
00001010
30000000
10000014
00000000
0111e000
00000001
00000000
00012000
30000000
10000014
00000000
01130000
00000001
00080000
00012000
30000000
10000014
00000000
01142000
00000001
00100000
00012000
30000000
10000014
00000000
01154000
00000001
00180000
00012000
30000000
10000014
00000000
01166000
00000001
00200000
00012000
30000000
10000014
00000000
01178000
00000001
00280000
00012000
30000000
10000014
00000000
0118a000
00000001
00300000
00012000
30000000
10000014
00000000
0119c000
00000001
00380000
00012000
30000000
22000030
00000007
005a0000
00000000
00000200
00000007
00000007
00000000
00000000
004c0000
03031111
00000006
00000007
40000000
10000014
00000001
024c0000
00000001
00012000
0005e800
30000000
10000014
00000001
024c0000
00000001
00092000
0005e800
30000000
10000014
00000001
024c0000
00000001
00112000
0005e800
30000000
10000014
00000001
024c0000
00000001
00192000
0005e800
30000000
10000014
00000001
024c0000
00000001
00212000
0005e800
30000000
10000014
00000001
024c0000
00000001
00292000
0005e800
30000000
10000014
00000001
024c0000
00000001
00312000
0005e800
30000000
10000014
00000001
024c0000
00000001
00392000
0005e800
30000000
90000060
0000002a
00004807
000000ff
00000000
00001200
00000240
00000002
00000000
00000000
00000000
00000000
00000000
00000000
00000000
00000000
00000000
00000000
00000000
00000000
00000000
00000000
00000000
00000000
00000000
70000000
00000000
00000000
00000000
00000000
00000000
00000000
00000000
00000000
00000000
00000000
00000000
00000000
00000000
00000000
00000000
00000000
10000014
00000001
01000000
00000001
024c0000
00000540
30000000
10000014
00000001
01040000
00000001
024c0540
00000540
30000000
10000014
00000001
01080000
00000001
024c0a80
00000540
30000000
10000014
00000001
010c0000
00000001
024c0fc0
00000540
30000000
10000014
00000001
01100000
00000001
024c1500
00000540
30000000
10000014
00000001
01140000
00000001
024c1a40
00000540
30000000
10000014
00000001
01180000
00000001
024c1f80
00000540
30000000
10000014
00000001
011c0000
00000001
024c24c0
00000540
30000000
21000030
00000001
004c0000
00000000
00000008
00000006
00000007
00000d10
00000510
00000500
00000200
00000000
00000000
40000000
21000030
00000001
004c0540
00000000
00000008
00000006
00000007
00000d30
00000530
00000520
00000200
00000000
00000000
40000000
21000030
00000001
004c0a80
00000000
00000008
00000006
00000007
00000d50
00000550
00000540
00000200
00000000
00000000
40000000
21000030
00000001
004c0fc0
00000000
00000008
00000006
00000007
00000d70
00000570
00000560
00000200
00000000
00000000
40000000
21000030
00000001
004c1500
00000000
00000008
00000006
00000007
00000d90
00000590
00000580
00000200
00000000
00000000
40000000
21000030
00000001
004c1a40
00000000
00000008
00000006
00000007
00000db0
000005b0
000005a0
00000200
00000000
00000000
40000000
21000030
00000001
004c1f80
00000000
00000008
00000006
00000007
00000dd0
000005d0
000005c0
00000200
00000000
00000000
40000000
21000030
00000001
004c24c0
00000000
00000008
00000006
00000007
00000df0
000005f0
000005e0
00000200
00000000
00000000
40000000
22000030
00000007
005a8c00
00000000
00000200
00000002
00000007
00000000
00000000
004c0000
03031101
00000001
00000007
40000000
10000014
00000001
024c0000
00000001
00012000
0000fc00
30000000
10000014
00000001
024c0000
00000001
00092000
0000fc00
30000000
10000014
00000001
024c0000
00000001
00112000
0000fc00
30000000
10000014
00000001
024c0000
00000001
00192000
0000fc00
30000000
10000014
00000001
024c0000
00000001
00212000
0000fc00
30000000
10000014
00000001
024c0000
00000001
00292000
0000fc00
30000000
10000014
00000001
024c0000
00000001
00312000
0000fc00
30000000
10000014
00000001
024c0000
00000001
00392000
0000fc00
30000000
90000060
00000007
00004807
000000ff
00000000
00001200
00000240
00000002
00000000
00000000
00000000
00000000
00000000
00000000
00000000
00000000
00000000
00000000
00000000
00000000
00000000
00000000
00000000
00000000
00000000
70000000
00000000
00000000
00000000
00000000
00000000
00000000
00000000
00000000
00000000
00000000
00000000
00000000
00000000
00000000
00000000
00000000
10000014
00000001
01000000
00000001
024c0000
000000e0
30000000
10000014
00000001
01040000
00000001
024c00e0
000000e0
30000000
10000014
00000001
01080000
00000001
024c01c0
000000e0
30000000
10000014
00000001
010c0000
00000001
024c02a0
000000e0
30000000
10000014
00000001
01100000
00000001
024c0380
000000e0
30000000
10000014
00000001
01140000
00000001
024c0460
000000e0
30000000
10000014
00000001
01180000
00000001
024c0540
000000e0
30000000
10000014
00000001
011c0000
00000001
024c0620
000000e0
30000000
21000030
00000001
004c0000
00000000
00000008
00000001
00000007
00000d10
00000510
00015500
00000200
00000000
00000000
40000000
21000030
00000001
004c00e0
00000000
00000008
00000001
00000007
00000d30
00000530
00015520
00000200
00000000
00000000
40000000
21000030
00000001
004c01c0
00000000
00000008
00000001
00000007
00000d50
00000550
00015540
00000200
00000000
00000000
40000000
21000030
00000001
004c02a0
00000000
00000008
00000001
00000007
00000d70
00000570
00015560
00000200
00000000
00000000
40000000
21000030
00000001
004c0380
00000000
00000008
00000001
00000007
00000d90
00000590
00015580
00000200
00000000
00000000
40000000
21000030
00000001
004c0460
00000000
00000008
00000001
00000007
00000db0
000005b0
000155a0
00000200
00000000
00000000
40000000
21000030
00000001
004c0540
00000000
00000008
00000001
00000007
00000dd0
000005d0
000155c0
00000200
00000000
00000000
40000000
21000030
00000001
004c0620
00000000
00000008
00000001
00000007
00000df0
000005f0
000155e0
00000200
00000000
00000000
40000000
10000014
00000001
027d2cd0
00000001
03000000
00001010
30000000
10000014
00000000
011ae000
00000001
00000000
00012000
30000000
10000014
00000000
011c0000
00000001
00080000
00012000
30000000
10000014
00000000
011d2000
00000001
00100000
00012000
30000000
10000014
00000000
011e4000
00000001
00180000
00012000
30000000
10000014
00000000
011f6000
00000001
00200000
00012000
30000000
10000014
00000000
01208000
00000001
00280000
00012000
30000000
10000014
00000000
0121a000
00000001
00300000
00012000
30000000
10000014
00000000
0122c000
00000001
00380000
00012000
30000000
22000030
00000007
005a0000
00000000
00000200
00000007
00000007
00000000
00000000
004c0000
03031111
00000006
00000007
40000000
10000014
00000001
024c0000
00000001
00012000
0005e800
30000000
10000014
00000001
024c0000
00000001
00092000
0005e800
30000000
10000014
00000001
024c0000
00000001
00112000
0005e800
30000000
10000014
00000001
024c0000
00000001
00192000
0005e800
30000000
10000014
00000001
024c0000
00000001
00212000
0005e800
30000000
10000014
00000001
024c0000
00000001
00292000
0005e800
30000000
10000014
00000001
024c0000
00000001
00312000
0005e800
30000000
10000014
00000001
024c0000
00000001
00392000
0005e800
30000000
90000060
0000002a
00004807
000000ff
00000000
00001200
00000240
00000002
00000000
00000000
00000000
00000000
00000000
00000000
00000000
00000000
00000000
00000000
00000000
00000000
00000000
00000000
00000000
00000000
00000000
70000000
00000000
00000000
00000000
00000000
00000000
00000000
00000000
00000000
00000000
00000000
00000000
00000000
00000000
00000000
00000000
00000000
10000014
00000001
01000000
00000001
024c0000
00000540
30000000
10000014
00000001
01040000
00000001
024c0540
00000540
30000000
10000014
00000001
01080000
00000001
024c0a80
00000540
30000000
10000014
00000001
010c0000
00000001
024c0fc0
00000540
30000000
10000014
00000001
01100000
00000001
024c1500
00000540
30000000
10000014
00000001
01140000
00000001
024c1a40
00000540
30000000
10000014
00000001
01180000
00000001
024c1f80
00000540
30000000
10000014
00000001
011c0000
00000001
024c24c0
00000540
30000000
21000030
00000001
004c0000
00000000
00000008
00000006
00000007
00000e10
00000610
00000600
00000200
00000000
00000000
40000000
21000030
00000001
004c0540
00000000
00000008
00000006
00000007
00000e30
00000630
00000620
00000200
00000000
00000000
40000000
21000030
00000001
004c0a80
00000000
00000008
00000006
00000007
00000e50
00000650
00000640
00000200
00000000
00000000
40000000
21000030
00000001
004c0fc0
00000000
00000008
00000006
00000007
00000e70
00000670
00000660
00000200
00000000
00000000
40000000
21000030
00000001
004c1500
00000000
00000008
00000006
00000007
00000e90
00000690
00000680
00000200
00000000
00000000
40000000
21000030
00000001
004c1a40
00000000
00000008
00000006
00000007
00000eb0
000006b0
000006a0
00000200
00000000
00000000
40000000
21000030
00000001
004c1f80
00000000
00000008
00000006
00000007
00000ed0
000006d0
000006c0
00000200
00000000
00000000
40000000
21000030
00000001
004c24c0
00000000
00000008
00000006
00000007
00000ef0
000006f0
000006e0
00000200
00000000
00000000
40000000
22000030
00000007
005a8c00
00000000
00000200
00000002
00000007
00000000
00000000
004c0000
03031101
00000001
00000007
40000000
10000014
00000001
024c0000
00000001
00012000
0000fc00
30000000
10000014
00000001
024c0000
00000001
00092000
0000fc00
30000000
10000014
00000001
024c0000
00000001
00112000
0000fc00
30000000
10000014
00000001
024c0000
00000001
00192000
0000fc00
30000000
10000014
00000001
024c0000
00000001
00212000
0000fc00
30000000
10000014
00000001
024c0000
00000001
00292000
0000fc00
30000000
10000014
00000001
024c0000
00000001
00312000
0000fc00
30000000
10000014
00000001
024c0000
00000001
00392000
0000fc00
30000000
90000060
00000007
00004807
000000ff
00000000
00001200
00000240
00000002
00000000
00000000
00000000
00000000
00000000
00000000
00000000
00000000
00000000
00000000
00000000
00000000
00000000
00000000
00000000
00000000
00000000
70000000
00000000
00000000
00000000
00000000
00000000
00000000
00000000
00000000
00000000
00000000
00000000
00000000
00000000
00000000
00000000
00000000
10000014
00000001
01000000
00000001
024c0000
000000e0
30000000
10000014
00000001
01040000
00000001
024c00e0
000000e0
30000000
10000014
00000001
01080000
00000001
024c01c0
000000e0
30000000
10000014
00000001
010c0000
00000001
024c02a0
000000e0
30000000
10000014
00000001
01100000
00000001
024c0380
000000e0
30000000
10000014
00000001
01140000
00000001
024c0460
000000e0
30000000
10000014
00000001
01180000
00000001
024c0540
000000e0
30000000
10000014
00000001
011c0000
00000001
024c0620
000000e0
30000000
21000030
00000001
004c0000
00000000
00000008
00000001
00000007
00000e10
00000610
00015600
00000200
00000000
00000000
40000000
21000030
00000001
004c00e0
00000000
00000008
00000001
00000007
00000e30
00000630
00015620
00000200
00000000
00000000
40000000
21000030
00000001
004c01c0
00000000
00000008
00000001
00000007
00000e50
00000650
00015640
00000200
00000000
00000000
40000000
21000030
00000001
004c02a0
00000000
00000008
00000001
00000007
00000e70
00000670
00015660
00000200
00000000
00000000
40000000
21000030
00000001
004c0380
00000000
00000008
00000001
00000007
00000e90
00000690
00015680
00000200
00000000
00000000
40000000
21000030
00000001
004c0460
00000000
00000008
00000001
00000007
00000eb0
000006b0
000156a0
00000200
00000000
00000000
40000000
21000030
00000001
004c0540
00000000
00000008
00000001
00000007
00000ed0
000006d0
000156c0
00000200
00000000
00000000
40000000
21000030
00000001
004c0620
00000000
00000008
00000001
00000007
00000ef0
000006f0
000156e0
00000200
00000000
00000000
40000000
10000014
00000001
027d2cd0
00000001
03000000
00001010
30000000
10000014
00000000
0123e000
00000001
00000000
00012000
30000000
10000014
00000000
01250000
00000001
00080000
00012000
30000000
10000014
00000000
01262000
00000001
00100000
00012000
30000000
10000014
00000000
01274000
00000001
00180000
00012000
30000000
10000014
00000000
01286000
00000001
00200000
00012000
30000000
10000014
00000000
01298000
00000001
00280000
00012000
30000000
10000014
00000000
012aa000
00000001
00300000
00012000
30000000
10000014
00000000
012bc000
00000001
00380000
00012000
30000000
22000030
00000007
005a0000
00000000
00000200
00000007
00000007
00000000
00000000
004c0000
03031111
00000006
00000007
40000000
10000014
00000001
024c0000
00000001
00012000
0005e800
30000000
10000014
00000001
024c0000
00000001
00092000
0005e800
30000000
10000014
00000001
024c0000
00000001
00112000
0005e800
30000000
10000014
00000001
024c0000
00000001
00192000
0005e800
30000000
10000014
00000001
024c0000
00000001
00212000
0005e800
30000000
10000014
00000001
024c0000
00000001
00292000
0005e800
30000000
10000014
00000001
024c0000
00000001
00312000
0005e800
30000000
10000014
00000001
024c0000
00000001
00392000
0005e800
30000000
90000060
0000002a
00004807
000000ff
00000000
00001200
00000240
00000002
00000000
00000000
00000000
00000000
00000000
00000000
00000000
00000000
00000000
00000000
00000000
00000000
00000000
00000000
00000000
00000000
00000000
70000000
00000000
00000000
00000000
00000000
00000000
00000000
00000000
00000000
00000000
00000000
00000000
00000000
00000000
00000000
00000000
00000000
10000014
00000001
01000000
00000001
024c0000
00000540
30000000
10000014
00000001
01040000
00000001
024c0540
00000540
30000000
10000014
00000001
01080000
00000001
024c0a80
00000540
30000000
10000014
00000001
010c0000
00000001
024c0fc0
00000540
30000000
10000014
00000001
01100000
00000001
024c1500
00000540
30000000
10000014
00000001
01140000
00000001
024c1a40
00000540
30000000
10000014
00000001
01180000
00000001
024c1f80
00000540
30000000
10000014
00000001
011c0000
00000001
024c24c0
00000540
30000000
21000030
00000001
004c0000
00000000
00000008
00000006
00000007
00000f10
00000710
00000700
00000200
00000000
00000000
40000000
21000030
00000001
004c0540
00000000
00000008
00000006
00000007
00000f30
00000730
00000720
00000200
00000000
00000000
40000000
21000030
00000001
004c0a80
00000000
00000008
00000006
00000007
00000f50
00000750
00000740
00000200
00000000
00000000
40000000
21000030
00000001
004c0fc0
00000000
00000008
00000006
00000007
00000f70
00000770
00000760
00000200
00000000
00000000
40000000
21000030
00000001
004c1500
00000000
00000008
00000006
00000007
00000f90
00000790
00000780
00000200
00000000
00000000
40000000
21000030
00000001
004c1a40
00000000
00000008
00000006
00000007
00000fb0
000007b0
000007a0
00000200
00000000
00000000
40000000
21000030
00000001
004c1f80
00000000
00000008
00000006
00000007
00000fd0
000007d0
000007c0
00000200
00000000
00000000
40000000
21000030
00000001
004c24c0
00000000
00000008
00000006
00000007
00000ff0
000007f0
000007e0
00000200
00000000
00000000
40000000
22000030
00000007
005a8c00
00000000
00000200
00000002
00000007
00000000
00000000
004c0000
03031101
00000001
00000007
40000000
10000014
00000001
024c0000
00000001
00012000
0000fc00
30000000
10000014
00000001
024c0000
00000001
00092000
0000fc00
30000000
10000014
00000001
024c0000
00000001
00112000
0000fc00
30000000
10000014
00000001
024c0000
00000001
00192000
0000fc00
30000000
10000014
00000001
024c0000
00000001
00212000
0000fc00
30000000
10000014
00000001
024c0000
00000001
00292000
0000fc00
30000000
10000014
00000001
024c0000
00000001
00312000
0000fc00
30000000
10000014
00000001
024c0000
00000001
00392000
0000fc00
30000000
90000060
00000007
00004807
000000ff
00000000
00001200
00000240
00000002
00000000
00000000
00000000
00000000
00000000
00000000
00000000
00000000
00000000
00000000
00000000
00000000
00000000
00000000
00000000
00000000
00000000
70000000
00000000
00000000
00000000
00000000
00000000
00000000
00000000
00000000
00000000
00000000
00000000
00000000
00000000
00000000
00000000
00000000
10000014
00000001
01000000
00000001
024c0000
000000e0
30000000
10000014
00000001
01040000
00000001
024c00e0
000000e0
30000000
10000014
00000001
01080000
00000001
024c01c0
000000e0
30000000
10000014
00000001
010c0000
00000001
024c02a0
000000e0
30000000
10000014
00000001
01100000
00000001
024c0380
000000e0
30000000
10000014
00000001
01140000
00000001
024c0460
000000e0
30000000
10000014
00000001
01180000
00000001
024c0540
000000e0
30000000
10000014
00000001
011c0000
00000001
024c0620
000000e0
30000000
21000030
00000001
004c0000
00000000
00000008
00000001
00000007
00000f10
00000710
00015700
00000200
00000000
00000000
40000000
21000030
00000001
004c00e0
00000000
00000008
00000001
00000007
00000f30
00000730
00015720
00000200
00000000
00000000
40000000
21000030
00000001
004c01c0
00000000
00000008
00000001
00000007
00000f50
00000750
00015740
00000200
00000000
00000000
40000000
21000030
00000001
004c02a0
00000000
00000008
00000001
00000007
00000f70
00000770
00015760
00000200
00000000
00000000
40000000
21000030
00000001
004c0380
00000000
00000008
00000001
00000007
00000f90
00000790
00015780
00000200
00000000
00000000
40000000
21000030
00000001
004c0460
00000000
00000008
00000001
00000007
00000fb0
000007b0
000157a0
00000200
00000000
00000000
40000000
21000030
00000001
004c0540
00000000
00000008
00000001
00000007
00000fd0
000007d0
000157c0
00000200
00000000
00000000
40000000
21000030
00000001
004c0620
00000000
00000008
00000001
00000007
00000ff0
000007f0
000157e0
00000200
00000000
00000000
40000000
10000014
00000001
027d1cc0
00000001
03000000
00001010
30000000
22000030
00000003
00000000
00000000
00000200
00000007
00000007
00000000
00000000
005a0000
00000000
00000000
00000000
40000000
26000030
00000001
005a0000
00000000
00000200
00000007
00000007
00000810
00000010
00000000
00000000
00000000
00000000
40000000
10000014
00000001
027d4cf0
00000001
03000000
00001010
30000000
10000014
00000000
012ce000
00000001
00000000
00012000
30000000
10000014
00000000
012e0000
00000001
00080000
00012000
30000000
10000014
00000000
012f2000
00000001
00100000
00012000
30000000
10000014
00000000
01304000
00000001
00180000
00012000
30000000
10000014
00000000
01316000
00000001
00200000
00012000
30000000
10000014
00000000
01328000
00000001
00280000
00012000
30000000
10000014
00000000
0133a000
00000001
00300000
00012000
30000000
10000014
00000000
0134c000
00000001
00380000
00012000
30000000
22000030
00000003
00000000
00000000
00000200
00000007
00000007
00000000
00000000
00000000
00000000
00000000
00000000
40000000
22000030
00000007
00000000
00000000
00000200
00000007
00000007
00000000
00000000
004c0000
03031111
00000006
00000007
40000000
10000014
00000001
024c0000
00000001
00012000
0005e800
30000000
10000014
00000001
024c0000
00000001
00092000
0005e800
30000000
10000014
00000001
024c0000
00000001
00112000
0005e800
30000000
10000014
00000001
024c0000
00000001
00192000
0005e800
30000000
10000014
00000001
024c0000
00000001
00212000
0005e800
30000000
10000014
00000001
024c0000
00000001
00292000
0005e800
30000000
10000014
00000001
024c0000
00000001
00312000
0005e800
30000000
10000014
00000001
024c0000
00000001
00392000
0005e800
30000000
90000060
0000002a
00004807
000000ff
00000000
00001200
00000240
00000002
00000000
00000000
00000000
00000000
00000000
00000000
00000000
00000000
00000000
00000000
00000000
00000000
00000000
00000000
00000000
00000000
00000000
70000000
00000000
00000000
00000000
00000000
00000000
00000000
00000000
00000000
00000000
00000000
00000000
00000000
00000000
00000000
00000000
00000000
10000014
00000001
01000000
00000001
024c0000
00000540
30000000
10000014
00000001
01040000
00000001
024c0540
00000540
30000000
10000014
00000001
01080000
00000001
024c0a80
00000540
30000000
10000014
00000001
010c0000
00000001
024c0fc0
00000540
30000000
10000014
00000001
01100000
00000001
024c1500
00000540
30000000
10000014
00000001
01140000
00000001
024c1a40
00000540
30000000
10000014
00000001
01180000
00000001
024c1f80
00000540
30000000
10000014
00000001
011c0000
00000001
024c24c0
00000540
30000000
20000030
00000001
004c0000
00000000
00000008
00000006
00000007
00000810
00000010
005a0000
00000200
00000000
00000000
40000000
20000030
00000001
004c0540
00000000
00000008
00000006
00000007
00000830
00000030
005a0020
00000200
00000000
00000000
40000000
20000030
00000001
004c0a80
00000000
00000008
00000006
00000007
00000850
00000050
005a0040
00000200
00000000
00000000
40000000
20000030
00000001
004c0fc0
00000000
00000008
00000006
00000007
00000870
00000070
005a0060
00000200
00000000
00000000
40000000
20000030
00000001
004c1500
00000000
00000008
00000006
00000007
00000890
00000090
005a0080
00000200
00000000
00000000
40000000
20000030
00000001
004c1a40
00000000
00000008
00000006
00000007
000008b0
000000b0
005a00a0
00000200
00000000
00000000
40000000
20000030
00000001
004c1f80
00000000
00000008
00000006
00000007
000008d0
000000d0
005a00c0
00000200
00000000
00000000
40000000
20000030
00000001
004c24c0
00000000
00000008
00000006
00000007
000008f0
000000f0
005a00e0
00000200
00000000
00000000
40000000
22000030
00000007
00008c00
00000000
00000200
00000002
00000007
00000000
00000000
004c0000
03031101
00000001
00000007
40000000
10000014
00000001
024c0000
00000001
00012000
0000fc00
30000000
10000014
00000001
024c0000
00000001
00092000
0000fc00
30000000
10000014
00000001
024c0000
00000001
00112000
0000fc00
30000000
10000014
00000001
024c0000
00000001
00192000
0000fc00
30000000
10000014
00000001
024c0000
00000001
00212000
0000fc00
30000000
10000014
00000001
024c0000
00000001
00292000
0000fc00
30000000
10000014
00000001
024c0000
00000001
00312000
0000fc00
30000000
10000014
00000001
024c0000
00000001
00392000
0000fc00
30000000
90000060
00000007
00004807
000000ff
00000000
00001200
00000240
00000002
00000000
00000000
00000000
00000000
00000000
00000000
00000000
00000000
00000000
00000000
00000000
00000000
00000000
00000000
00000000
00000000
00000000
70000000
00000000
00000000
00000000
00000000
00000000
00000000
00000000
00000000
00000000
00000000
00000000
00000000
00000000
00000000
00000000
00000000
10000014
00000001
01000000
00000001
024c0000
000000e0
30000000
10000014
00000001
01040000
00000001
024c00e0
000000e0
30000000
10000014
00000001
01080000
00000001
024c01c0
000000e0
30000000
10000014
00000001
010c0000
00000001
024c02a0
000000e0
30000000
10000014
00000001
01100000
00000001
024c0380
000000e0
30000000
10000014
00000001
01140000
00000001
024c0460
000000e0
30000000
10000014
00000001
01180000
00000001
024c0540
000000e0
30000000
10000014
00000001
011c0000
00000001
024c0620
000000e0
30000000
20000030
00000001
004c0000
00000000
00000008
00000001
00000007
00000810
00000010
005b5000
00000200
00000000
00000000
40000000
20000030
00000001
004c00e0
00000000
00000008
00000001
00000007
00000830
00000030
005b5020
00000200
00000000
00000000
40000000
20000030
00000001
004c01c0
00000000
00000008
00000001
00000007
00000850
00000050
005b5040
00000200
00000000
00000000
40000000
20000030
00000001
004c02a0
00000000
00000008
00000001
00000007
00000870
00000070
005b5060
00000200
00000000
00000000
40000000
20000030
00000001
004c0380
00000000
00000008
00000001
00000007
00000890
00000090
005b5080
00000200
00000000
00000000
40000000
20000030
00000001
004c0460
00000000
00000008
00000001
00000007
000008b0
000000b0
005b50a0
00000200
00000000
00000000
40000000
20000030
00000001
004c0540
00000000
00000008
00000001
00000007
000008d0
000000d0
005b50c0
00000200
00000000
00000000
40000000
20000030
00000001
004c0620
00000000
00000008
00000001
00000007
000008f0
000000f0
005b50e0
00000200
00000000
00000000
40000000
10000014
00000001
027d4cf0
00000001
03000000
00001010
30000000
10000014
00000000
0135e000
00000001
00000000
00012000
30000000
10000014
00000000
01370000
00000001
00080000
00012000
30000000
10000014
00000000
01382000
00000001
00100000
00012000
30000000
10000014
00000000
01394000
00000001
00180000
00012000
30000000
10000014
00000000
013a6000
00000001
00200000
00012000
30000000
10000014
00000000
013b8000
00000001
00280000
00012000
30000000
10000014
00000000
013ca000
00000001
00300000
00012000
30000000
10000014
00000000
013dc000
00000001
00380000
00012000
30000000
22000030
00000007
00000000
00000000
00000200
00000007
00000007
00000000
00000000
004c0000
03031111
00000006
00000007
40000000
10000014
00000001
024c0000
00000001
00012000
0005e800
30000000
10000014
00000001
024c0000
00000001
00092000
0005e800
30000000
10000014
00000001
024c0000
00000001
00112000
0005e800
30000000
10000014
00000001
024c0000
00000001
00192000
0005e800
30000000
10000014
00000001
024c0000
00000001
00212000
0005e800
30000000
10000014
00000001
024c0000
00000001
00292000
0005e800
30000000
10000014
00000001
024c0000
00000001
00312000
0005e800
30000000
10000014
00000001
024c0000
00000001
00392000
0005e800
30000000
90000060
0000002a
00004807
000000ff
00000000
00001200
00000240
00000002
00000000
00000000
00000000
00000000
00000000
00000000
00000000
00000000
00000000
00000000
00000000
00000000
00000000
00000000
00000000
00000000
00000000
70000000
00000000
00000000
00000000
00000000
00000000
00000000
00000000
00000000
00000000
00000000
00000000
00000000
00000000
00000000
00000000
00000000
10000014
00000001
01000000
00000001
024c0000
00000540
30000000
10000014
00000001
01040000
00000001
024c0540
00000540
30000000
10000014
00000001
01080000
00000001
024c0a80
00000540
30000000
10000014
00000001
010c0000
00000001
024c0fc0
00000540
30000000
10000014
00000001
01100000
00000001
024c1500
00000540
30000000
10000014
00000001
01140000
00000001
024c1a40
00000540
30000000
10000014
00000001
01180000
00000001
024c1f80
00000540
30000000
10000014
00000001
011c0000
00000001
024c24c0
00000540
30000000
20000030
00000001
004c0000
00000000
00000008
00000006
00000007
00000910
00000110
005a0100
00000200
00000000
00000000
40000000
20000030
00000001
004c0540
00000000
00000008
00000006
00000007
00000930
00000130
005a0120
00000200
00000000
00000000
40000000
20000030
00000001
004c0a80
00000000
00000008
00000006
00000007
00000950
00000150
005a0140
00000200
00000000
00000000
40000000
20000030
00000001
004c0fc0
00000000
00000008
00000006
00000007
00000970
00000170
005a0160
00000200
00000000
00000000
40000000
20000030
00000001
004c1500
00000000
00000008
00000006
00000007
00000990
00000190
005a0180
00000200
00000000
00000000
40000000
20000030
00000001
004c1a40
00000000
00000008
00000006
00000007
000009b0
000001b0
005a01a0
00000200
00000000
00000000
40000000
20000030
00000001
004c1f80
00000000
00000008
00000006
00000007
000009d0
000001d0
005a01c0
00000200
00000000
00000000
40000000
20000030
00000001
004c24c0
00000000
00000008
00000006
00000007
000009f0
000001f0
005a01e0
00000200
00000000
00000000
40000000
22000030
00000007
00008c00
00000000
00000200
00000002
00000007
00000000
00000000
004c0000
03031101
00000001
00000007
40000000
10000014
00000001
024c0000
00000001
00012000
0000fc00
30000000
10000014
00000001
024c0000
00000001
00092000
0000fc00
30000000
10000014
00000001
024c0000
00000001
00112000
0000fc00
30000000
10000014
00000001
024c0000
00000001
00192000
0000fc00
30000000
10000014
00000001
024c0000
00000001
00212000
0000fc00
30000000
10000014
00000001
024c0000
00000001
00292000
0000fc00
30000000
10000014
00000001
024c0000
00000001
00312000
0000fc00
30000000
10000014
00000001
024c0000
00000001
00392000
0000fc00
30000000
90000060
00000007
00004807
000000ff
00000000
00001200
00000240
00000002
00000000
00000000
00000000
00000000
00000000
00000000
00000000
00000000
00000000
00000000
00000000
00000000
00000000
00000000
00000000
00000000
00000000
70000000
00000000
00000000
00000000
00000000
00000000
00000000
00000000
00000000
00000000
00000000
00000000
00000000
00000000
00000000
00000000
00000000
10000014
00000001
01000000
00000001
024c0000
000000e0
30000000
10000014
00000001
01040000
00000001
024c00e0
000000e0
30000000
10000014
00000001
01080000
00000001
024c01c0
000000e0
30000000
10000014
00000001
010c0000
00000001
024c02a0
000000e0
30000000
10000014
00000001
01100000
00000001
024c0380
000000e0
30000000
10000014
00000001
01140000
00000001
024c0460
000000e0
30000000
10000014
00000001
01180000
00000001
024c0540
000000e0
30000000
10000014
00000001
011c0000
00000001
024c0620
000000e0
30000000
20000030
00000001
004c0000
00000000
00000008
00000001
00000007
00000910
00000110
005b5100
00000200
00000000
00000000
40000000
20000030
00000001
004c00e0
00000000
00000008
00000001
00000007
00000930
00000130
005b5120
00000200
00000000
00000000
40000000
20000030
00000001
004c01c0
00000000
00000008
00000001
00000007
00000950
00000150
005b5140
00000200
00000000
00000000
40000000
20000030
00000001
004c02a0
00000000
00000008
00000001
00000007
00000970
00000170
005b5160
00000200
00000000
00000000
40000000
20000030
00000001
004c0380
00000000
00000008
00000001
00000007
00000990
00000190
005b5180
00000200
00000000
00000000
40000000
20000030
00000001
004c0460
00000000
00000008
00000001
00000007
000009b0
000001b0
005b51a0
00000200
00000000
00000000
40000000
20000030
00000001
004c0540
00000000
00000008
00000001
00000007
000009d0
000001d0
005b51c0
00000200
00000000
00000000
40000000
20000030
00000001
004c0620
00000000
00000008
00000001
00000007
000009f0
000001f0
005b51e0
00000200
00000000
00000000
40000000
10000014
00000001
027d4cf0
00000001
03000000
00001010
30000000
10000014
00000000
013ee000
00000001
00000000
00012000
30000000
10000014
00000000
01400000
00000001
00080000
00012000
30000000
10000014
00000000
01412000
00000001
00100000
00012000
30000000
10000014
00000000
01424000
00000001
00180000
00012000
30000000
10000014
00000000
01436000
00000001
00200000
00012000
30000000
10000014
00000000
01448000
00000001
00280000
00012000
30000000
10000014
00000000
0145a000
00000001
00300000
00012000
30000000
10000014
00000000
0146c000
00000001
00380000
00012000
30000000
22000030
00000007
00000000
00000000
00000200
00000007
00000007
00000000
00000000
004c0000
03031111
00000006
00000007
40000000
10000014
00000001
024c0000
00000001
00012000
0005e800
30000000
10000014
00000001
024c0000
00000001
00092000
0005e800
30000000
10000014
00000001
024c0000
00000001
00112000
0005e800
30000000
10000014
00000001
024c0000
00000001
00192000
0005e800
30000000
10000014
00000001
024c0000
00000001
00212000
0005e800
30000000
10000014
00000001
024c0000
00000001
00292000
0005e800
30000000
10000014
00000001
024c0000
00000001
00312000
0005e800
30000000
10000014
00000001
024c0000
00000001
00392000
0005e800
30000000
90000060
0000002a
00004807
000000ff
00000000
00001200
00000240
00000002
00000000
00000000
00000000
00000000
00000000
00000000
00000000
00000000
00000000
00000000
00000000
00000000
00000000
00000000
00000000
00000000
00000000
70000000
00000000
00000000
00000000
00000000
00000000
00000000
00000000
00000000
00000000
00000000
00000000
00000000
00000000
00000000
00000000
00000000
10000014
00000001
01000000
00000001
024c0000
00000540
30000000
10000014
00000001
01040000
00000001
024c0540
00000540
30000000
10000014
00000001
01080000
00000001
024c0a80
00000540
30000000
10000014
00000001
010c0000
00000001
024c0fc0
00000540
30000000
10000014
00000001
01100000
00000001
024c1500
00000540
30000000
10000014
00000001
01140000
00000001
024c1a40
00000540
30000000
10000014
00000001
01180000
00000001
024c1f80
00000540
30000000
10000014
00000001
011c0000
00000001
024c24c0
00000540
30000000
20000030
00000001
004c0000
00000000
00000008
00000006
00000007
00000a10
00000210
005a0200
00000200
00000000
00000000
40000000
20000030
00000001
004c0540
00000000
00000008
00000006
00000007
00000a30
00000230
005a0220
00000200
00000000
00000000
40000000
20000030
00000001
004c0a80
00000000
00000008
00000006
00000007
00000a50
00000250
005a0240
00000200
00000000
00000000
40000000
20000030
00000001
004c0fc0
00000000
00000008
00000006
00000007
00000a70
00000270
005a0260
00000200
00000000
00000000
40000000
20000030
00000001
004c1500
00000000
00000008
00000006
00000007
00000a90
00000290
005a0280
00000200
00000000
00000000
40000000
20000030
00000001
004c1a40
00000000
00000008
00000006
00000007
00000ab0
000002b0
005a02a0
00000200
00000000
00000000
40000000
20000030
00000001
004c1f80
00000000
00000008
00000006
00000007
00000ad0
000002d0
005a02c0
00000200
00000000
00000000
40000000
20000030
00000001
004c24c0
00000000
00000008
00000006
00000007
00000af0
000002f0
005a02e0
00000200
00000000
00000000
40000000
22000030
00000007
00008c00
00000000
00000200
00000002
00000007
00000000
00000000
004c0000
03031101
00000001
00000007
40000000
10000014
00000001
024c0000
00000001
00012000
0000fc00
30000000
10000014
00000001
024c0000
00000001
00092000
0000fc00
30000000
10000014
00000001
024c0000
00000001
00112000
0000fc00
30000000
10000014
00000001
024c0000
00000001
00192000
0000fc00
30000000
10000014
00000001
024c0000
00000001
00212000
0000fc00
30000000
10000014
00000001
024c0000
00000001
00292000
0000fc00
30000000
10000014
00000001
024c0000
00000001
00312000
0000fc00
30000000
10000014
00000001
024c0000
00000001
00392000
0000fc00
30000000
90000060
00000007
00004807
000000ff
00000000
00001200
00000240
00000002
00000000
00000000
00000000
00000000
00000000
00000000
00000000
00000000
00000000
00000000
00000000
00000000
00000000
00000000
00000000
00000000
00000000
70000000
00000000
00000000
00000000
00000000
00000000
00000000
00000000
00000000
00000000
00000000
00000000
00000000
00000000
00000000
00000000
00000000
10000014
00000001
01000000
00000001
024c0000
000000e0
30000000
10000014
00000001
01040000
00000001
024c00e0
000000e0
30000000
10000014
00000001
01080000
00000001
024c01c0
000000e0
30000000
10000014
00000001
010c0000
00000001
024c02a0
000000e0
30000000
10000014
00000001
01100000
00000001
024c0380
000000e0
30000000
10000014
00000001
01140000
00000001
024c0460
000000e0
30000000
10000014
00000001
01180000
00000001
024c0540
000000e0
30000000
10000014
00000001
011c0000
00000001
024c0620
000000e0
30000000
20000030
00000001
004c0000
00000000
00000008
00000001
00000007
00000a10
00000210
005b5200
00000200
00000000
00000000
40000000
20000030
00000001
004c00e0
00000000
00000008
00000001
00000007
00000a30
00000230
005b5220
00000200
00000000
00000000
40000000
20000030
00000001
004c01c0
00000000
00000008
00000001
00000007
00000a50
00000250
005b5240
00000200
00000000
00000000
40000000
20000030
00000001
004c02a0
00000000
00000008
00000001
00000007
00000a70
00000270
005b5260
00000200
00000000
00000000
40000000
20000030
00000001
004c0380
00000000
00000008
00000001
00000007
00000a90
00000290
005b5280
00000200
00000000
00000000
40000000
20000030
00000001
004c0460
00000000
00000008
00000001
00000007
00000ab0
000002b0
005b52a0
00000200
00000000
00000000
40000000
20000030
00000001
004c0540
00000000
00000008
00000001
00000007
00000ad0
000002d0
005b52c0
00000200
00000000
00000000
40000000
20000030
00000001
004c0620
00000000
00000008
00000001
00000007
00000af0
000002f0
005b52e0
00000200
00000000
00000000
40000000
10000014
00000001
027d4cf0
00000001
03000000
00001010
30000000
10000014
00000000
0147e000
00000001
00000000
00012000
30000000
10000014
00000000
01490000
00000001
00080000
00012000
30000000
10000014
00000000
014a2000
00000001
00100000
00012000
30000000
10000014
00000000
014b4000
00000001
00180000
00012000
30000000
10000014
00000000
014c6000
00000001
00200000
00012000
30000000
10000014
00000000
014d8000
00000001
00280000
00012000
30000000
10000014
00000000
014ea000
00000001
00300000
00012000
30000000
10000014
00000000
014fc000
00000001
00380000
00012000
30000000
22000030
00000007
00000000
00000000
00000200
00000007
00000007
00000000
00000000
004c0000
03031111
00000006
00000007
40000000
10000014
00000001
024c0000
00000001
00012000
0005e800
30000000
10000014
00000001
024c0000
00000001
00092000
0005e800
30000000
10000014
00000001
024c0000
00000001
00112000
0005e800
30000000
10000014
00000001
024c0000
00000001
00192000
0005e800
30000000
10000014
00000001
024c0000
00000001
00212000
0005e800
30000000
10000014
00000001
024c0000
00000001
00292000
0005e800
30000000
10000014
00000001
024c0000
00000001
00312000
0005e800
30000000
10000014
00000001
024c0000
00000001
00392000
0005e800
30000000
90000060
0000002a
00004807
000000ff
00000000
00001200
00000240
00000002
00000000
00000000
00000000
00000000
00000000
00000000
00000000
00000000
00000000
00000000
00000000
00000000
00000000
00000000
00000000
00000000
00000000
70000000
00000000
00000000
00000000
00000000
00000000
00000000
00000000
00000000
00000000
00000000
00000000
00000000
00000000
00000000
00000000
00000000
10000014
00000001
01000000
00000001
024c0000
00000540
30000000
10000014
00000001
01040000
00000001
024c0540
00000540
30000000
10000014
00000001
01080000
00000001
024c0a80
00000540
30000000
10000014
00000001
010c0000
00000001
024c0fc0
00000540
30000000
10000014
00000001
01100000
00000001
024c1500
00000540
30000000
10000014
00000001
01140000
00000001
024c1a40
00000540
30000000
10000014
00000001
01180000
00000001
024c1f80
00000540
30000000
10000014
00000001
011c0000
00000001
024c24c0
00000540
30000000
20000030
00000001
004c0000
00000000
00000008
00000006
00000007
00000b10
00000310
005a0300
00000200
00000000
00000000
40000000
20000030
00000001
004c0540
00000000
00000008
00000006
00000007
00000b30
00000330
005a0320
00000200
00000000
00000000
40000000
20000030
00000001
004c0a80
00000000
00000008
00000006
00000007
00000b50
00000350
005a0340
00000200
00000000
00000000
40000000
20000030
00000001
004c0fc0
00000000
00000008
00000006
00000007
00000b70
00000370
005a0360
00000200
00000000
00000000
40000000
20000030
00000001
004c1500
00000000
00000008
00000006
00000007
00000b90
00000390
005a0380
00000200
00000000
00000000
40000000
20000030
00000001
004c1a40
00000000
00000008
00000006
00000007
00000bb0
000003b0
005a03a0
00000200
00000000
00000000
40000000
20000030
00000001
004c1f80
00000000
00000008
00000006
00000007
00000bd0
000003d0
005a03c0
00000200
00000000
00000000
40000000
20000030
00000001
004c24c0
00000000
00000008
00000006
00000007
00000bf0
000003f0
005a03e0
00000200
00000000
00000000
40000000
22000030
00000007
00008c00
00000000
00000200
00000002
00000007
00000000
00000000
004c0000
03031101
00000001
00000007
40000000
10000014
00000001
024c0000
00000001
00012000
0000fc00
30000000
10000014
00000001
024c0000
00000001
00092000
0000fc00
30000000
10000014
00000001
024c0000
00000001
00112000
0000fc00
30000000
10000014
00000001
024c0000
00000001
00192000
0000fc00
30000000
10000014
00000001
024c0000
00000001
00212000
0000fc00
30000000
10000014
00000001
024c0000
00000001
00292000
0000fc00
30000000
10000014
00000001
024c0000
00000001
00312000
0000fc00
30000000
10000014
00000001
024c0000
00000001
00392000
0000fc00
30000000
90000060
00000007
00004807
000000ff
00000000
00001200
00000240
00000002
00000000
00000000
00000000
00000000
00000000
00000000
00000000
00000000
00000000
00000000
00000000
00000000
00000000
00000000
00000000
00000000
00000000
70000000
00000000
00000000
00000000
00000000
00000000
00000000
00000000
00000000
00000000
00000000
00000000
00000000
00000000
00000000
00000000
00000000
10000014
00000001
01000000
00000001
024c0000
000000e0
30000000
10000014
00000001
01040000
00000001
024c00e0
000000e0
30000000
10000014
00000001
01080000
00000001
024c01c0
000000e0
30000000
10000014
00000001
010c0000
00000001
024c02a0
000000e0
30000000
10000014
00000001
01100000
00000001
024c0380
000000e0
30000000
10000014
00000001
01140000
00000001
024c0460
000000e0
30000000
10000014
00000001
01180000
00000001
024c0540
000000e0
30000000
10000014
00000001
011c0000
00000001
024c0620
000000e0
30000000
20000030
00000001
004c0000
00000000
00000008
00000001
00000007
00000b10
00000310
005b5300
00000200
00000000
00000000
40000000
20000030
00000001
004c00e0
00000000
00000008
00000001
00000007
00000b30
00000330
005b5320
00000200
00000000
00000000
40000000
20000030
00000001
004c01c0
00000000
00000008
00000001
00000007
00000b50
00000350
005b5340
00000200
00000000
00000000
40000000
20000030
00000001
004c02a0
00000000
00000008
00000001
00000007
00000b70
00000370
005b5360
00000200
00000000
00000000
40000000
20000030
00000001
004c0380
00000000
00000008
00000001
00000007
00000b90
00000390
005b5380
00000200
00000000
00000000
40000000
20000030
00000001
004c0460
00000000
00000008
00000001
00000007
00000bb0
000003b0
005b53a0
00000200
00000000
00000000
40000000
20000030
00000001
004c0540
00000000
00000008
00000001
00000007
00000bd0
000003d0
005b53c0
00000200
00000000
00000000
40000000
20000030
00000001
004c0620
00000000
00000008
00000001
00000007
00000bf0
000003f0
005b53e0
00000200
00000000
00000000
40000000
10000014
00000001
027d4cf0
00000001
03000000
00001010
30000000
10000014
00000000
0150e000
00000001
00000000
00012000
30000000
10000014
00000000
01520000
00000001
00080000
00012000
30000000
10000014
00000000
01532000
00000001
00100000
00012000
30000000
10000014
00000000
01544000
00000001
00180000
00012000
30000000
10000014
00000000
01556000
00000001
00200000
00012000
30000000
10000014
00000000
01568000
00000001
00280000
00012000
30000000
10000014
00000000
0157a000
00000001
00300000
00012000
30000000
10000014
00000000
0158c000
00000001
00380000
00012000
30000000
22000030
00000007
00000000
00000000
00000200
00000007
00000007
00000000
00000000
004c0000
03031111
00000006
00000007
40000000
10000014
00000001
024c0000
00000001
00012000
0005e800
30000000
10000014
00000001
024c0000
00000001
00092000
0005e800
30000000
10000014
00000001
024c0000
00000001
00112000
0005e800
30000000
10000014
00000001
024c0000
00000001
00192000
0005e800
30000000
10000014
00000001
024c0000
00000001
00212000
0005e800
30000000
10000014
00000001
024c0000
00000001
00292000
0005e800
30000000
10000014
00000001
024c0000
00000001
00312000
0005e800
30000000
10000014
00000001
024c0000
00000001
00392000
0005e800
30000000
90000060
0000002a
00004807
000000ff
00000000
00001200
00000240
00000002
00000000
00000000
00000000
00000000
00000000
00000000
00000000
00000000
00000000
00000000
00000000
00000000
00000000
00000000
00000000
00000000
00000000
70000000
00000000
00000000
00000000
00000000
00000000
00000000
00000000
00000000
00000000
00000000
00000000
00000000
00000000
00000000
00000000
00000000
10000014
00000001
01000000
00000001
024c0000
00000540
30000000
10000014
00000001
01040000
00000001
024c0540
00000540
30000000
10000014
00000001
01080000
00000001
024c0a80
00000540
30000000
10000014
00000001
010c0000
00000001
024c0fc0
00000540
30000000
10000014
00000001
01100000
00000001
024c1500
00000540
30000000
10000014
00000001
01140000
00000001
024c1a40
00000540
30000000
10000014
00000001
01180000
00000001
024c1f80
00000540
30000000
10000014
00000001
011c0000
00000001
024c24c0
00000540
30000000
20000030
00000001
004c0000
00000000
00000008
00000006
00000007
00000c10
00000410
005a0400
00000200
00000000
00000000
40000000
20000030
00000001
004c0540
00000000
00000008
00000006
00000007
00000c30
00000430
005a0420
00000200
00000000
00000000
40000000
20000030
00000001
004c0a80
00000000
00000008
00000006
00000007
00000c50
00000450
005a0440
00000200
00000000
00000000
40000000
20000030
00000001
004c0fc0
00000000
00000008
00000006
00000007
00000c70
00000470
005a0460
00000200
00000000
00000000
40000000
20000030
00000001
004c1500
00000000
00000008
00000006
00000007
00000c90
00000490
005a0480
00000200
00000000
00000000
40000000
20000030
00000001
004c1a40
00000000
00000008
00000006
00000007
00000cb0
000004b0
005a04a0
00000200
00000000
00000000
40000000
20000030
00000001
004c1f80
00000000
00000008
00000006
00000007
00000cd0
000004d0
005a04c0
00000200
00000000
00000000
40000000
20000030
00000001
004c24c0
00000000
00000008
00000006
00000007
00000cf0
000004f0
005a04e0
00000200
00000000
00000000
40000000
22000030
00000007
00008c00
00000000
00000200
00000002
00000007
00000000
00000000
004c0000
03031101
00000001
00000007
40000000
10000014
00000001
024c0000
00000001
00012000
0000fc00
30000000
10000014
00000001
024c0000
00000001
00092000
0000fc00
30000000
10000014
00000001
024c0000
00000001
00112000
0000fc00
30000000
10000014
00000001
024c0000
00000001
00192000
0000fc00
30000000
10000014
00000001
024c0000
00000001
00212000
0000fc00
30000000
10000014
00000001
024c0000
00000001
00292000
0000fc00
30000000
10000014
00000001
024c0000
00000001
00312000
0000fc00
30000000
10000014
00000001
024c0000
00000001
00392000
0000fc00
30000000
90000060
00000007
00004807
000000ff
00000000
00001200
00000240
00000002
00000000
00000000
00000000
00000000
00000000
00000000
00000000
00000000
00000000
00000000
00000000
00000000
00000000
00000000
00000000
00000000
00000000
70000000
00000000
00000000
00000000
00000000
00000000
00000000
00000000
00000000
00000000
00000000
00000000
00000000
00000000
00000000
00000000
00000000
10000014
00000001
01000000
00000001
024c0000
000000e0
30000000
10000014
00000001
01040000
00000001
024c00e0
000000e0
30000000
10000014
00000001
01080000
00000001
024c01c0
000000e0
30000000
10000014
00000001
010c0000
00000001
024c02a0
000000e0
30000000
10000014
00000001
01100000
00000001
024c0380
000000e0
30000000
10000014
00000001
01140000
00000001
024c0460
000000e0
30000000
10000014
00000001
01180000
00000001
024c0540
000000e0
30000000
10000014
00000001
011c0000
00000001
024c0620
000000e0
30000000
20000030
00000001
004c0000
00000000
00000008
00000001
00000007
00000c10
00000410
005b5400
00000200
00000000
00000000
40000000
20000030
00000001
004c00e0
00000000
00000008
00000001
00000007
00000c30
00000430
005b5420
00000200
00000000
00000000
40000000
20000030
00000001
004c01c0
00000000
00000008
00000001
00000007
00000c50
00000450
005b5440
00000200
00000000
00000000
40000000
20000030
00000001
004c02a0
00000000
00000008
00000001
00000007
00000c70
00000470
005b5460
00000200
00000000
00000000
40000000
20000030
00000001
004c0380
00000000
00000008
00000001
00000007
00000c90
00000490
005b5480
00000200
00000000
00000000
40000000
20000030
00000001
004c0460
00000000
00000008
00000001
00000007
00000cb0
000004b0
005b54a0
00000200
00000000
00000000
40000000
20000030
00000001
004c0540
00000000
00000008
00000001
00000007
00000cd0
000004d0
005b54c0
00000200
00000000
00000000
40000000
20000030
00000001
004c0620
00000000
00000008
00000001
00000007
00000cf0
000004f0
005b54e0
00000200
00000000
00000000
40000000
10000014
00000001
027d4cf0
00000001
03000000
00001010
30000000
10000014
00000000
0159e000
00000001
00000000
00012000
30000000
10000014
00000000
015b0000
00000001
00080000
00012000
30000000
10000014
00000000
015c2000
00000001
00100000
00012000
30000000
10000014
00000000
015d4000
00000001
00180000
00012000
30000000
10000014
00000000
015e6000
00000001
00200000
00012000
30000000
10000014
00000000
015f8000
00000001
00280000
00012000
30000000
10000014
00000000
0160a000
00000001
00300000
00012000
30000000
10000014
00000000
0161c000
00000001
00380000
00012000
30000000
22000030
00000007
00000000
00000000
00000200
00000007
00000007
00000000
00000000
004c0000
03031111
00000006
00000007
40000000
10000014
00000001
024c0000
00000001
00012000
0005e800
30000000
10000014
00000001
024c0000
00000001
00092000
0005e800
30000000
10000014
00000001
024c0000
00000001
00112000
0005e800
30000000
10000014
00000001
024c0000
00000001
00192000
0005e800
30000000
10000014
00000001
024c0000
00000001
00212000
0005e800
30000000
10000014
00000001
024c0000
00000001
00292000
0005e800
30000000
10000014
00000001
024c0000
00000001
00312000
0005e800
30000000
10000014
00000001
024c0000
00000001
00392000
0005e800
30000000
90000060
0000002a
00004807
000000ff
00000000
00001200
00000240
00000002
00000000
00000000
00000000
00000000
00000000
00000000
00000000
00000000
00000000
00000000
00000000
00000000
00000000
00000000
00000000
00000000
00000000
70000000
00000000
00000000
00000000
00000000
00000000
00000000
00000000
00000000
00000000
00000000
00000000
00000000
00000000
00000000
00000000
00000000
10000014
00000001
01000000
00000001
024c0000
00000540
30000000
10000014
00000001
01040000
00000001
024c0540
00000540
30000000
10000014
00000001
01080000
00000001
024c0a80
00000540
30000000
10000014
00000001
010c0000
00000001
024c0fc0
00000540
30000000
10000014
00000001
01100000
00000001
024c1500
00000540
30000000
10000014
00000001
01140000
00000001
024c1a40
00000540
30000000
10000014
00000001
01180000
00000001
024c1f80
00000540
30000000
10000014
00000001
011c0000
00000001
024c24c0
00000540
30000000
20000030
00000001
004c0000
00000000
00000008
00000006
00000007
00000d10
00000510
005a0500
00000200
00000000
00000000
40000000
20000030
00000001
004c0540
00000000
00000008
00000006
00000007
00000d30
00000530
005a0520
00000200
00000000
00000000
40000000
20000030
00000001
004c0a80
00000000
00000008
00000006
00000007
00000d50
00000550
005a0540
00000200
00000000
00000000
40000000
20000030
00000001
004c0fc0
00000000
00000008
00000006
00000007
00000d70
00000570
005a0560
00000200
00000000
00000000
40000000
20000030
00000001
004c1500
00000000
00000008
00000006
00000007
00000d90
00000590
005a0580
00000200
00000000
00000000
40000000
20000030
00000001
004c1a40
00000000
00000008
00000006
00000007
00000db0
000005b0
005a05a0
00000200
00000000
00000000
40000000
20000030
00000001
004c1f80
00000000
00000008
00000006
00000007
00000dd0
000005d0
005a05c0
00000200
00000000
00000000
40000000
20000030
00000001
004c24c0
00000000
00000008
00000006
00000007
00000df0
000005f0
005a05e0
00000200
00000000
00000000
40000000
22000030
00000007
00008c00
00000000
00000200
00000002
00000007
00000000
00000000
004c0000
03031101
00000001
00000007
40000000
10000014
00000001
024c0000
00000001
00012000
0000fc00
30000000
10000014
00000001
024c0000
00000001
00092000
0000fc00
30000000
10000014
00000001
024c0000
00000001
00112000
0000fc00
30000000
10000014
00000001
024c0000
00000001
00192000
0000fc00
30000000
10000014
00000001
024c0000
00000001
00212000
0000fc00
30000000
10000014
00000001
024c0000
00000001
00292000
0000fc00
30000000
10000014
00000001
024c0000
00000001
00312000
0000fc00
30000000
10000014
00000001
024c0000
00000001
00392000
0000fc00
30000000
90000060
00000007
00004807
000000ff
00000000
00001200
00000240
00000002
00000000
00000000
00000000
00000000
00000000
00000000
00000000
00000000
00000000
00000000
00000000
00000000
00000000
00000000
00000000
00000000
00000000
70000000
00000000
00000000
00000000
00000000
00000000
00000000
00000000
00000000
00000000
00000000
00000000
00000000
00000000
00000000
00000000
00000000
10000014
00000001
01000000
00000001
024c0000
000000e0
30000000
10000014
00000001
01040000
00000001
024c00e0
000000e0
30000000
10000014
00000001
01080000
00000001
024c01c0
000000e0
30000000
10000014
00000001
010c0000
00000001
024c02a0
000000e0
30000000
10000014
00000001
01100000
00000001
024c0380
000000e0
30000000
10000014
00000001
01140000
00000001
024c0460
000000e0
30000000
10000014
00000001
01180000
00000001
024c0540
000000e0
30000000
10000014
00000001
011c0000
00000001
024c0620
000000e0
30000000
20000030
00000001
004c0000
00000000
00000008
00000001
00000007
00000d10
00000510
005b5500
00000200
00000000
00000000
40000000
20000030
00000001
004c00e0
00000000
00000008
00000001
00000007
00000d30
00000530
005b5520
00000200
00000000
00000000
40000000
20000030
00000001
004c01c0
00000000
00000008
00000001
00000007
00000d50
00000550
005b5540
00000200
00000000
00000000
40000000
20000030
00000001
004c02a0
00000000
00000008
00000001
00000007
00000d70
00000570
005b5560
00000200
00000000
00000000
40000000
20000030
00000001
004c0380
00000000
00000008
00000001
00000007
00000d90
00000590
005b5580
00000200
00000000
00000000
40000000
20000030
00000001
004c0460
00000000
00000008
00000001
00000007
00000db0
000005b0
005b55a0
00000200
00000000
00000000
40000000
20000030
00000001
004c0540
00000000
00000008
00000001
00000007
00000dd0
000005d0
005b55c0
00000200
00000000
00000000
40000000
20000030
00000001
004c0620
00000000
00000008
00000001
00000007
00000df0
000005f0
005b55e0
00000200
00000000
00000000
40000000
10000014
00000001
027d4cf0
00000001
03000000
00001010
30000000
10000014
00000000
0162e000
00000001
00000000
00012000
30000000
10000014
00000000
01640000
00000001
00080000
00012000
30000000
10000014
00000000
01652000
00000001
00100000
00012000
30000000
10000014
00000000
01664000
00000001
00180000
00012000
30000000
10000014
00000000
01676000
00000001
00200000
00012000
30000000
10000014
00000000
01688000
00000001
00280000
00012000
30000000
10000014
00000000
0169a000
00000001
00300000
00012000
30000000
10000014
00000000
016ac000
00000001
00380000
00012000
30000000
22000030
00000007
00000000
00000000
00000200
00000007
00000007
00000000
00000000
004c0000
03031111
00000006
00000007
40000000
10000014
00000001
024c0000
00000001
00012000
0005e800
30000000
10000014
00000001
024c0000
00000001
00092000
0005e800
30000000
10000014
00000001
024c0000
00000001
00112000
0005e800
30000000
10000014
00000001
024c0000
00000001
00192000
0005e800
30000000
10000014
00000001
024c0000
00000001
00212000
0005e800
30000000
10000014
00000001
024c0000
00000001
00292000
0005e800
30000000
10000014
00000001
024c0000
00000001
00312000
0005e800
30000000
10000014
00000001
024c0000
00000001
00392000
0005e800
30000000
90000060
0000002a
00004807
000000ff
00000000
00001200
00000240
00000002
00000000
00000000
00000000
00000000
00000000
00000000
00000000
00000000
00000000
00000000
00000000
00000000
00000000
00000000
00000000
00000000
00000000
70000000
00000000
00000000
00000000
00000000
00000000
00000000
00000000
00000000
00000000
00000000
00000000
00000000
00000000
00000000
00000000
00000000
10000014
00000001
01000000
00000001
024c0000
00000540
30000000
10000014
00000001
01040000
00000001
024c0540
00000540
30000000
10000014
00000001
01080000
00000001
024c0a80
00000540
30000000
10000014
00000001
010c0000
00000001
024c0fc0
00000540
30000000
10000014
00000001
01100000
00000001
024c1500
00000540
30000000
10000014
00000001
01140000
00000001
024c1a40
00000540
30000000
10000014
00000001
01180000
00000001
024c1f80
00000540
30000000
10000014
00000001
011c0000
00000001
024c24c0
00000540
30000000
20000030
00000001
004c0000
00000000
00000008
00000006
00000007
00000e10
00000610
005a0600
00000200
00000000
00000000
40000000
20000030
00000001
004c0540
00000000
00000008
00000006
00000007
00000e30
00000630
005a0620
00000200
00000000
00000000
40000000
20000030
00000001
004c0a80
00000000
00000008
00000006
00000007
00000e50
00000650
005a0640
00000200
00000000
00000000
40000000
20000030
00000001
004c0fc0
00000000
00000008
00000006
00000007
00000e70
00000670
005a0660
00000200
00000000
00000000
40000000
20000030
00000001
004c1500
00000000
00000008
00000006
00000007
00000e90
00000690
005a0680
00000200
00000000
00000000
40000000
20000030
00000001
004c1a40
00000000
00000008
00000006
00000007
00000eb0
000006b0
005a06a0
00000200
00000000
00000000
40000000
20000030
00000001
004c1f80
00000000
00000008
00000006
00000007
00000ed0
000006d0
005a06c0
00000200
00000000
00000000
40000000
20000030
00000001
004c24c0
00000000
00000008
00000006
00000007
00000ef0
000006f0
005a06e0
00000200
00000000
00000000
40000000
22000030
00000007
00008c00
00000000
00000200
00000002
00000007
00000000
00000000
004c0000
03031101
00000001
00000007
40000000
10000014
00000001
024c0000
00000001
00012000
0000fc00
30000000
10000014
00000001
024c0000
00000001
00092000
0000fc00
30000000
10000014
00000001
024c0000
00000001
00112000
0000fc00
30000000
10000014
00000001
024c0000
00000001
00192000
0000fc00
30000000
10000014
00000001
024c0000
00000001
00212000
0000fc00
30000000
10000014
00000001
024c0000
00000001
00292000
0000fc00
30000000
10000014
00000001
024c0000
00000001
00312000
0000fc00
30000000
10000014
00000001
024c0000
00000001
00392000
0000fc00
30000000
90000060
00000007
00004807
000000ff
00000000
00001200
00000240
00000002
00000000
00000000
00000000
00000000
00000000
00000000
00000000
00000000
00000000
00000000
00000000
00000000
00000000
00000000
00000000
00000000
00000000
70000000
00000000
00000000
00000000
00000000
00000000
00000000
00000000
00000000
00000000
00000000
00000000
00000000
00000000
00000000
00000000
00000000
10000014
00000001
01000000
00000001
024c0000
000000e0
30000000
10000014
00000001
01040000
00000001
024c00e0
000000e0
30000000
10000014
00000001
01080000
00000001
024c01c0
000000e0
30000000
10000014
00000001
010c0000
00000001
024c02a0
000000e0
30000000
10000014
00000001
01100000
00000001
024c0380
000000e0
30000000
10000014
00000001
01140000
00000001
024c0460
000000e0
30000000
10000014
00000001
01180000
00000001
024c0540
000000e0
30000000
10000014
00000001
011c0000
00000001
024c0620
000000e0
30000000
20000030
00000001
004c0000
00000000
00000008
00000001
00000007
00000e10
00000610
005b5600
00000200
00000000
00000000
40000000
20000030
00000001
004c00e0
00000000
00000008
00000001
00000007
00000e30
00000630
005b5620
00000200
00000000
00000000
40000000
20000030
00000001
004c01c0
00000000
00000008
00000001
00000007
00000e50
00000650
005b5640
00000200
00000000
00000000
40000000
20000030
00000001
004c02a0
00000000
00000008
00000001
00000007
00000e70
00000670
005b5660
00000200
00000000
00000000
40000000
20000030
00000001
004c0380
00000000
00000008
00000001
00000007
00000e90
00000690
005b5680
00000200
00000000
00000000
40000000
20000030
00000001
004c0460
00000000
00000008
00000001
00000007
00000eb0
000006b0
005b56a0
00000200
00000000
00000000
40000000
20000030
00000001
004c0540
00000000
00000008
00000001
00000007
00000ed0
000006d0
005b56c0
00000200
00000000
00000000
40000000
20000030
00000001
004c0620
00000000
00000008
00000001
00000007
00000ef0
000006f0
005b56e0
00000200
00000000
00000000
40000000
10000014
00000001
027d4cf0
00000001
03000000
00001010
30000000
10000014
00000000
016be000
00000001
00000000
00012000
30000000
10000014
00000000
016d0000
00000001
00080000
00012000
30000000
10000014
00000000
016e2000
00000001
00100000
00012000
30000000
10000014
00000000
016f4000
00000001
00180000
00012000
30000000
10000014
00000000
01706000
00000001
00200000
00012000
30000000
10000014
00000000
01718000
00000001
00280000
00012000
30000000
10000014
00000000
0172a000
00000001
00300000
00012000
30000000
10000014
00000000
0173c000
00000001
00380000
00012000
30000000
22000030
00000007
00000000
00000000
00000200
00000007
00000007
00000000
00000000
004c0000
03031111
00000006
00000007
40000000
10000014
00000001
024c0000
00000001
00012000
0005e800
30000000
10000014
00000001
024c0000
00000001
00092000
0005e800
30000000
10000014
00000001
024c0000
00000001
00112000
0005e800
30000000
10000014
00000001
024c0000
00000001
00192000
0005e800
30000000
10000014
00000001
024c0000
00000001
00212000
0005e800
30000000
10000014
00000001
024c0000
00000001
00292000
0005e800
30000000
10000014
00000001
024c0000
00000001
00312000
0005e800
30000000
10000014
00000001
024c0000
00000001
00392000
0005e800
30000000
90000060
0000002a
00004807
000000ff
00000000
00001200
00000240
00000002
00000000
00000000
00000000
00000000
00000000
00000000
00000000
00000000
00000000
00000000
00000000
00000000
00000000
00000000
00000000
00000000
00000000
70000000
00000000
00000000
00000000
00000000
00000000
00000000
00000000
00000000
00000000
00000000
00000000
00000000
00000000
00000000
00000000
00000000
10000014
00000001
01000000
00000001
024c0000
00000540
30000000
10000014
00000001
01040000
00000001
024c0540
00000540
30000000
10000014
00000001
01080000
00000001
024c0a80
00000540
30000000
10000014
00000001
010c0000
00000001
024c0fc0
00000540
30000000
10000014
00000001
01100000
00000001
024c1500
00000540
30000000
10000014
00000001
01140000
00000001
024c1a40
00000540
30000000
10000014
00000001
01180000
00000001
024c1f80
00000540
30000000
10000014
00000001
011c0000
00000001
024c24c0
00000540
30000000
20000030
00000001
004c0000
00000000
00000008
00000006
00000007
00000f10
00000710
005a0700
00000200
00000000
00000000
40000000
20000030
00000001
004c0540
00000000
00000008
00000006
00000007
00000f30
00000730
005a0720
00000200
00000000
00000000
40000000
20000030
00000001
004c0a80
00000000
00000008
00000006
00000007
00000f50
00000750
005a0740
00000200
00000000
00000000
40000000
20000030
00000001
004c0fc0
00000000
00000008
00000006
00000007
00000f70
00000770
005a0760
00000200
00000000
00000000
40000000
20000030
00000001
004c1500
00000000
00000008
00000006
00000007
00000f90
00000790
005a0780
00000200
00000000
00000000
40000000
20000030
00000001
004c1a40
00000000
00000008
00000006
00000007
00000fb0
000007b0
005a07a0
00000200
00000000
00000000
40000000
20000030
00000001
004c1f80
00000000
00000008
00000006
00000007
00000fd0
000007d0
005a07c0
00000200
00000000
00000000
40000000
20000030
00000001
004c24c0
00000000
00000008
00000006
00000007
00000ff0
000007f0
005a07e0
00000200
00000000
00000000
40000000
22000030
00000007
00008c00
00000000
00000200
00000002
00000007
00000000
00000000
004c0000
03031101
00000001
00000007
40000000
10000014
00000001
024c0000
00000001
00012000
0000fc00
30000000
10000014
00000001
024c0000
00000001
00092000
0000fc00
30000000
10000014
00000001
024c0000
00000001
00112000
0000fc00
30000000
10000014
00000001
024c0000
00000001
00192000
0000fc00
30000000
10000014
00000001
024c0000
00000001
00212000
0000fc00
30000000
10000014
00000001
024c0000
00000001
00292000
0000fc00
30000000
10000014
00000001
024c0000
00000001
00312000
0000fc00
30000000
10000014
00000001
024c0000
00000001
00392000
0000fc00
30000000
90000060
00000007
00004807
000000ff
00000000
00001200
00000240
00000002
00000000
00000000
00000000
00000000
00000000
00000000
00000000
00000000
00000000
00000000
00000000
00000000
00000000
00000000
00000000
00000000
00000000
70000000
00000000
00000000
00000000
00000000
00000000
00000000
00000000
00000000
00000000
00000000
00000000
00000000
00000000
00000000
00000000
00000000
10000014
00000001
01000000
00000001
024c0000
000000e0
30000000
10000014
00000001
01040000
00000001
024c00e0
000000e0
30000000
10000014
00000001
01080000
00000001
024c01c0
000000e0
30000000
10000014
00000001
010c0000
00000001
024c02a0
000000e0
30000000
10000014
00000001
01100000
00000001
024c0380
000000e0
30000000
10000014
00000001
01140000
00000001
024c0460
000000e0
30000000
10000014
00000001
01180000
00000001
024c0540
000000e0
30000000
10000014
00000001
011c0000
00000001
024c0620
000000e0
30000000
20000030
00000001
004c0000
00000000
00000008
00000001
00000007
00000f10
00000710
005b5700
00000200
00000000
00000000
40000000
20000030
00000001
004c00e0
00000000
00000008
00000001
00000007
00000f30
00000730
005b5720
00000200
00000000
00000000
40000000
20000030
00000001
004c01c0
00000000
00000008
00000001
00000007
00000f50
00000750
005b5740
00000200
00000000
00000000
40000000
20000030
00000001
004c02a0
00000000
00000008
00000001
00000007
00000f70
00000770
005b5760
00000200
00000000
00000000
40000000
20000030
00000001
004c0380
00000000
00000008
00000001
00000007
00000f90
00000790
005b5780
00000200
00000000
00000000
40000000
20000030
00000001
004c0460
00000000
00000008
00000001
00000007
00000fb0
000007b0
005b57a0
00000200
00000000
00000000
40000000
20000030
00000001
004c0540
00000000
00000008
00000001
00000007
00000fd0
000007d0
005b57c0
00000200
00000000
00000000
40000000
20000030
00000001
004c0620
00000000
00000008
00000001
00000007
00000ff0
000007f0
005b57e0
00000200
00000000
00000000
40000000
10000014
00000001
027d3ce0
00000001
03000000
00001010
30000000
22000030
00000003
005a0000
00000000
00000200
00000007
00000007
00000000
00000000
005b8800
00000000
00000000
00000000
40000000
26000030
00000001
005b8800
00000000
00000200
00000007
00000007
00000810
00000010
005a0000
00000000
00000000
00000000
40000000
10000014
00000001
027d5d00
00000001
03000000
00001010
30000000
20000030
00000006
005a0000
001a0000
00000200
00000007
00000007
00000000
00000000
00000000
00000001
00000000
00000000
40000000
22000030
00000003
00000000
00000000
00000200
00000007
00000007
00000000
00000000
005b8800
00000000
00000000
00000000
40000000
26000030
00000001
005b8800
00000000
00000200
00000007
00000007
00000810
00000010
00000000
00000000
00000000
00000000
40000000
10000014
00000001
027d6d10
00000001
03000000
00000010
30000000
22000030
00000003
00000000
00000000
00000200
00000007
00000007
00000000
00000000
005a0000
00000000
00000000
00000000
40000000
f0000000
