10000014
00000001
027c0000
00000001
03000000
00000090
30000000
10000014
00000000
00200000
00000001
00000000
00000800
30000000
20000030
00000007
00000000
00000000
00000003
00000034
00000140
00000000
00000000
00340000
06062222
00000019
000000a0
40000000
10000014
00000001
02340000
00000001
00000800
0007d000
30000000
90000060
00000fa0
00000206
00000001
00000000
00000080
00000008
00000004
00000000
00000000
00000000
00000000
00000000
00000000
00000000
00000000
00000000
00000000
00000000
00000000
00000000
00000000
00000000
00000000
00000000
70000000
00000000
00000000
00000000
00000000
00000000
00000000
00000000
00000000
00000000
00000000
00000000
00000000
00000000
00000000
00000000
00000000
10000014
00000001
01000000
00000001
02340000
0003e800
30000000
21000030
00000001
00340000
00000000
00000010
00000019
000000a0
00000050
00000010
001a0000
00000010
00000000
00000000
40000000
20000030
00000007
0003c000
00000000
00000003
00000036
00000140
00000000
00000000
00340000
06062202
00000019
000000a0
40000000
10000014
00000001
02340000
00000001
00000800
0007d000
30000000
90000060
00000fa0
00000206
00000001
00000000
00000080
00000008
00000004
00000000
00000000
00000000
00000000
00000000
00000000
00000000
00000000
00000000
00000000
00000000
00000000
00000000
00000000
00000000
00000000
00000000
70000000
00000000
00000000
00000000
00000000
00000000
00000000
00000000
00000000
00000000
00000000
00000000
00000000
00000000
00000000
00000000
00000000
10000014
00000001
01000000
00000001
02340000
0003e800
30000000
21000030
00000001
00340000
00000000
00000010
00000019
000000a0
00000050
00000010
001de800
00000010
00000000
00000000
40000000
20000030
00000007
0007a800
00000000
00000003
00000036
00000140
00000000
00000000
00340000
06062202
00000019
000000a0
40000000
10000014
00000001
02340000
00000001
00000800
0007d000
30000000
90000060
00000fa0
00000206
00000001
00000000
00000080
00000008
00000004
00000000
00000000
00000000
00000000
00000000
00000000
00000000
00000000
00000000
00000000
00000000
00000000
00000000
00000000
00000000
00000000
00000000
70000000
00000000
00000000
00000000
00000000
00000000
00000000
00000000
00000000
00000000
00000000
00000000
00000000
00000000
00000000
00000000
00000000
10000014
00000001
01000000
00000001
02340000
0003e800
30000000
21000030
00000001
00340000
00000000
00000010
00000019
000000a0
00000050
00000010
0021d000
00000010
00000000
00000000
40000000
20000030
00000007
000b9000
00000000
00000003
00000036
00000140
00000000
00000000
00340000
06062202
00000019
000000a0
40000000
10000014
00000001
02340000
00000001
00000800
0007d000
30000000
90000060
00000fa0
00000206
00000001
00000000
00000080
00000008
00000004
00000000
00000000
00000000
00000000
00000000
00000000
00000000
00000000
00000000
00000000
00000000
00000000
00000000
00000000
00000000
00000000
00000000
70000000
00000000
00000000
00000000
00000000
00000000
00000000
00000000
00000000
00000000
00000000
00000000
00000000
00000000
00000000
00000000
00000000
10000014
00000001
01000000
00000001
02340000
0003e800
30000000
21000030
00000001
00340000
00000000
00000010
00000019
000000a0
00000050
00000010
0025b800
00000010
00000000
00000000
40000000
20000030
00000007
000f7800
00000000
00000003
00000036
00000140
00000000
00000000
00340000
06062202
00000019
000000a0
40000000
10000014
00000001
02340000
00000001
00000800
0007d000
30000000
90000060
00000fa0
00000206
00000001
00000000
00000080
00000008
00000004
00000000
00000000
00000000
00000000
00000000
00000000
00000000
00000000
00000000
00000000
00000000
00000000
00000000
00000000
00000000
00000000
00000000
70000000
00000000
00000000
00000000
00000000
00000000
00000000
00000000
00000000
00000000
00000000
00000000
00000000
00000000
00000000
00000000
00000000
10000014
00000001
01000000
00000001
02340000
0003e800
30000000
21000030
00000001
00340000
00000000
00000010
00000019
000000a0
00000050
00000010
0029a000
00000010
00000000
00000000
40000000
20000030
00000007
00136000
00000000
00000003
00000036
00000140
00000000
00000000
00340000
06062202
00000019
000000a0
40000000
10000014
00000001
02340000
00000001
00000800
0007d000
30000000
90000060
00000fa0
00000206
00000001
00000000
00000080
00000008
00000004
00000000
00000000
00000000
00000000
00000000
00000000
00000000
00000000
00000000
00000000
00000000
00000000
00000000
00000000
00000000
00000000
00000000
70000000
00000000
00000000
00000000
00000000
00000000
00000000
00000000
00000000
00000000
00000000
00000000
00000000
00000000
00000000
00000000
00000000
10000014
00000001
01000000
00000001
02340000
0003e800
30000000
21000030
00000001
00340000
00000000
00000010
00000019
000000a0
00000050
00000010
002d8800
00000010
00000000
00000000
40000000
20000030
00000007
00174800
00000000
00000003
00000016
00000140
00000000
00000000
00340000
06062202
0000000a
000000a0
40000000
10000014
00000001
02340000
00000001
00000800
00032000
30000000
90000060
00000640
00000206
00000001
00000000
00000080
00000008
00000004
00000000
00000000
00000000
00000000
00000000
00000000
00000000
00000000
00000000
00000000
00000000
00000000
00000000
00000000
00000000
00000000
00000000
70000000
00000000
00000000
00000000
00000000
00000000
00000000
00000000
00000000
00000000
00000000
00000000
00000000
00000000
00000000
00000000
00000000
10000014
00000001
01000000
00000001
02340000
00019000
30000000
21000030
00000001
00340000
00000000
00000010
0000000a
000000a0
00000050
00000010
00317000
00000010
00000000
00000000
40000000
10000014
00000001
027c0090
00000001
03000000
00000110
30000000
10000014
00000000
00200800
00000001
00000000
00000c00
30000000
10000014
00000000
00201400
00000001
00080000
00000c00
30000000
20000030
00000003
001a0000
00000000
00000010
000000a0
000000a0
00000000
00000000
001a0000
00000000
00000000
00000000
40000000
20000030
00000007
001a0000
00000000
00000010
00000042
000000a0
00000000
00000000
00340000
03032211
00000021
00000050
40000000
10000014
00000001
02340000
00000001
00001800
0007bc00
30000000
10000014
00000001
02340000
00000001
00081800
0007bc00
30000000
90000060
00000a50
00000306
00000003
00000000
00000180
0000000c
00000004
00000000
00000000
00000000
00000000
00000000
00000000
00000000
00000000
00000000
00000000
00000000
00000000
00000000
00000000
00000000
00000000
00000000
70000000
00000000
00000000
00000000
00000000
00000000
00000000
00000000
00000000
00000000
00000000
00000000
00000000
00000000
00000000
00000000
00000000
10000014
00000001
01000000
00000001
02340000
00029400
30000000
10000014
00000001
01040000
00000001
02369400
00029400
30000000
21000030
00000001
00340000
00000000
00000010
00000021
00000050
00000090
00000010
005f0000
00000020
00000000
00000000
40000000
21000030
00000001
00369400
00000000
00000010
00000021
00000050
000000d0
00000050
005f0040
00000020
00000000
00000000
40000000
20000030
00000007
001c8a00
00000000
00000010
00000043
000000a0
00000000
00000000
00340000
03032201
00000021
00000050
40000000
10000014
00000001
02340000
00000001
00001800
0007bc00
30000000
10000014
00000001
02340000
00000001
00081800
0007bc00
30000000
90000060
00000a50
00000306
00000003
00000000
00000180
0000000c
00000004
00000000
00000000
00000000
00000000
00000000
00000000
00000000
00000000
00000000
00000000
00000000
00000000
00000000
00000000
00000000
00000000
00000000
70000000
00000000
00000000
00000000
00000000
00000000
00000000
00000000
00000000
00000000
00000000
00000000
00000000
00000000
00000000
00000000
00000000
10000014
00000001
01000000
00000001
02340000
00029400
30000000
10000014
00000001
01040000
00000001
02369400
00029400
30000000
21000030
00000001
00340000
00000000
00000010
00000021
00000050
00000090
00000010
00642800
00000020
00000000
00000000
40000000
21000030
00000001
00369400
00000000
00000010
00000021
00000050
000000d0
00000050
00642840
00000020
00000000
00000000
40000000
20000030
00000007
001f1e00
00000000
00000010
0000001d
000000a0
00000000
00000000
00340000
03032201
0000000e
00000050
40000000
10000014
00000001
02340000
00000001
00001800
00034800
30000000
10000014
00000001
02340000
00000001
00081800
00034800
30000000
90000060
00000460
00000306
00000003
00000000
00000180
0000000c
00000004
00000000
00000000
00000000
00000000
00000000
00000000
00000000
00000000
00000000
00000000
00000000
00000000
00000000
00000000
00000000
00000000
00000000
70000000
00000000
00000000
00000000
00000000
00000000
00000000
00000000
00000000
00000000
00000000
00000000
00000000
00000000
00000000
00000000
00000000
10000014
00000001
01000000
00000001
02340000
00011800
30000000
10000014
00000001
01040000
00000001
02351800
00011800
30000000
21000030
00000001
00340000
00000000
00000010
0000000e
00000050
00000090
00000010
00695000
00000020
00000000
00000000
40000000
21000030
00000001
00351800
00000000
00000010
0000000e
00000050
000000d0
00000050
00695040
00000020
00000000
00000000
40000000
10000014
00000001
027c01a0
00000001
03000000
00000090
30000000
10000014
00000000
00202000
00000001
00000000
00000400
30000000
20000030
00000003
005f0000
00000000
00000020
00000050
00000050
00000000
00000000
006b8000
00000000
00000000
00000000
40000000
20000030
00000007
006b8000
00000000
00000020
00000033
00000050
00000000
00000000
00340000
01011100
00000033
00000050
40000000
10000014
00000001
02340000
00000001
00000400
0003fc00
30000000
90000060
00000ff0
00000106
00000001
00000000
00000040
00000004
00000004
00000000
00000000
00000000
00000000
00000000
00000000
00000000
00000000
00000000
00000000
00000000
00000000
00000000
00000000
00000000
00000000
00000000
70000000
00000000
00000000
00000000
00000000
00000000
00000000
00000000
00000000
00000000
00000000
00000000
00000000
00000000
00000000
00000000
00000000
10000014
00000001
01000000
00000001
02340000
0003fc00
30000000
21000030
00000001
00340000
00000000
00000010
00000033
00000050
00000050
00000010
00000000
00000010
00000000
00000000
40000000
20000030
00000007
006d7e00
00000000
00000020
0000001d
00000050
00000000
00000000
00340000
01011100
0000001d
00000050
40000000
10000014
00000001
02340000
00000001
00000400
00024400
30000000
90000060
00000910
00000106
00000001
00000000
00000040
00000004
00000004
00000000
00000000
00000000
00000000
00000000
00000000
00000000
00000000
00000000
00000000
00000000
00000000
00000000
00000000
00000000
00000000
00000000
70000000
00000000
00000000
00000000
00000000
00000000
00000000
00000000
00000000
00000000
00000000
00000000
00000000
00000000
00000000
00000000
00000000
10000014
00000001
01000000
00000001
02340000
00024400
30000000
21000030
00000001
00340000
00000000
00000010
0000001d
00000050
00000050
00000010
0003fc00
00000010
00000000
00000000
40000000
10000014
00000001
027c0230
00000001
03000000
00000090
30000000
10000014
00000000
00202400
00000001
00000000
00000400
30000000
20000030
00000003
00000000
00000000
00000010
00000050
00000050
00000000
00000000
00000000
00000000
00000000
00000000
40000000
20000030
00000007
00000000
00000000
00000010
00000033
00000050
00000000
00000000
00340000
01011100
00000033
00000050
40000000
10000014
00000001
02340000
00000001
00000400
0003fc00
30000000
90000060
00000ff0
00000106
00000001
00000000
00000040
00000004
00000004
00000000
00000000
00000000
00000000
00000000
00000000
00000000
00000000
00000000
00000000
00000000
00000000
00000000
00000000
00000000
00000000
00000000
70000000
00000000
00000000
00000000
00000000
00000000
00000000
00000000
00000000
00000000
00000000
00000000
00000000
00000000
00000000
00000000
00000000
10000014
00000001
01000000
00000001
02340000
0003fc00
30000000
21000030
00000001
00340000
00000000
00000010
00000033
00000050
00000050
00000010
001a0000
00000010
00000000
00000000
40000000
20000030
00000007
0000ff00
00000000
00000010
0000001d
00000050
00000000
00000000
00340000
01011100
0000001d
00000050
40000000
10000014
00000001
02340000
00000001
00000400
00024400
30000000
90000060
00000910
00000106
00000001
00000000
00000040
00000004
00000004
00000000
00000000
00000000
00000000
00000000
00000000
00000000
00000000
00000000
00000000
00000000
00000000
00000000
00000000
00000000
00000000
00000000
70000000
00000000
00000000
00000000
00000000
00000000
00000000
00000000
00000000
00000000
00000000
00000000
00000000
00000000
00000000
00000000
00000000
10000014
00000001
01000000
00000001
02340000
00024400
30000000
21000030
00000001
00340000
00000000
00000010
0000001d
00000050
00000050
00000010
001dfc00
00000010
00000000
00000000
40000000
10000014
00000001
027c02c0
00000001
03000000
00000090
30000000
10000014
00000000
00202800
00000001
00000000
00000c00
30000000
20000030
00000003
001a0000
00000000
00000010
00000050
00000050
00000000
00000000
001a0000
00000000
00000000
00000000
40000000
20000030
00000007
001a0000
00000000
00000010
00000022
00000050
00000000
00000000
00340000
03031111
00000021
00000050
40000000
10000014
00000001
02340000
00000001
00000c00
0007bc00
30000000
90000060
00000a50
00000306
00000001
00000000
000000c0
0000000c
00000004
00000000
00000000
00000000
00000000
00000000
00000000
00000000
00000000
00000000
00000000
00000000
00000000
00000000
00000000
00000000
00000000
00000000
70000000
00000000
00000000
00000000
00000000
00000000
00000000
00000000
00000000
00000000
00000000
00000000
00000000
00000000
00000000
00000000
00000000
10000014
00000001
01000000
00000001
02340000
00029400
30000000
21000030
00000001
00340000
00000000
00000010
00000021
00000050
00000050
00000010
006b8000
00000010
00000000
00000000
40000000
20000030
00000007
001aa000
00000000
00000010
00000023
00000050
00000000
00000000
00340000
03031101
00000021
00000050
40000000
10000014
00000001
02340000
00000001
00000c00
0007bc00
30000000
90000060
00000a50
00000306
00000001
00000000
000000c0
0000000c
00000004
00000000
00000000
00000000
00000000
00000000
00000000
00000000
00000000
00000000
00000000
00000000
00000000
00000000
00000000
00000000
00000000
00000000
70000000
00000000
00000000
00000000
00000000
00000000
00000000
00000000
00000000
00000000
00000000
00000000
00000000
00000000
00000000
00000000
00000000
10000014
00000001
01000000
00000001
02340000
00029400
30000000
21000030
00000001
00340000
00000000
00000010
00000021
00000050
00000050
00000010
006e1400
00000010
00000000
00000000
40000000
20000030
00000007
001b4500
00000000
00000010
0000000f
00000050
00000000
00000000
00340000
03031101
0000000e
00000050
40000000
10000014
00000001
02340000
00000001
00000c00
00034800
30000000
90000060
00000460
00000306
00000001
00000000
000000c0
0000000c
00000004
00000000
00000000
00000000
00000000
00000000
00000000
00000000
00000000
00000000
00000000
00000000
00000000
00000000
00000000
00000000
00000000
00000000
70000000
00000000
00000000
00000000
00000000
00000000
00000000
00000000
00000000
00000000
00000000
00000000
00000000
00000000
00000000
00000000
00000000
10000014
00000001
01000000
00000001
02340000
00011800
30000000
21000030
00000001
00340000
00000000
00000010
0000000e
00000050
00000050
00000010
0070a800
00000010
00000000
00000000
40000000
10000014
00000001
027c0350
00000001
03000000
00000090
30000000
10000014
00000000
00203400
00000001
00000000
00000400
30000000
20000030
00000003
005f0000
00000000
00000020
00000050
00000050
00000000
00000000
00000000
00000000
00000000
00000000
40000000
20000030
00000007
00000000
00000000
00000020
00000033
00000050
00000000
00000000
00340000
01011100
00000033
00000050
40000000
10000014
00000001
02340000
00000001
00000400
0003fc00
30000000
90000060
00000ff0
00000106
00000001
00000000
00000040
00000004
00000004
00000000
00000000
00000000
00000000
00000000
00000000
00000000
00000000
00000000
00000000
00000000
00000000
00000000
00000000
00000000
00000000
00000000
70000000
00000000
00000000
00000000
00000000
00000000
00000000
00000000
00000000
00000000
00000000
00000000
00000000
00000000
00000000
00000000
00000000
10000014
00000001
01000000
00000001
02340000
0003fc00
30000000
21000030
00000001
00340000
00000000
00000010
00000033
00000050
00000050
00000010
0071c000
00000010
00000000
00000000
40000000
20000030
00000007
0001fe00
00000000
00000020
0000001d
00000050
00000000
00000000
00340000
01011100
0000001d
00000050
40000000
10000014
00000001
02340000
00000001
00000400
00024400
30000000
90000060
00000910
00000106
00000001
00000000
00000040
00000004
00000004
00000000
00000000
00000000
00000000
00000000
00000000
00000000
00000000
00000000
00000000
00000000
00000000
00000000
00000000
00000000
00000000
00000000
70000000
00000000
00000000
00000000
00000000
00000000
00000000
00000000
00000000
00000000
00000000
00000000
00000000
00000000
00000000
00000000
00000000
10000014
00000001
01000000
00000001
02340000
00024400
30000000
21000030
00000001
00340000
00000000
00000010
0000001d
00000050
00000050
00000010
0075bc00
00000010
00000000
00000000
40000000
a0000020
00000001
026b8000
00000001
02000000
00000040
00000040
00000080
00001900
30000000
a0000020
00000001
0271c000
00000001
02000040
00000040
00000040
00000080
00001900
30000000
10000014
00000001
027c03e0
00000001
03000000
00000110
30000000
10000014
00000000
00203800
00000001
00000000
00000400
30000000
10000014
00000000
00203c00
00000001
00080000
00000400
30000000
20000030
00000003
00000000
00000000
00000020
00000050
00000050
00000000
00000000
00000000
00000000
00000000
00000000
40000000
20000030
00000007
00000000
00000000
00000020
00000033
00000050
00000000
00000000
00340000
01011100
00000033
00000050
40000000
10000014
00000001
02340000
00000001
00000800
0003fc00
30000000
10000014
00000001
02340000
00000001
00080800
0003fc00
30000000
90000060
00000ff0
00000106
00000003
00000000
00000080
00000004
00000004
00000000
00000000
00000000
00000000
00000000
00000000
00000000
00000000
00000000
00000000
00000000
00000000
00000000
00000000
00000000
00000000
00000000
70000000
00000000
00000000
00000000
00000000
00000000
00000000
00000000
00000000
00000000
00000000
00000000
00000000
00000000
00000000
00000000
00000000
10000014
00000001
01000000
00000001
02340000
0003fc00
30000000
10000014
00000001
01040000
00000001
0237fc00
0003fc00
30000000
21000030
00000001
00340000
00000000
00000010
00000033
00000050
00000090
00000010
001a0000
00000020
00000000
00000000
40000000
21000030
00000001
0037fc00
00000000
00000010
00000033
00000050
000000d0
00000050
001a0040
00000020
00000000
00000000
40000000
20000030
00000007
0001fe00
00000000
00000020
0000001d
00000050
00000000
00000000
00340000
01011100
0000001d
00000050
40000000
10000014
00000001
02340000
00000001
00000800
00024400
30000000
10000014
00000001
02340000
00000001
00080800
00024400
30000000
90000060
00000910
00000106
00000003
00000000
00000080
00000004
00000004
00000000
00000000
00000000
00000000
00000000
00000000
00000000
00000000
00000000
00000000
00000000
00000000
00000000
00000000
00000000
00000000
00000000
70000000
00000000
00000000
00000000
00000000
00000000
00000000
00000000
00000000
00000000
00000000
00000000
00000000
00000000
00000000
00000000
00000000
10000014
00000001
01000000
00000001
02340000
00024400
30000000
10000014
00000001
01040000
00000001
02364400
00024400
30000000
21000030
00000001
00340000
00000000
00000010
0000001d
00000050
00000090
00000010
0021f800
00000020
00000000
00000000
40000000
21000030
00000001
00364400
00000000
00000010
0000001d
00000050
000000d0
00000050
0021f840
00000020
00000000
00000000
40000000
10000014
00000001
027c04f0
00000001
03000000
00000210
30000000
10000014
00000000
00204000
00000001
00000000
00001400
30000000
10000014
00000000
00205400
00000001
00080000
00001400
30000000
10000014
00000000
00206800
00000001
00100000
00001400
30000000
10000014
00000000
00207c00
00000001
00180000
00001400
30000000
20000030
00000003
001a0000
00000000
00000020
00000050
00000050
00000000
00000000
001a0000
00000000
00000000
00000000
40000000
20000030
00000007
001a0000
00000000
00000020
0000004e
00000050
00000000
00000000
00340000
03032211
00000027
00000028
40000000
10000014
00000001
02340000
00000001
00005000
00079e00
30000000
10000014
00000001
02340000
00000001
00085000
00079e00
30000000
10000014
00000001
02340000
00000001
00105000
00079e00
30000000
10000014
00000001
02340000
00000001
00185000
00079e00
30000000
90000060
00000618
00000506
0000000f
00000000
00000500
00000014
00000004
00000000
00000000
00000000
00000000
00000000
00000000
00000000
00000000
00000000
00000000
00000000
00000000
00000000
00000000
00000000
00000000
00000000
70000000
00000000
00000000
00000000
00000000
00000000
00000000
00000000
00000000
00000000
00000000
00000000
00000000
00000000
00000000
00000000
00000000
10000014
00000001
01000000
00000001
02340000
00018600
30000000
10000014
00000001
01040000
00000001
02358600
00018600
30000000
10000014
00000001
01080000
00000001
02370c00
00018600
30000000
10000014
00000001
010c0000
00000001
02389200
00018600
30000000
21000030
00000001
00340000
00000000
00000010
00000027
00000028
00000110
00000010
005f0000
00000040
00000000
00000000
40000000
21000030
00000001
00358600
00000000
00000010
00000027
00000028
00000150
00000050
005f0040
00000040
00000000
00000000
40000000
21000030
00000001
00370c00
00000000
00000010
00000027
00000028
00000190
00000090
005f0080
00000040
00000000
00000000
40000000
21000030
00000001
00389200
00000000
00000010
00000027
00000028
000001d0
000000d0
005f00c0
00000040
00000000
00000000
40000000
20000030
00000007
001d0200
00000000
00000020
00000003
00000050
00000000
00000000
00340000
03032201
00000001
00000028
40000000
10000014
00000001
02340000
00000001
00005000
00003200
30000000
10000014
00000001
02340000
00000001
00085000
00003200
30000000
10000014
00000001
02340000
00000001
00105000
00003200
30000000
10000014
00000001
02340000
00000001
00185000
00003200
30000000
90000060
00000028
00000506
0000000f
00000000
00000500
00000014
00000004
00000000
00000000
00000000
00000000
00000000
00000000
00000000
00000000
00000000
00000000
00000000
00000000
00000000
00000000
00000000
00000000
00000000
70000000
00000000
00000000
00000000
00000000
00000000
00000000
00000000
00000000
00000000
00000000
00000000
00000000
00000000
00000000
00000000
00000000
10000014
00000001
01000000
00000001
02340000
00000a00
30000000
10000014
00000001
01040000
00000001
02340a00
00000a00
30000000
10000014
00000001
01080000
00000001
02341400
00000a00
30000000
10000014
00000001
010c0000
00000001
02341e00
00000a00
30000000
21000030
00000001
00340000
00000000
00000010
00000001
00000028
00000110
00000010
00651800
00000040
00000000
00000000
40000000
21000030
00000001
00340a00
00000000
00000010
00000001
00000028
00000150
00000050
00651840
00000040
00000000
00000000
40000000
21000030
00000001
00341400
00000000
00000010
00000001
00000028
00000190
00000090
00651880
00000040
00000000
00000000
40000000
21000030
00000001
00341e00
00000000
00000010
00000001
00000028
000001d0
000000d0
006518c0
00000040
00000000
00000000
40000000
10000014
00000001
027c0700
00000001
03000000
00000110
30000000
10000014
00000000
00209000
00000001
00000000
00000400
30000000
10000014
00000000
00209400
00000001
00080000
00000400
30000000
20000030
00000003
005f0000
00000000
00000040
00000028
00000028
00000000
00000000
00654000
00000000
00000000
00000000
40000000
20000030
00000007
00654000
00000000
00000040
00000028
00000028
00000000
00000000
00340000
01011100
00000028
00000028
40000000
10000014
00000001
02340000
00000001
00000800
00019000
30000000
10000014
00000001
02340000
00000001
00080800
00019000
30000000
90000060
00000640
00000106
00000003
00000000
00000080
00000004
00000004
00000000
00000000
00000000
00000000
00000000
00000000
00000000
00000000
00000000
00000000
00000000
00000000
00000000
00000000
00000000
00000000
00000000
70000000
00000000
00000000
00000000
00000000
00000000
00000000
00000000
00000000
00000000
00000000
00000000
00000000
00000000
00000000
00000000
00000000
10000014
00000001
01000000
00000001
02340000
00019000
30000000
10000014
00000001
01040000
00000001
02359000
00019000
30000000
21000030
00000001
00340000
00000000
00000010
00000028
00000028
00000090
00000010
00000000
00000020
00000000
00000000
40000000
21000030
00000001
00359000
00000000
00000010
00000028
00000028
000000d0
00000050
00000040
00000020
00000000
00000000
40000000
10000014
00000001
027c0810
00000001
03000000
00000110
30000000
10000014
00000000
00209800
00000001
00000000
00000400
30000000
10000014
00000000
00209c00
00000001
00080000
00000400
30000000
20000030
00000003
00000000
00000000
00000020
00000028
00000028
00000000
00000000
00000000
00000000
00000000
00000000
40000000
20000030
00000007
00000000
00000000
00000020
00000028
00000028
00000000
00000000
00340000
01011100
00000028
00000028
40000000
10000014
00000001
02340000
00000001
00000800
00019000
30000000
10000014
00000001
02340000
00000001
00080800
00019000
30000000
90000060
00000640
00000106
00000003
00000000
00000080
00000004
00000004
00000000
00000000
00000000
00000000
00000000
00000000
00000000
00000000
00000000
00000000
00000000
00000000
00000000
00000000
00000000
00000000
00000000
70000000
00000000
00000000
00000000
00000000
00000000
00000000
00000000
00000000
00000000
00000000
00000000
00000000
00000000
00000000
00000000
00000000
10000014
00000001
01000000
00000001
02340000
00019000
30000000
10000014
00000001
01040000
00000001
02359000
00019000
30000000
21000030
00000001
00340000
00000000
00000010
00000028
00000028
00000090
00000010
001a0000
00000020
00000000
00000000
40000000
21000030
00000001
00359000
00000000
00000010
00000028
00000028
000000d0
00000050
001a0040
00000020
00000000
00000000
40000000
10000014
00000001
027c0920
00000001
03000000
00000110
30000000
10000014
00000000
0020a000
00000001
00000000
00001400
30000000
10000014
00000000
0020b400
00000001
00080000
00001400
30000000
20000030
00000003
001a0000
00000000
00000020
00000028
00000028
00000000
00000000
001a0000
00000000
00000000
00000000
40000000
20000030
00000007
001a0000
00000000
00000020
00000028
00000028
00000000
00000000
00340000
03031111
00000028
00000028
40000000
10000014
00000001
02340000
00000001
00002800
0007d000
30000000
10000014
00000001
02340000
00000001
00082800
0007d000
30000000
90000060
00000640
00000506
00000003
00000000
00000280
00000014
00000004
00000000
00000000
00000000
00000000
00000000
00000000
00000000
00000000
00000000
00000000
00000000
00000000
00000000
00000000
00000000
00000000
00000000
70000000
00000000
00000000
00000000
00000000
00000000
00000000
00000000
00000000
00000000
00000000
00000000
00000000
00000000
00000000
00000000
00000000
10000014
00000001
01000000
00000001
02340000
00019000
30000000
10000014
00000001
01040000
00000001
02359000
00019000
30000000
21000030
00000001
00340000
00000000
00000010
00000028
00000028
00000090
00000010
00000000
00000020
00000000
00000000
40000000
21000030
00000001
00359000
00000000
00000010
00000028
00000028
000000d0
00000050
00000040
00000020
00000000
00000000
40000000
10000014
00000001
027c0a30
00000001
03000000
00000110
30000000
10000014
00000000
0020c800
00000001
00000000
00000400
30000000
10000014
00000000
0020cc00
00000001
00080000
00000400
30000000
20000030
00000003
00000000
00000000
00000020
00000028
00000028
00000000
00000000
00000000
00000000
00000000
00000000
40000000
20000030
00000007
00000000
00000000
00000020
00000028
00000028
00000000
00000000
00340000
01011100
00000028
00000028
40000000
10000014
00000001
02340000
00000001
00000800
00019000
30000000
10000014
00000001
02340000
00000001
00080800
00019000
30000000
90000060
00000640
00000106
00000003
00000000
00000080
00000004
00000004
00000000
00000000
00000000
00000000
00000000
00000000
00000000
00000000
00000000
00000000
00000000
00000000
00000000
00000000
00000000
00000000
00000000
70000000
00000000
00000000
00000000
00000000
00000000
00000000
00000000
00000000
00000000
00000000
00000000
00000000
00000000
00000000
00000000
00000000
10000014
00000001
01000000
00000001
02340000
00019000
30000000
10000014
00000001
01040000
00000001
02359000
00019000
30000000
21000030
00000001
00340000
00000000
00000010
00000028
00000028
00000090
00000010
001a0000
00000020
00000000
00000000
40000000
21000030
00000001
00359000
00000000
00000010
00000028
00000028
000000d0
00000050
001a0040
00000020
00000000
00000000
40000000
10000014
00000001
027c0b40
00000001
03000000
00000110
30000000
10000014
00000000
0020d000
00000001
00000000
00001400
30000000
10000014
00000000
0020e400
00000001
00080000
00001400
30000000
20000030
00000003
001a0000
00000000
00000020
00000028
00000028
00000000
00000000
001a0000
00000000
00000000
00000000
40000000
20000030
00000007
001a0000
00000000
00000020
00000028
00000028
00000000
00000000
00340000
03031111
00000028
00000028
40000000
10000014
00000001
02340000
00000001
00002800
0007d000
30000000
10000014
00000001
02340000
00000001
00082800
0007d000
30000000
90000060
00000640
00000506
00000003
00000000
00000280
00000014
00000004
00000000
00000000
00000000
00000000
00000000
00000000
00000000
00000000
00000000
00000000
00000000
00000000
00000000
00000000
00000000
00000000
00000000
70000000
00000000
00000000
00000000
00000000
00000000
00000000
00000000
00000000
00000000
00000000
00000000
00000000
00000000
00000000
00000000
00000000
10000014
00000001
01000000
00000001
02340000
00019000
30000000
10000014
00000001
01040000
00000001
02359000
00019000
30000000
21000030
00000001
00340000
00000000
00000010
00000028
00000028
00000090
00000010
00654000
00000020
00000000
00000000
40000000
21000030
00000001
00359000
00000000
00000010
00000028
00000028
000000d0
00000050
00654040
00000020
00000000
00000000
40000000
10000014
00000001
027c0c50
00000001
03000000
00000110
30000000
10000014
00000000
0020f800
00000001
00000000
00000400
30000000
10000014
00000000
0020fc00
00000001
00080000
00000400
30000000
20000030
00000003
005f0000
00000000
00000040
00000028
00000028
00000000
00000000
00000000
00000000
00000000
00000000
40000000
20000030
00000007
00000000
00000000
00000040
00000028
00000028
00000000
00000000
00340000
01011100
00000028
00000028
40000000
10000014
00000001
02340000
00000001
00000800
00019000
30000000
10000014
00000001
02340000
00000001
00080800
00019000
30000000
90000060
00000640
00000106
00000003
00000000
00000080
00000004
00000004
00000000
00000000
00000000
00000000
00000000
00000000
00000000
00000000
00000000
00000000
00000000
00000000
00000000
00000000
00000000
00000000
00000000
70000000
00000000
00000000
00000000
00000000
00000000
00000000
00000000
00000000
00000000
00000000
00000000
00000000
00000000
00000000
00000000
00000000
10000014
00000001
01000000
00000001
02340000
00019000
30000000
10000014
00000001
01040000
00000001
02359000
00019000
30000000
21000030
00000001
00340000
00000000
00000010
00000028
00000028
00000090
00000010
00686000
00000020
00000000
00000000
40000000
21000030
00000001
00359000
00000000
00000010
00000028
00000028
000000d0
00000050
00686040
00000020
00000000
00000000
40000000
a0000020
00000001
02654000
00000001
02000000
00000040
00000080
00000100
00000640
30000000
a0000020
00000001
02654040
00000001
02000040
00000040
00000080
00000100
00000640
30000000
a0000020
00000001
02686000
00000001
02000080
00000040
00000080
00000100
00000640
30000000
a0000020
00000001
02686040
00000001
020000c0
00000040
00000080
00000100
00000640
30000000
10000014
00000001
027c0d60
00000001
03000000
00000210
30000000
10000014
00000000
00210000
00000001
00000000
00000400
30000000
10000014
00000000
00210400
00000001
00080000
00000400
30000000
10000014
00000000
00210800
00000001
00100000
00000400
30000000
10000014
00000000
00210c00
00000001
00180000
00000400
30000000
20000030
00000003
00000000
00000000
00000040
00000028
00000028
00000000
00000000
00000000
00000000
00000000
00000000
40000000
20000030
00000007
00000000
00000000
00000040
00000028
00000028
00000000
00000000
00340000
01011100
00000028
00000028
40000000
10000014
00000001
02340000
00000001
00001000
00019000
30000000
10000014
00000001
02340000
00000001
00081000
00019000
30000000
10000014
00000001
02340000
00000001
00101000
00019000
30000000
10000014
00000001
02340000
00000001
00181000
00019000
30000000
90000060
00000640
00000106
0000000f
00000000
00000100
00000004
00000004
00000000
00000000
00000000
00000000
00000000
00000000
00000000
00000000
00000000
00000000
00000000
00000000
00000000
00000000
00000000
00000000
00000000
70000000
00000000
00000000
00000000
00000000
00000000
00000000
00000000
00000000
00000000
00000000
00000000
00000000
00000000
00000000
00000000
00000000
10000014
00000001
01000000
00000001
02340000
00019000
30000000
10000014
00000001
01040000
00000001
02359000
00019000
30000000
10000014
00000001
01080000
00000001
02372000
00019000
30000000
10000014
00000001
010c0000
00000001
0238b000
00019000
30000000
21000030
00000001
00340000
00000000
00000010
00000028
00000028
00000110
00000010
005f0000
00000040
00000000
00000000
40000000
21000030
00000001
00359000
00000000
00000010
00000028
00000028
00000150
00000050
005f0040
00000040
00000000
00000000
40000000
21000030
00000001
00372000
00000000
00000010
00000028
00000028
00000190
00000090
005f0080
00000040
00000000
00000000
40000000
21000030
00000001
0038b000
00000000
00000010
00000028
00000028
000001d0
000000d0
005f00c0
00000040
00000000
00000000
40000000
10000014
00000001
027c0f70
00000001
03000000
00000410
30000000
10000014
00000000
00211000
00000001
00000000
00002400
30000000
10000014
00000000
00213400
00000001
00080000
00002400
30000000
10000014
00000000
00215800
00000001
00100000
00002400
30000000
10000014
00000000
00217c00
00000001
00180000
00002400
30000000
10000014
00000000
0021a000
00000001
00200000
00002400
30000000
10000014
00000000
0021c400
00000001
00280000
00002400
30000000
10000014
00000000
0021e800
00000001
00300000
00002400
30000000
10000014
00000000
00220c00
00000001
00380000
00002400
30000000
20000030
00000003
005f0000
00000000
00000040
00000028
00000028
00000000
00000000
00000000
00000000
00000000
00000000
40000000
20000030
00000007
00000000
00000000
00000040
00000028
00000028
00000000
00000000
00340000
03032211
00000014
00000014
40000000
10000014
00000001
02340000
00000001
00012000
00038400
30000000
10000014
00000001
02340000
00000001
00092000
00038400
30000000
10000014
00000001
02340000
00000001
00112000
00038400
30000000
10000014
00000001
02340000
00000001
00192000
00038400
30000000
10000014
00000001
02340000
00000001
00212000
00038400
30000000
10000014
00000001
02340000
00000001
00292000
00038400
30000000
10000014
00000001
02340000
00000001
00312000
00038400
30000000
10000014
00000001
02340000
00000001
00392000
00038400
30000000
90000060
00000190
00000906
000000ff
00000000
00001200
00000024
00000004
00000000
00000000
00000000
00000000
00000000
00000000
00000000
00000000
00000000
00000000
00000000
00000000
00000000
00000000
00000000
00000000
00000000
70000000
00000000
00000000
00000000
00000000
00000000
00000000
00000000
00000000
00000000
00000000
00000000
00000000
00000000
00000000
00000000
00000000
10000014
00000001
01000000
00000001
02340000
00006400
30000000
10000014
00000001
01040000
00000001
02346400
00006400
30000000
10000014
00000001
01080000
00000001
0234c800
00006400
30000000
10000014
00000001
010c0000
00000001
02352c00
00006400
30000000
10000014
00000001
01100000
00000001
02359000
00006400
30000000
10000014
00000001
01140000
00000001
0235f400
00006400
30000000
10000014
00000001
01180000
00000001
02365800
00006400
30000000
10000014
00000001
011c0000
00000001
0236bc00
00006400
30000000
21000030
00000001
00340000
00000000
00000010
00000014
00000014
00000210
00000010
00654000
00000080
00000000
00000000
40000000
21000030
00000001
00346400
00000000
00000010
00000014
00000014
00000250
00000050
00654040
00000080
00000000
00000000
40000000
21000030
00000001
0034c800
00000000
00000010
00000014
00000014
00000290
00000090
00654080
00000080
00000000
00000000
40000000
21000030
00000001
00352c00
00000000
00000010
00000014
00000014
000002d0
000000d0
006540c0
00000080
00000000
00000000
40000000
21000030
00000001
00359000
00000000
00000010
00000014
00000014
00000310
00000110
00654100
00000080
00000000
00000000
40000000
21000030
00000001
0035f400
00000000
00000010
00000014
00000014
00000350
00000150
00654140
00000080
00000000
00000000
40000000
21000030
00000001
00365800
00000000
00000010
00000014
00000014
00000390
00000190
00654180
00000080
00000000
00000000
40000000
21000030
00000001
0036bc00
00000000
00000010
00000014
00000014
000003d0
000001d0
006541c0
00000080
00000000
00000000
40000000
10000014
00000001
027c1380
00000001
03000000
00000210
30000000
10000014
00000000
00223000
00000001
00000000
00000800
30000000
10000014
00000000
00223800
00000001
00080000
00000800
30000000
10000014
00000000
00224000
00000001
00100000
00000800
30000000
10000014
00000000
00224800
00000001
00180000
00000800
30000000
20000030
00000003
00654000
00000000
00000080
00000014
00000014
00000000
00000000
00686000
00000000
00000000
00000000
40000000
20000030
00000007
00686000
00000000
00000080
00000014
00000014
00000000
00000000
00340000
01011100
00000014
00000014
40000000
10000014
00000001
02340000
00000001
00002000
0000c800
30000000
10000014
00000001
02340000
00000001
00082000
0000c800
30000000
10000014
00000001
02340000
00000001
00102000
0000c800
30000000
10000014
00000001
02340000
00000001
00182000
0000c800
30000000
90000060
00000190
00000206
0000000f
00000000
00000200
00000008
00000004
00000000
00000000
00000000
00000000
00000000
00000000
00000000
00000000
00000000
00000000
00000000
00000000
00000000
00000000
00000000
00000000
00000000
70000000
00000000
00000000
00000000
00000000
00000000
00000000
00000000
00000000
00000000
00000000
00000000
00000000
00000000
00000000
00000000
00000000
10000014
00000001
01000000
00000001
02340000
00006400
30000000
10000014
00000001
01040000
00000001
02346400
00006400
30000000
10000014
00000001
01080000
00000001
0234c800
00006400
30000000
10000014
00000001
010c0000
00000001
02352c00
00006400
30000000
21000030
00000001
00340000
00000000
00000010
00000014
00000014
00000110
00000010
00000000
00000040
00000000
00000000
40000000
21000030
00000001
00346400
00000000
00000010
00000014
00000014
00000150
00000050
00000040
00000040
00000000
00000000
40000000
21000030
00000001
0034c800
00000000
00000010
00000014
00000014
00000190
00000090
00000080
00000040
00000000
00000000
40000000
21000030
00000001
00352c00
00000000
00000010
00000014
00000014
000001d0
000000d0
000000c0
00000040
00000000
00000000
40000000
10000014
00000001
027c1590
00000001
03000000
00000210
30000000
10000014
00000000
00225000
00000001
00000000
00000400
30000000
10000014
00000000
00225400
00000001
00080000
00000400
30000000
10000014
00000000
00225800
00000001
00100000
00000400
30000000
10000014
00000000
00225c00
00000001
00180000
00000400
30000000
20000030
00000003
00000000
00000000
00000040
00000014
00000014
00000000
00000000
00000000
00000000
00000000
00000000
40000000
20000030
00000007
00000000
00000000
00000040
00000014
00000014
00000000
00000000
00340000
01011100
00000014
00000014
40000000
10000014
00000001
02340000
00000001
00001000
00006400
30000000
10000014
00000001
02340000
00000001
00081000
00006400
30000000
10000014
00000001
02340000
00000001
00101000
00006400
30000000
10000014
00000001
02340000
00000001
00181000
00006400
30000000
90000060
00000190
00000106
0000000f
00000000
00000100
00000004
00000004
00000000
00000000
00000000
00000000
00000000
00000000
00000000
00000000
00000000
00000000
00000000
00000000
00000000
00000000
00000000
00000000
00000000
70000000
00000000
00000000
00000000
00000000
00000000
00000000
00000000
00000000
00000000
00000000
00000000
00000000
00000000
00000000
00000000
00000000
10000014
00000001
01000000
00000001
02340000
00006400
30000000
10000014
00000001
01040000
00000001
02346400
00006400
30000000
10000014
00000001
01080000
00000001
0234c800
00006400
30000000
10000014
00000001
010c0000
00000001
02352c00
00006400
30000000
21000030
00000001
00340000
00000000
00000010
00000014
00000014
00000110
00000010
001a0000
00000040
00000000
00000000
40000000
21000030
00000001
00346400
00000000
00000010
00000014
00000014
00000150
00000050
001a0040
00000040
00000000
00000000
40000000
21000030
00000001
0034c800
00000000
00000010
00000014
00000014
00000190
00000090
001a0080
00000040
00000000
00000000
40000000
21000030
00000001
00352c00
00000000
00000010
00000014
00000014
000001d0
000000d0
001a00c0
00000040
00000000
00000000
40000000
10000014
00000001
027c17a0
00000001
03000000
00000210
30000000
10000014
00000000
00226000
00000001
00000000
00002400
30000000
10000014
00000000
00228400
00000001
00080000
00002400
30000000
10000014
00000000
0022a800
00000001
00100000
00002400
30000000
10000014
00000000
0022cc00
00000001
00180000
00002400
30000000
20000030
00000003
001a0000
00000000
00000040
00000014
00000014
00000000
00000000
001a0000
00000000
00000000
00000000
40000000
20000030
00000007
001a0000
00000000
00000040
00000014
00000014
00000000
00000000
00340000
03031111
00000014
00000014
40000000
10000014
00000001
02340000
00000001
00009000
00038400
30000000
10000014
00000001
02340000
00000001
00089000
00038400
30000000
10000014
00000001
02340000
00000001
00109000
00038400
30000000
10000014
00000001
02340000
00000001
00189000
00038400
30000000
90000060
00000190
00000906
0000000f
00000000
00000900
00000024
00000004
00000000
00000000
00000000
00000000
00000000
00000000
00000000
00000000
00000000
00000000
00000000
00000000
00000000
00000000
00000000
00000000
00000000
70000000
00000000
00000000
00000000
00000000
00000000
00000000
00000000
00000000
00000000
00000000
00000000
00000000
00000000
00000000
00000000
00000000
10000014
00000001
01000000
00000001
02340000
00006400
30000000
10000014
00000001
01040000
00000001
02346400
00006400
30000000
10000014
00000001
01080000
00000001
0234c800
00006400
30000000
10000014
00000001
010c0000
00000001
02352c00
00006400
30000000
21000030
00000001
00340000
00000000
00000010
00000014
00000014
00000110
00000010
00000000
00000040
00000000
00000000
40000000
21000030
00000001
00346400
00000000
00000010
00000014
00000014
00000150
00000050
00000040
00000040
00000000
00000000
40000000
21000030
00000001
0034c800
00000000
00000010
00000014
00000014
00000190
00000090
00000080
00000040
00000000
00000000
40000000
21000030
00000001
00352c00
00000000
00000010
00000014
00000014
000001d0
000000d0
000000c0
00000040
00000000
00000000
40000000
10000014
00000001
027c19b0
00000001
03000000
00000210
30000000
10000014
00000000
0022f000
00000001
00000000
00000400
30000000
10000014
00000000
0022f400
00000001
00080000
00000400
30000000
10000014
00000000
0022f800
00000001
00100000
00000400
30000000
10000014
00000000
0022fc00
00000001
00180000
00000400
30000000
20000030
00000003
00000000
00000000
00000040
00000014
00000014
00000000
00000000
00000000
00000000
00000000
00000000
40000000
20000030
00000007
00000000
00000000
00000040
00000014
00000014
00000000
00000000
00340000
01011100
00000014
00000014
40000000
10000014
00000001
02340000
00000001
00001000
00006400
30000000
10000014
00000001
02340000
00000001
00081000
00006400
30000000
10000014
00000001
02340000
00000001
00101000
00006400
30000000
10000014
00000001
02340000
00000001
00181000
00006400
30000000
90000060
00000190
00000106
0000000f
00000000
00000100
00000004
00000004
00000000
00000000
00000000
00000000
00000000
00000000
00000000
00000000
00000000
00000000
00000000
00000000
00000000
00000000
00000000
00000000
00000000
70000000
00000000
00000000
00000000
00000000
00000000
00000000
00000000
00000000
00000000
00000000
00000000
00000000
00000000
00000000
00000000
00000000
10000014
00000001
01000000
00000001
02340000
00006400
30000000
10000014
00000001
01040000
00000001
02346400
00006400
30000000
10000014
00000001
01080000
00000001
0234c800
00006400
30000000
10000014
00000001
010c0000
00000001
02352c00
00006400
30000000
21000030
00000001
00340000
00000000
00000010
00000014
00000014
00000110
00000010
001a0000
00000040
00000000
00000000
40000000
21000030
00000001
00346400
00000000
00000010
00000014
00000014
00000150
00000050
001a0040
00000040
00000000
00000000
40000000
21000030
00000001
0034c800
00000000
00000010
00000014
00000014
00000190
00000090
001a0080
00000040
00000000
00000000
40000000
21000030
00000001
00352c00
00000000
00000010
00000014
00000014
000001d0
000000d0
001a00c0
00000040
00000000
00000000
40000000
10000014
00000001
027c1bc0
00000001
03000000
00000210
30000000
10000014
00000000
00230000
00000001
00000000
00002400
30000000
10000014
00000000
00232400
00000001
00080000
00002400
30000000
10000014
00000000
00234800
00000001
00100000
00002400
30000000
10000014
00000000
00236c00
00000001
00180000
00002400
30000000
20000030
00000003
001a0000
00000000
00000040
00000014
00000014
00000000
00000000
001a0000
00000000
00000000
00000000
40000000
20000030
00000007
001a0000
00000000
00000040
00000014
00000014
00000000
00000000
00340000
03031111
00000014
00000014
40000000
10000014
00000001
02340000
00000001
00009000
00038400
30000000
10000014
00000001
02340000
00000001
00089000
00038400
30000000
10000014
00000001
02340000
00000001
00109000
00038400
30000000
10000014
00000001
02340000
00000001
00189000
00038400
30000000
90000060
00000190
00000906
0000000f
00000000
00000900
00000024
00000004
00000000
00000000
00000000
00000000
00000000
00000000
00000000
00000000
00000000
00000000
00000000
00000000
00000000
00000000
00000000
00000000
00000000
70000000
00000000
00000000
00000000
00000000
00000000
00000000
00000000
00000000
00000000
00000000
00000000
00000000
00000000
00000000
00000000
00000000
10000014
00000001
01000000
00000001
02340000
00006400
30000000
10000014
00000001
01040000
00000001
02346400
00006400
30000000
10000014
00000001
01080000
00000001
0234c800
00006400
30000000
10000014
00000001
010c0000
00000001
02352c00
00006400
30000000
21000030
00000001
00340000
00000000
00000010
00000014
00000014
00000110
00000010
00000000
00000040
00000000
00000000
40000000
21000030
00000001
00346400
00000000
00000010
00000014
00000014
00000150
00000050
00000040
00000040
00000000
00000000
40000000
21000030
00000001
0034c800
00000000
00000010
00000014
00000014
00000190
00000090
00000080
00000040
00000000
00000000
40000000
21000030
00000001
00352c00
00000000
00000010
00000014
00000014
000001d0
000000d0
000000c0
00000040
00000000
00000000
40000000
10000014
00000001
027c1dd0
00000001
03000000
00000210
30000000
10000014
00000000
00239000
00000001
00000000
00000400
30000000
10000014
00000000
00239400
00000001
00080000
00000400
30000000
10000014
00000000
00239800
00000001
00100000
00000400
30000000
10000014
00000000
00239c00
00000001
00180000
00000400
30000000
20000030
00000003
00000000
00000000
00000040
00000014
00000014
00000000
00000000
00000000
00000000
00000000
00000000
40000000
20000030
00000007
00000000
00000000
00000040
00000014
00000014
00000000
00000000
00340000
01011100
00000014
00000014
40000000
10000014
00000001
02340000
00000001
00001000
00006400
30000000
10000014
00000001
02340000
00000001
00081000
00006400
30000000
10000014
00000001
02340000
00000001
00101000
00006400
30000000
10000014
00000001
02340000
00000001
00181000
00006400
30000000
90000060
00000190
00000106
0000000f
00000000
00000100
00000004
00000004
00000000
00000000
00000000
00000000
00000000
00000000
00000000
00000000
00000000
00000000
00000000
00000000
00000000
00000000
00000000
00000000
00000000
70000000
00000000
00000000
00000000
00000000
00000000
00000000
00000000
00000000
00000000
00000000
00000000
00000000
00000000
00000000
00000000
00000000
10000014
00000001
01000000
00000001
02340000
00006400
30000000
10000014
00000001
01040000
00000001
02346400
00006400
30000000
10000014
00000001
01080000
00000001
0234c800
00006400
30000000
10000014
00000001
010c0000
00000001
02352c00
00006400
30000000
21000030
00000001
00340000
00000000
00000010
00000014
00000014
00000110
00000010
001a0000
00000040
00000000
00000000
40000000
21000030
00000001
00346400
00000000
00000010
00000014
00000014
00000150
00000050
001a0040
00000040
00000000
00000000
40000000
21000030
00000001
0034c800
00000000
00000010
00000014
00000014
00000190
00000090
001a0080
00000040
00000000
00000000
40000000
21000030
00000001
00352c00
00000000
00000010
00000014
00000014
000001d0
000000d0
001a00c0
00000040
00000000
00000000
40000000
10000014
00000001
027c1fe0
00000001
03000000
00000210
30000000
10000014
00000000
0023a000
00000001
00000000
00002400
30000000
10000014
00000000
0023c400
00000001
00080000
00002400
30000000
10000014
00000000
0023e800
00000001
00100000
00002400
30000000
10000014
00000000
00240c00
00000001
00180000
00002400
30000000
20000030
00000003
001a0000
00000000
00000040
00000014
00000014
00000000
00000000
001a0000
00000000
00000000
00000000
40000000
20000030
00000007
001a0000
00000000
00000040
00000014
00000014
00000000
00000000
00340000
03031111
00000014
00000014
40000000
10000014
00000001
02340000
00000001
00009000
00038400
30000000
10000014
00000001
02340000
00000001
00089000
00038400
30000000
10000014
00000001
02340000
00000001
00109000
00038400
30000000
10000014
00000001
02340000
00000001
00189000
00038400
30000000
90000060
00000190
00000906
0000000f
00000000
00000900
00000024
00000004
00000000
00000000
00000000
00000000
00000000
00000000
00000000
00000000
00000000
00000000
00000000
00000000
00000000
00000000
00000000
00000000
00000000
70000000
00000000
00000000
00000000
00000000
00000000
00000000
00000000
00000000
00000000
00000000
00000000
00000000
00000000
00000000
00000000
00000000
10000014
00000001
01000000
00000001
02340000
00006400
30000000
10000014
00000001
01040000
00000001
02346400
00006400
30000000
10000014
00000001
01080000
00000001
0234c800
00006400
30000000
10000014
00000001
010c0000
00000001
02352c00
00006400
30000000
21000030
00000001
00340000
00000000
00000010
00000014
00000014
00000110
00000010
00686000
00000040
00000000
00000000
40000000
21000030
00000001
00346400
00000000
00000010
00000014
00000014
00000150
00000050
00686040
00000040
00000000
00000000
40000000
21000030
00000001
0034c800
00000000
00000010
00000014
00000014
00000190
00000090
00686080
00000040
00000000
00000000
40000000
21000030
00000001
00352c00
00000000
00000010
00000014
00000014
000001d0
000000d0
006860c0
00000040
00000000
00000000
40000000
10000014
00000001
027c21f0
00000001
03000000
00000210
30000000
10000014
00000000
00243000
00000001
00000000
00000800
30000000
10000014
00000000
00243800
00000001
00080000
00000800
30000000
10000014
00000000
00244000
00000001
00100000
00000800
30000000
10000014
00000000
00244800
00000001
00180000
00000800
30000000
20000030
00000003
00654000
00000000
00000080
00000014
00000014
00000000
00000000
00000000
00000000
00000000
00000000
40000000
20000030
00000007
00000000
00000000
00000080
00000014
00000014
00000000
00000000
00340000
01011100
00000014
00000014
40000000
10000014
00000001
02340000
00000001
00002000
0000c800
30000000
10000014
00000001
02340000
00000001
00082000
0000c800
30000000
10000014
00000001
02340000
00000001
00102000
0000c800
30000000
10000014
00000001
02340000
00000001
00182000
0000c800
30000000
90000060
00000190
00000206
0000000f
00000000
00000200
00000008
00000004
00000000
00000000
00000000
00000000
00000000
00000000
00000000
00000000
00000000
00000000
00000000
00000000
00000000
00000000
00000000
00000000
00000000
70000000
00000000
00000000
00000000
00000000
00000000
00000000
00000000
00000000
00000000
00000000
00000000
00000000
00000000
00000000
00000000
00000000
10000014
00000001
01000000
00000001
02340000
00006400
30000000
10000014
00000001
01040000
00000001
02346400
00006400
30000000
10000014
00000001
01080000
00000001
0234c800
00006400
30000000
10000014
00000001
010c0000
00000001
02352c00
00006400
30000000
21000030
00000001
00340000
00000000
00000010
00000014
00000014
00000110
00000010
0069f000
00000040
00000000
00000000
40000000
21000030
00000001
00346400
00000000
00000010
00000014
00000014
00000150
00000050
0069f040
00000040
00000000
00000000
40000000
21000030
00000001
0034c800
00000000
00000010
00000014
00000014
00000190
00000090
0069f080
00000040
00000000
00000000
40000000
21000030
00000001
00352c00
00000000
00000010
00000014
00000014
000001d0
000000d0
0069f0c0
00000040
00000000
00000000
40000000
a0000020
00000001
02686000
00000001
02000000
00000040
00000100
00000200
00000190
30000000
a0000020
00000001
02686040
00000001
02000040
00000040
00000100
00000200
00000190
30000000
a0000020
00000001
02686080
00000001
02000080
00000040
00000100
00000200
00000190
30000000
a0000020
00000001
026860c0
00000001
020000c0
00000040
00000100
00000200
00000190
30000000
a0000020
00000001
0269f000
00000001
02000100
00000040
00000100
00000200
00000190
30000000
a0000020
00000001
0269f040
00000001
02000140
00000040
00000100
00000200
00000190
30000000
a0000020
00000001
0269f080
00000001
02000180
00000040
00000100
00000200
00000190
30000000
a0000020
00000001
0269f0c0
00000001
020001c0
00000040
00000100
00000200
00000190
30000000
10000014
00000001
027c2400
00000001
03000000
00000410
30000000
10000014
00000000
00245000
00000001
00000000
00000800
30000000
10000014
00000000
00245800
00000001
00080000
00000800
30000000
10000014
00000000
00246000
00000001
00100000
00000800
30000000
10000014
00000000
00246800
00000001
00180000
00000800
30000000
10000014
00000000
00247000
00000001
00200000
00000800
30000000
10000014
00000000
00247800
00000001
00280000
00000800
30000000
10000014
00000000
00248000
00000001
00300000
00000800
30000000
10000014
00000000
00248800
00000001
00380000
00000800
30000000
20000030
00000003
00000000
00000000
00000080
00000014
00000014
00000000
00000000
00000000
00000000
00000000
00000000
40000000
20000030
00000007
00000000
00000000
00000080
00000014
00000014
00000000
00000000
00340000
01011100
00000014
00000014
40000000
10000014
00000001
02340000
00000001
00004000
0000c800
30000000
10000014
00000001
02340000
00000001
00084000
0000c800
30000000
10000014
00000001
02340000
00000001
00104000
0000c800
30000000
10000014
00000001
02340000
00000001
00184000
0000c800
30000000
10000014
00000001
02340000
00000001
00204000
0000c800
30000000
10000014
00000001
02340000
00000001
00284000
0000c800
30000000
10000014
00000001
02340000
00000001
00304000
0000c800
30000000
10000014
00000001
02340000
00000001
00384000
0000c800
30000000
90000060
00000190
00000206
000000ff
00000000
00000400
00000008
00000004
00000000
00000000
00000000
00000000
00000000
00000000
00000000
00000000
00000000
00000000
00000000
00000000
00000000
00000000
00000000
00000000
00000000
70000000
00000000
00000000
00000000
00000000
00000000
00000000
00000000
00000000
00000000
00000000
00000000
00000000
00000000
00000000
00000000
00000000
10000014
00000001
01000000
00000001
02340000
00006400
30000000
10000014
00000001
01040000
00000001
02346400
00006400
30000000
10000014
00000001
01080000
00000001
0234c800
00006400
30000000
10000014
00000001
010c0000
00000001
02352c00
00006400
30000000
10000014
00000001
01100000
00000001
02359000
00006400
30000000
10000014
00000001
01140000
00000001
0235f400
00006400
30000000
10000014
00000001
01180000
00000001
02365800
00006400
30000000
10000014
00000001
011c0000
00000001
0236bc00
00006400
30000000
21000030
00000001
00340000
00000000
00000010
00000014
00000014
00000210
00000010
00654000
00000080
00000000
00000000
40000000
21000030
00000001
00346400
00000000
00000010
00000014
00000014
00000250
00000050
00654040
00000080
00000000
00000000
40000000
21000030
00000001
0034c800
00000000
00000010
00000014
00000014
00000290
00000090
00654080
00000080
00000000
00000000
40000000
21000030
00000001
00352c00
00000000
00000010
00000014
00000014
000002d0
000000d0
006540c0
00000080
00000000
00000000
40000000
21000030
00000001
00359000
00000000
00000010
00000014
00000014
00000310
00000110
00654100
00000080
00000000
00000000
40000000
21000030
00000001
0035f400
00000000
00000010
00000014
00000014
00000350
00000150
00654140
00000080
00000000
00000000
40000000
21000030
00000001
00365800
00000000
00000010
00000014
00000014
00000390
00000190
00654180
00000080
00000000
00000000
40000000
21000030
00000001
0036bc00
00000000
00000010
00000014
00000014
000003d0
000001d0
006541c0
00000080
00000000
00000000
40000000
10000014
00000001
027c2810
00000001
03000000
00000810
30000000
10000014
00000000
00249000
00000001
00000000
00004800
30000000
10000014
00000000
0024d800
00000001
00080000
00004800
30000000
10000014
00000000
00252000
00000001
00100000
00004800
30000000
10000014
00000000
00256800
00000001
00180000
00004800
30000000
10000014
00000000
0025b000
00000001
00200000
00004800
30000000
10000014
00000000
0025f800
00000001
00280000
00004800
30000000
10000014
00000000
00264000
00000001
00300000
00004800
30000000
10000014
00000000
00268800
00000001
00380000
00004800
30000000
20000030
00000003
00654000
00000000
00000080
00000014
00000014
00000000
00000000
00000000
00000000
00000000
00000000
40000000
20000030
00000007
00000000
00000000
00000080
00000014
00000014
00000000
00000000
00340000
03032211
0000000a
0000000a
40000000
10000014
00000001
02340000
00000001
00024000
0001c200
30000000
10000014
00000001
02340000
00000001
000a4000
0001c200
30000000
10000014
00000001
02340000
00000001
00124000
0001c200
30000000
10000014
00000001
02340000
00000001
001a4000
0001c200
30000000
10000014
00000001
02340000
00000001
00224000
0001c200
30000000
10000014
00000001
02340000
00000001
002a4000
0001c200
30000000
10000014
00000001
02340000
00000001
00324000
0001c200
30000000
10000014
00000001
02340000
00000001
003a4000
0001c200
30000000
90000060
00000064
00001206
000000ff
00000000
00002400
00000048
00000004
00000000
00000000
00000000
00000000
00000000
00000000
00000000
00000000
00000000
00000000
00000000
00000000
00000000
00000000
00000000
00000000
00000000
70000000
00000000
00000000
00000000
00000000
00000000
00000000
00000000
00000000
00000000
00000000
00000000
00000000
00000000
00000000
00000000
00000000
10000014
00000001
01000000
00000001
02340000
00001900
30000000
10000014
00000001
01040000
00000001
02341900
00001900
30000000
10000014
00000001
01080000
00000001
02343200
00001900
30000000
10000014
00000001
010c0000
00000001
02344b00
00001900
30000000
10000014
00000001
01100000
00000001
02346400
00001900
30000000
10000014
00000001
01140000
00000001
02347d00
00001900
30000000
10000014
00000001
01180000
00000001
02349600
00001900
30000000
10000014
00000001
011c0000
00000001
0234af00
00001900
30000000
21000030
00000001
00340000
00000000
00000010
0000000a
0000000a
00000410
00000010
00686000
00000100
00000000
00000000
40000000
21000030
00000001
00341900
00000000
00000010
0000000a
0000000a
00000450
00000050
00686040
00000100
00000000
00000000
40000000
21000030
00000001
00343200
00000000
00000010
0000000a
0000000a
00000490
00000090
00686080
00000100
00000000
00000000
40000000
21000030
00000001
00344b00
00000000
00000010
0000000a
0000000a
000004d0
000000d0
006860c0
00000100
00000000
00000000
40000000
21000030
00000001
00346400
00000000
00000010
0000000a
0000000a
00000510
00000110
00686100
00000100
00000000
00000000
40000000
21000030
00000001
00347d00
00000000
00000010
0000000a
0000000a
00000550
00000150
00686140
00000100
00000000
00000000
40000000
21000030
00000001
00349600
00000000
00000010
0000000a
0000000a
00000590
00000190
00686180
00000100
00000000
00000000
40000000
21000030
00000001
0034af00
00000000
00000010
0000000a
0000000a
000005d0
000001d0
006861c0
00000100
00000000
00000000
40000000
10000014
00000001
027c2810
00000001
03000000
00000810
30000000
10000014
00000000
0026d000
00000001
00000000
00004800
30000000
10000014
00000000
00271800
00000001
00080000
00004800
30000000
10000014
00000000
00276000
00000001
00100000
00004800
30000000
10000014
00000000
0027a800
00000001
00180000
00004800
30000000
10000014
00000000
0027f000
00000001
00200000
00004800
30000000
10000014
00000000
00283800
00000001
00280000
00004800
30000000
10000014
00000000
00288000
00000001
00300000
00004800
30000000
10000014
00000000
0028c800
00000001
00380000
00004800
30000000
20000030
00000007
00000000
00000000
00000080
00000014
00000014
00000000
00000000
00340000
03032211
0000000a
0000000a
40000000
10000014
00000001
02340000
00000001
00024000
0001c200
30000000
10000014
00000001
02340000
00000001
000a4000
0001c200
30000000
10000014
00000001
02340000
00000001
00124000
0001c200
30000000
10000014
00000001
02340000
00000001
001a4000
0001c200
30000000
10000014
00000001
02340000
00000001
00224000
0001c200
30000000
10000014
00000001
02340000
00000001
002a4000
0001c200
30000000
10000014
00000001
02340000
00000001
00324000
0001c200
30000000
10000014
00000001
02340000
00000001
003a4000
0001c200
30000000
90000060
00000064
00001206
000000ff
00000000
00002400
00000048
00000004
00000000
00000000
00000000
00000000
00000000
00000000
00000000
00000000
00000000
00000000
00000000
00000000
00000000
00000000
00000000
00000000
00000000
70000000
00000000
00000000
00000000
00000000
00000000
00000000
00000000
00000000
00000000
00000000
00000000
00000000
00000000
00000000
00000000
00000000
10000014
00000001
01000000
00000001
02340000
00001900
30000000
10000014
00000001
01040000
00000001
02341900
00001900
30000000
10000014
00000001
01080000
00000001
02343200
00001900
30000000
10000014
00000001
010c0000
00000001
02344b00
00001900
30000000
10000014
00000001
01100000
00000001
02346400
00001900
30000000
10000014
00000001
01140000
00000001
02347d00
00001900
30000000
10000014
00000001
01180000
00000001
02349600
00001900
30000000
10000014
00000001
011c0000
00000001
0234af00
00001900
30000000
21000030
00000001
00340000
00000000
00000010
0000000a
0000000a
00000610
00000210
00686200
00000100
00000000
00000000
40000000
21000030
00000001
00341900
00000000
00000010
0000000a
0000000a
00000650
00000250
00686240
00000100
00000000
00000000
40000000
21000030
00000001
00343200
00000000
00000010
0000000a
0000000a
00000690
00000290
00686280
00000100
00000000
00000000
40000000
21000030
00000001
00344b00
00000000
00000010
0000000a
0000000a
000006d0
000002d0
006862c0
00000100
00000000
00000000
40000000
21000030
00000001
00346400
00000000
00000010
0000000a
0000000a
00000710
00000310
00686300
00000100
00000000
00000000
40000000
21000030
00000001
00347d00
00000000
00000010
0000000a
0000000a
00000750
00000350
00686340
00000100
00000000
00000000
40000000
21000030
00000001
00349600
00000000
00000010
0000000a
0000000a
00000790
00000390
00686380
00000100
00000000
00000000
40000000
21000030
00000001
0034af00
00000000
00000010
0000000a
0000000a
000007d0
000003d0
006863c0
00000100
00000000
00000000
40000000
10000014
00000001
027c3020
00000001
03000000
00000410
30000000
10000014
00000000
00291000
00000001
00000000
00001000
30000000
10000014
00000000
00292000
00000001
00080000
00001000
30000000
10000014
00000000
00293000
00000001
00100000
00001000
30000000
10000014
00000000
00294000
00000001
00180000
00001000
30000000
10000014
00000000
00295000
00000001
00200000
00001000
30000000
10000014
00000000
00296000
00000001
00280000
00001000
30000000
10000014
00000000
00297000
00000001
00300000
00001000
30000000
10000014
00000000
00298000
00000001
00380000
00001000
30000000
20000030
00000003
00686000
00000000
00000100
0000000a
0000000a
00000000
00000000
0069f000
00000000
00000000
00000000
40000000
20000030
00000007
0069f000
00000000
00000100
0000000a
0000000a
00000000
00000000
00340000
01011100
0000000a
0000000a
40000000
10000014
00000001
02340000
00000001
00008000
00006400
30000000
10000014
00000001
02340000
00000001
00088000
00006400
30000000
10000014
00000001
02340000
00000001
00108000
00006400
30000000
10000014
00000001
02340000
00000001
00188000
00006400
30000000
10000014
00000001
02340000
00000001
00208000
00006400
30000000
10000014
00000001
02340000
00000001
00288000
00006400
30000000
10000014
00000001
02340000
00000001
00308000
00006400
30000000
10000014
00000001
02340000
00000001
00388000
00006400
30000000
90000060
00000064
00000406
000000ff
00000000
00000800
00000010
00000004
00000000
00000000
00000000
00000000
00000000
00000000
00000000
00000000
00000000
00000000
00000000
00000000
00000000
00000000
00000000
00000000
00000000
70000000
00000000
00000000
00000000
00000000
00000000
00000000
00000000
00000000
00000000
00000000
00000000
00000000
00000000
00000000
00000000
00000000
10000014
00000001
01000000
00000001
02340000
00001900
30000000
10000014
00000001
01040000
00000001
02341900
00001900
30000000
10000014
00000001
01080000
00000001
02343200
00001900
30000000
10000014
00000001
010c0000
00000001
02344b00
00001900
30000000
10000014
00000001
01100000
00000001
02346400
00001900
30000000
10000014
00000001
01140000
00000001
02347d00
00001900
30000000
10000014
00000001
01180000
00000001
02349600
00001900
30000000
10000014
00000001
011c0000
00000001
0234af00
00001900
30000000
21000030
00000001
00340000
00000000
00000010
0000000a
0000000a
00000210
00000010
00000000
00000080
00000000
00000000
40000000
21000030
00000001
00341900
00000000
00000010
0000000a
0000000a
00000250
00000050
00000040
00000080
00000000
00000000
40000000
21000030
00000001
00343200
00000000
00000010
0000000a
0000000a
00000290
00000090
00000080
00000080
00000000
00000000
40000000
21000030
00000001
00344b00
00000000
00000010
0000000a
0000000a
000002d0
000000d0
000000c0
00000080
00000000
00000000
40000000
21000030
00000001
00346400
00000000
00000010
0000000a
0000000a
00000310
00000110
00000100
00000080
00000000
00000000
40000000
21000030
00000001
00347d00
00000000
00000010
0000000a
0000000a
00000350
00000150
00000140
00000080
00000000
00000000
40000000
21000030
00000001
00349600
00000000
00000010
0000000a
0000000a
00000390
00000190
00000180
00000080
00000000
00000000
40000000
21000030
00000001
0034af00
00000000
00000010
0000000a
0000000a
000003d0
000001d0
000001c0
00000080
00000000
00000000
40000000
10000014
00000001
027c3430
00000001
03000000
00000410
30000000
10000014
00000000
00299000
00000001
00000000
00000800
30000000
10000014
00000000
00299800
00000001
00080000
00000800
30000000
10000014
00000000
0029a000
00000001
00100000
00000800
30000000
10000014
00000000
0029a800
00000001
00180000
00000800
30000000
10000014
00000000
0029b000
00000001
00200000
00000800
30000000
10000014
00000000
0029b800
00000001
00280000
00000800
30000000
10000014
00000000
0029c000
00000001
00300000
00000800
30000000
10000014
00000000
0029c800
00000001
00380000
00000800
30000000
20000030
00000003
00000000
00000000
00000080
0000000a
0000000a
00000000
00000000
00000000
00000000
00000000
00000000
40000000
20000030
00000007
00000000
00000000
00000080
0000000a
0000000a
00000000
00000000
00340000
01011100
0000000a
0000000a
40000000
10000014
00000001
02340000
00000001
00004000
00003200
30000000
10000014
00000001
02340000
00000001
00084000
00003200
30000000
10000014
00000001
02340000
00000001
00104000
00003200
30000000
10000014
00000001
02340000
00000001
00184000
00003200
30000000
10000014
00000001
02340000
00000001
00204000
00003200
30000000
10000014
00000001
02340000
00000001
00284000
00003200
30000000
10000014
00000001
02340000
00000001
00304000
00003200
30000000
10000014
00000001
02340000
00000001
00384000
00003200
30000000
90000060
00000064
00000206
000000ff
00000000
00000400
00000008
00000004
00000000
00000000
00000000
00000000
00000000
00000000
00000000
00000000
00000000
00000000
00000000
00000000
00000000
00000000
00000000
00000000
00000000
70000000
00000000
00000000
00000000
00000000
00000000
00000000
00000000
00000000
00000000
00000000
00000000
00000000
00000000
00000000
00000000
00000000
10000014
00000001
01000000
00000001
02340000
00001900
30000000
10000014
00000001
01040000
00000001
02341900
00001900
30000000
10000014
00000001
01080000
00000001
02343200
00001900
30000000
10000014
00000001
010c0000
00000001
02344b00
00001900
30000000
10000014
00000001
01100000
00000001
02346400
00001900
30000000
10000014
00000001
01140000
00000001
02347d00
00001900
30000000
10000014
00000001
01180000
00000001
02349600
00001900
30000000
10000014
00000001
011c0000
00000001
0234af00
00001900
30000000
21000030
00000001
00340000
00000000
00000010
0000000a
0000000a
00000210
00000010
001a0000
00000080
00000000
00000000
40000000
21000030
00000001
00341900
00000000
00000010
0000000a
0000000a
00000250
00000050
001a0040
00000080
00000000
00000000
40000000
21000030
00000001
00343200
00000000
00000010
0000000a
0000000a
00000290
00000090
001a0080
00000080
00000000
00000000
40000000
21000030
00000001
00344b00
00000000
00000010
0000000a
0000000a
000002d0
000000d0
001a00c0
00000080
00000000
00000000
40000000
21000030
00000001
00346400
00000000
00000010
0000000a
0000000a
00000310
00000110
001a0100
00000080
00000000
00000000
40000000
21000030
00000001
00347d00
00000000
00000010
0000000a
0000000a
00000350
00000150
001a0140
00000080
00000000
00000000
40000000
21000030
00000001
00349600
00000000
00000010
0000000a
0000000a
00000390
00000190
001a0180
00000080
00000000
00000000
40000000
21000030
00000001
0034af00
00000000
00000010
0000000a
0000000a
000003d0
000001d0
001a01c0
00000080
00000000
00000000
40000000
10000014
00000001
027c3840
00000001
03000000
00000410
30000000
10000014
00000000
0029d000
00000001
00000000
00004800
30000000
10000014
00000000
002a1800
00000001
00080000
00004800
30000000
10000014
00000000
002a6000
00000001
00100000
00004800
30000000
10000014
00000000
002aa800
00000001
00180000
00004800
30000000
10000014
00000000
002af000
00000001
00200000
00004800
30000000
10000014
00000000
002b3800
00000001
00280000
00004800
30000000
10000014
00000000
002b8000
00000001
00300000
00004800
30000000
10000014
00000000
002bc800
00000001
00380000
00004800
30000000
20000030
00000003
001a0000
00000000
00000080
0000000a
0000000a
00000000
00000000
001a0000
00000000
00000000
00000000
40000000
20000030
00000007
001a0000
00000000
00000080
0000000a
0000000a
00000000
00000000
00340000
03031111
0000000a
0000000a
40000000
10000014
00000001
02340000
00000001
00024000
0001c200
30000000
10000014
00000001
02340000
00000001
000a4000
0001c200
30000000
10000014
00000001
02340000
00000001
00124000
0001c200
30000000
10000014
00000001
02340000
00000001
001a4000
0001c200
30000000
10000014
00000001
02340000
00000001
00224000
0001c200
30000000
10000014
00000001
02340000
00000001
002a4000
0001c200
30000000
10000014
00000001
02340000
00000001
00324000
0001c200
30000000
10000014
00000001
02340000
00000001
003a4000
0001c200
30000000
90000060
00000064
00001206
000000ff
00000000
00002400
00000048
00000004
00000000
00000000
00000000
00000000
00000000
00000000
00000000
00000000
00000000
00000000
00000000
00000000
00000000
00000000
00000000
00000000
00000000
70000000
00000000
00000000
00000000
00000000
00000000
00000000
00000000
00000000
00000000
00000000
00000000
00000000
00000000
00000000
00000000
00000000
10000014
00000001
01000000
00000001
02340000
00001900
30000000
10000014
00000001
01040000
00000001
02341900
00001900
30000000
10000014
00000001
01080000
00000001
02343200
00001900
30000000
10000014
00000001
010c0000
00000001
02344b00
00001900
30000000
10000014
00000001
01100000
00000001
02346400
00001900
30000000
10000014
00000001
01140000
00000001
02347d00
00001900
30000000
10000014
00000001
01180000
00000001
02349600
00001900
30000000
10000014
00000001
011c0000
00000001
0234af00
00001900
30000000
21000030
00000001
00340000
00000000
00000010
0000000a
0000000a
00000210
00000010
0069f000
00000080
00000000
00000000
40000000
21000030
00000001
00341900
00000000
00000010
0000000a
0000000a
00000250
00000050
0069f040
00000080
00000000
00000000
40000000
21000030
00000001
00343200
00000000
00000010
0000000a
0000000a
00000290
00000090
0069f080
00000080
00000000
00000000
40000000
21000030
00000001
00344b00
00000000
00000010
0000000a
0000000a
000002d0
000000d0
0069f0c0
00000080
00000000
00000000
40000000
21000030
00000001
00346400
00000000
00000010
0000000a
0000000a
00000310
00000110
0069f100
00000080
00000000
00000000
40000000
21000030
00000001
00347d00
00000000
00000010
0000000a
0000000a
00000350
00000150
0069f140
00000080
00000000
00000000
40000000
21000030
00000001
00349600
00000000
00000010
0000000a
0000000a
00000390
00000190
0069f180
00000080
00000000
00000000
40000000
21000030
00000001
0034af00
00000000
00000010
0000000a
0000000a
000003d0
000001d0
0069f1c0
00000080
00000000
00000000
40000000
10000014
00000001
027c3c50
00000001
03000000
00000410
30000000
10000014
00000000
002c1000
00000001
00000000
00001000
30000000
10000014
00000000
002c2000
00000001
00080000
00001000
30000000
10000014
00000000
002c3000
00000001
00100000
00001000
30000000
10000014
00000000
002c4000
00000001
00180000
00001000
30000000
10000014
00000000
002c5000
00000001
00200000
00001000
30000000
10000014
00000000
002c6000
00000001
00280000
00001000
30000000
10000014
00000000
002c7000
00000001
00300000
00001000
30000000
10000014
00000000
002c8000
00000001
00380000
00001000
30000000
20000030
00000003
00686000
00000000
00000100
0000000a
0000000a
00000000
00000000
00000000
00000000
00000000
00000000
40000000
20000030
00000007
00000000
00000000
00000100
0000000a
0000000a
00000000
00000000
00340000
01011100
0000000a
0000000a
40000000
10000014
00000001
02340000
00000001
00008000
00006400
30000000
10000014
00000001
02340000
00000001
00088000
00006400
30000000
10000014
00000001
02340000
00000001
00108000
00006400
30000000
10000014
00000001
02340000
00000001
00188000
00006400
30000000
10000014
00000001
02340000
00000001
00208000
00006400
30000000
10000014
00000001
02340000
00000001
00288000
00006400
30000000
10000014
00000001
02340000
00000001
00308000
00006400
30000000
10000014
00000001
02340000
00000001
00388000
00006400
30000000
90000060
00000064
00000406
000000ff
00000000
00000800
00000010
00000004
00000000
00000000
00000000
00000000
00000000
00000000
00000000
00000000
00000000
00000000
00000000
00000000
00000000
00000000
00000000
00000000
00000000
70000000
00000000
00000000
00000000
00000000
00000000
00000000
00000000
00000000
00000000
00000000
00000000
00000000
00000000
00000000
00000000
00000000
10000014
00000001
01000000
00000001
02340000
00001900
30000000
10000014
00000001
01040000
00000001
02341900
00001900
30000000
10000014
00000001
01080000
00000001
02343200
00001900
30000000
10000014
00000001
010c0000
00000001
02344b00
00001900
30000000
10000014
00000001
01100000
00000001
02346400
00001900
30000000
10000014
00000001
01140000
00000001
02347d00
00001900
30000000
10000014
00000001
01180000
00000001
02349600
00001900
30000000
10000014
00000001
011c0000
00000001
0234af00
00001900
30000000
21000030
00000001
00340000
00000000
00000010
0000000a
0000000a
00000210
00000010
006ab800
00000080
00000000
00000000
40000000
21000030
00000001
00341900
00000000
00000010
0000000a
0000000a
00000250
00000050
006ab840
00000080
00000000
00000000
40000000
21000030
00000001
00343200
00000000
00000010
0000000a
0000000a
00000290
00000090
006ab880
00000080
00000000
00000000
40000000
21000030
00000001
00344b00
00000000
00000010
0000000a
0000000a
000002d0
000000d0
006ab8c0
00000080
00000000
00000000
40000000
21000030
00000001
00346400
00000000
00000010
0000000a
0000000a
00000310
00000110
006ab900
00000080
00000000
00000000
40000000
21000030
00000001
00347d00
00000000
00000010
0000000a
0000000a
00000350
00000150
006ab940
00000080
00000000
00000000
40000000
21000030
00000001
00349600
00000000
00000010
0000000a
0000000a
00000390
00000190
006ab980
00000080
00000000
00000000
40000000
21000030
00000001
0034af00
00000000
00000010
0000000a
0000000a
000003d0
000001d0
006ab9c0
00000080
00000000
00000000
40000000
a0000020
00000001
0269f000
00000001
02000000
00000040
00000200
00000400
00000064
30000000
a0000020
00000001
0269f040
00000001
02000040
00000040
00000200
00000400
00000064
30000000
a0000020
00000001
0269f080
00000001
02000080
00000040
00000200
00000400
00000064
30000000
a0000020
00000001
0269f0c0
00000001
020000c0
00000040
00000200
00000400
00000064
30000000
a0000020
00000001
0269f100
00000001
02000100
00000040
00000200
00000400
00000064
30000000
a0000020
00000001
0269f140
00000001
02000140
00000040
00000200
00000400
00000064
30000000
a0000020
00000001
0269f180
00000001
02000180
00000040
00000200
00000400
00000064
30000000
a0000020
00000001
0269f1c0
00000001
020001c0
00000040
00000200
00000400
00000064
30000000
a0000020
00000001
026ab800
00000001
02000200
00000040
00000200
00000400
00000064
30000000
a0000020
00000001
026ab840
00000001
02000240
00000040
00000200
00000400
00000064
30000000
a0000020
00000001
026ab880
00000001
02000280
00000040
00000200
00000400
00000064
30000000
a0000020
00000001
026ab8c0
00000001
020002c0
00000040
00000200
00000400
00000064
30000000
a0000020
00000001
026ab900
00000001
02000300
00000040
00000200
00000400
00000064
30000000
a0000020
00000001
026ab940
00000001
02000340
00000040
00000200
00000400
00000064
30000000
a0000020
00000001
026ab980
00000001
02000380
00000040
00000200
00000400
00000064
30000000
a0000020
00000001
026ab9c0
00000001
020003c0
00000040
00000200
00000400
00000064
30000000
10000014
00000001
027c4060
00000001
03000000
00000810
30000000
10000014
00000000
002c9000
00000001
00000000
00001000
30000000
10000014
00000000
002ca000
00000001
00080000
00001000
30000000
10000014
00000000
002cb000
00000001
00100000
00001000
30000000
10000014
00000000
002cc000
00000001
00180000
00001000
30000000
10000014
00000000
002cd000
00000001
00200000
00001000
30000000
10000014
00000000
002ce000
00000001
00280000
00001000
30000000
10000014
00000000
002cf000
00000001
00300000
00001000
30000000
10000014
00000000
002d0000
00000001
00380000
00001000
30000000
20000030
00000003
00000000
00000000
00000100
0000000a
0000000a
00000000
00000000
00000000
00000000
00000000
00000000
40000000
20000030
00000007
00000000
00000000
00000100
0000000a
0000000a
00000000
00000000
00340000
01011100
0000000a
0000000a
40000000
10000014
00000001
02340000
00000001
00008000
00006400
30000000
10000014
00000001
02340000
00000001
00088000
00006400
30000000
10000014
00000001
02340000
00000001
00108000
00006400
30000000
10000014
00000001
02340000
00000001
00188000
00006400
30000000
10000014
00000001
02340000
00000001
00208000
00006400
30000000
10000014
00000001
02340000
00000001
00288000
00006400
30000000
10000014
00000001
02340000
00000001
00308000
00006400
30000000
10000014
00000001
02340000
00000001
00388000
00006400
30000000
90000060
00000064
00000406
000000ff
00000000
00000800
00000010
00000004
00000000
00000000
00000000
00000000
00000000
00000000
00000000
00000000
00000000
00000000
00000000
00000000
00000000
00000000
00000000
00000000
00000000
70000000
00000000
00000000
00000000
00000000
00000000
00000000
00000000
00000000
00000000
00000000
00000000
00000000
00000000
00000000
00000000
00000000
10000014
00000001
01000000
00000001
02340000
00001900
30000000
10000014
00000001
01040000
00000001
02341900
00001900
30000000
10000014
00000001
01080000
00000001
02343200
00001900
30000000
10000014
00000001
010c0000
00000001
02344b00
00001900
30000000
10000014
00000001
01100000
00000001
02346400
00001900
30000000
10000014
00000001
01140000
00000001
02347d00
00001900
30000000
10000014
00000001
01180000
00000001
02349600
00001900
30000000
10000014
00000001
011c0000
00000001
0234af00
00001900
30000000
21000030
00000001
00340000
00000000
00000010
0000000a
0000000a
00000410
00000010
001a0000
00000100
00000000
00000000
40000000
21000030
00000001
00341900
00000000
00000010
0000000a
0000000a
00000450
00000050
001a0040
00000100
00000000
00000000
40000000
21000030
00000001
00343200
00000000
00000010
0000000a
0000000a
00000490
00000090
001a0080
00000100
00000000
00000000
40000000
21000030
00000001
00344b00
00000000
00000010
0000000a
0000000a
000004d0
000000d0
001a00c0
00000100
00000000
00000000
40000000
21000030
00000001
00346400
00000000
00000010
0000000a
0000000a
00000510
00000110
001a0100
00000100
00000000
00000000
40000000
21000030
00000001
00347d00
00000000
00000010
0000000a
0000000a
00000550
00000150
001a0140
00000100
00000000
00000000
40000000
21000030
00000001
00349600
00000000
00000010
0000000a
0000000a
00000590
00000190
001a0180
00000100
00000000
00000000
40000000
21000030
00000001
0034af00
00000000
00000010
0000000a
0000000a
000005d0
000001d0
001a01c0
00000100
00000000
00000000
40000000
10000014
00000001
027c4060
00000001
03000000
00000810
30000000
10000014
00000000
002d1000
00000001
00000000
00001000
30000000
10000014
00000000
002d2000
00000001
00080000
00001000
30000000
10000014
00000000
002d3000
00000001
00100000
00001000
30000000
10000014
00000000
002d4000
00000001
00180000
00001000
30000000
10000014
00000000
002d5000
00000001
00200000
00001000
30000000
10000014
00000000
002d6000
00000001
00280000
00001000
30000000
10000014
00000000
002d7000
00000001
00300000
00001000
30000000
10000014
00000000
002d8000
00000001
00380000
00001000
30000000
20000030
00000007
00000000
00000000
00000100
0000000a
0000000a
00000000
00000000
00340000
01011100
0000000a
0000000a
40000000
10000014
00000001
02340000
00000001
00008000
00006400
30000000
10000014
00000001
02340000
00000001
00088000
00006400
30000000
10000014
00000001
02340000
00000001
00108000
00006400
30000000
10000014
00000001
02340000
00000001
00188000
00006400
30000000
10000014
00000001
02340000
00000001
00208000
00006400
30000000
10000014
00000001
02340000
00000001
00288000
00006400
30000000
10000014
00000001
02340000
00000001
00308000
00006400
30000000
10000014
00000001
02340000
00000001
00388000
00006400
30000000
90000060
00000064
00000406
000000ff
00000000
00000800
00000010
00000004
00000000
00000000
00000000
00000000
00000000
00000000
00000000
00000000
00000000
00000000
00000000
00000000
00000000
00000000
00000000
00000000
00000000
70000000
00000000
00000000
00000000
00000000
00000000
00000000
00000000
00000000
00000000
00000000
00000000
00000000
00000000
00000000
00000000
00000000
10000014
00000001
01000000
00000001
02340000
00001900
30000000
10000014
00000001
01040000
00000001
02341900
00001900
30000000
10000014
00000001
01080000
00000001
02343200
00001900
30000000
10000014
00000001
010c0000
00000001
02344b00
00001900
30000000
10000014
00000001
01100000
00000001
02346400
00001900
30000000
10000014
00000001
01140000
00000001
02347d00
00001900
30000000
10000014
00000001
01180000
00000001
02349600
00001900
30000000
10000014
00000001
011c0000
00000001
0234af00
00001900
30000000
21000030
00000001
00340000
00000000
00000010
0000000a
0000000a
00000610
00000210
001a0200
00000100
00000000
00000000
40000000
21000030
00000001
00341900
00000000
00000010
0000000a
0000000a
00000650
00000250
001a0240
00000100
00000000
00000000
40000000
21000030
00000001
00343200
00000000
00000010
0000000a
0000000a
00000690
00000290
001a0280
00000100
00000000
00000000
40000000
21000030
00000001
00344b00
00000000
00000010
0000000a
0000000a
000006d0
000002d0
001a02c0
00000100
00000000
00000000
40000000
21000030
00000001
00346400
00000000
00000010
0000000a
0000000a
00000710
00000310
001a0300
00000100
00000000
00000000
40000000
21000030
00000001
00347d00
00000000
00000010
0000000a
0000000a
00000750
00000350
001a0340
00000100
00000000
00000000
40000000
21000030
00000001
00349600
00000000
00000010
0000000a
0000000a
00000790
00000390
001a0380
00000100
00000000
00000000
40000000
21000030
00000001
0034af00
00000000
00000010
0000000a
0000000a
000007d0
000003d0
001a03c0
00000100
00000000
00000000
40000000
10000014
00000001
027c4870
00000001
03000000
00000410
30000000
10000014
00000000
002d9000
00000001
00000000
00001000
30000000
10000014
00000000
002da000
00000001
00080000
00001000
30000000
10000014
00000000
002db000
00000001
00100000
00001000
30000000
10000014
00000000
002dc000
00000001
00180000
00001000
30000000
10000014
00000000
002dd000
00000001
00200000
00001000
30000000
10000014
00000000
002de000
00000001
00280000
00001000
30000000
10000014
00000000
002df000
00000001
00300000
00001000
30000000
10000014
00000000
002e0000
00000001
00380000
00001000
30000000
20000030
00000003
001a0000
00000000
00000100
0000000a
0000000a
00000000
00000000
001a0000
00000000
00000000
00000000
40000000
20000030
00000007
001a0000
00000000
00000100
0000000a
0000000a
00000000
00000000
00340000
01011100
0000000a
0000000a
40000000
10000014
00000001
02340000
00000001
00008000
00006400
30000000
10000014
00000001
02340000
00000001
00088000
00006400
30000000
10000014
00000001
02340000
00000001
00108000
00006400
30000000
10000014
00000001
02340000
00000001
00188000
00006400
30000000
10000014
00000001
02340000
00000001
00208000
00006400
30000000
10000014
00000001
02340000
00000001
00288000
00006400
30000000
10000014
00000001
02340000
00000001
00308000
00006400
30000000
10000014
00000001
02340000
00000001
00388000
00006400
30000000
90000060
00000064
00000406
000000ff
00000000
00000800
00000010
00000004
00000000
00000000
00000000
00000000
00000000
00000000
00000000
00000000
00000000
00000000
00000000
00000000
00000000
00000000
00000000
00000000
00000000
70000000
00000000
00000000
00000000
00000000
00000000
00000000
00000000
00000000
00000000
00000000
00000000
00000000
00000000
00000000
00000000
00000000
10000014
00000001
01000000
00000001
02340000
00001900
30000000
10000014
00000001
01040000
00000001
02341900
00001900
30000000
10000014
00000001
01080000
00000001
02343200
00001900
30000000
10000014
00000001
010c0000
00000001
02344b00
00001900
30000000
10000014
00000001
01100000
00000001
02346400
00001900
30000000
10000014
00000001
01140000
00000001
02347d00
00001900
30000000
10000014
00000001
01180000
00000001
02349600
00001900
30000000
10000014
00000001
011c0000
00000001
0234af00
00001900
30000000
21000030
00000001
00340000
00000000
00000010
0000000a
0000000a
00000210
00000010
00686000
00000080
00000000
00000000
40000000
21000030
00000001
00341900
00000000
00000010
0000000a
0000000a
00000250
00000050
00686040
00000080
00000000
00000000
40000000
21000030
00000001
00343200
00000000
00000010
0000000a
0000000a
00000290
00000090
00686080
00000080
00000000
00000000
40000000
21000030
00000001
00344b00
00000000
00000010
0000000a
0000000a
000002d0
000000d0
006860c0
00000080
00000000
00000000
40000000
21000030
00000001
00346400
00000000
00000010
0000000a
0000000a
00000310
00000110
00686100
00000080
00000000
00000000
40000000
21000030
00000001
00347d00
00000000
00000010
0000000a
0000000a
00000350
00000150
00686140
00000080
00000000
00000000
40000000
21000030
00000001
00349600
00000000
00000010
0000000a
0000000a
00000390
00000190
00686180
00000080
00000000
00000000
40000000
21000030
00000001
0034af00
00000000
00000010
0000000a
0000000a
000003d0
000001d0
006861c0
00000080
00000000
00000000
40000000
20000030
00000004
00686000
00000000
00000080
0000000a
0000000a
00000000
00000000
00692800
00000000
00000000
00000000
40000000
20000030
00000004
00692800
00000000
00000080
0000000a
0000000a
00000000
00000000
0069f000
00000000
00000000
00000000
40000000
20000030
00000004
0069f000
00000000
00000080
0000000a
0000000a
00000000
00000000
006ab800
00000000
00000000
00000000
40000000
a0000020
00000001
02686000
00000001
02000000
00000040
00000200
00000800
00000064
30000000
a0000020
00000001
02686040
00000001
02000040
00000040
00000200
00000800
00000064
30000000
a0000020
00000001
02686080
00000001
02000080
00000040
00000200
00000800
00000064
30000000
a0000020
00000001
026860c0
00000001
020000c0
00000040
00000200
00000800
00000064
30000000
a0000020
00000001
02686100
00000001
02000100
00000040
00000200
00000800
00000064
30000000
a0000020
00000001
02686140
00000001
02000140
00000040
00000200
00000800
00000064
30000000
a0000020
00000001
02686180
00000001
02000180
00000040
00000200
00000800
00000064
30000000
a0000020
00000001
026861c0
00000001
020001c0
00000040
00000200
00000800
00000064
30000000
a0000020
00000001
02692800
00000001
02000200
00000040
00000200
00000800
00000064
30000000
a0000020
00000001
02692840
00000001
02000240
00000040
00000200
00000800
00000064
30000000
a0000020
00000001
02692880
00000001
02000280
00000040
00000200
00000800
00000064
30000000
a0000020
00000001
026928c0
00000001
020002c0
00000040
00000200
00000800
00000064
30000000
a0000020
00000001
02692900
00000001
02000300
00000040
00000200
00000800
00000064
30000000
a0000020
00000001
02692940
00000001
02000340
00000040
00000200
00000800
00000064
30000000
a0000020
00000001
02692980
00000001
02000380
00000040
00000200
00000800
00000064
30000000
a0000020
00000001
026929c0
00000001
020003c0
00000040
00000200
00000800
00000064
30000000
a0000020
00000001
0269f000
00000001
02000400
00000040
00000200
00000800
00000064
30000000
a0000020
00000001
0269f040
00000001
02000440
00000040
00000200
00000800
00000064
30000000
a0000020
00000001
0269f080
00000001
02000480
00000040
00000200
00000800
00000064
30000000
a0000020
00000001
0269f0c0
00000001
020004c0
00000040
00000200
00000800
00000064
30000000
a0000020
00000001
0269f100
00000001
02000500
00000040
00000200
00000800
00000064
30000000
a0000020
00000001
0269f140
00000001
02000540
00000040
00000200
00000800
00000064
30000000
a0000020
00000001
0269f180
00000001
02000580
00000040
00000200
00000800
00000064
30000000
a0000020
00000001
0269f1c0
00000001
020005c0
00000040
00000200
00000800
00000064
30000000
a0000020
00000001
026ab800
00000001
02000600
00000040
00000200
00000800
00000064
30000000
a0000020
00000001
026ab840
00000001
02000640
00000040
00000200
00000800
00000064
30000000
a0000020
00000001
026ab880
00000001
02000680
00000040
00000200
00000800
00000064
30000000
a0000020
00000001
026ab8c0
00000001
020006c0
00000040
00000200
00000800
00000064
30000000
a0000020
00000001
026ab900
00000001
02000700
00000040
00000200
00000800
00000064
30000000
a0000020
00000001
026ab940
00000001
02000740
00000040
00000200
00000800
00000064
30000000
a0000020
00000001
026ab980
00000001
02000780
00000040
00000200
00000800
00000064
30000000
a0000020
00000001
026ab9c0
00000001
020007c0
00000040
00000200
00000800
00000064
30000000
10000014
00000001
027c4c80
00000001
03000000
00000810
30000000
10000014
00000000
002e1000
00000001
00000000
00002000
30000000
10000014
00000000
002e3000
00000001
00080000
00002000
30000000
10000014
00000000
002e5000
00000001
00100000
00002000
30000000
10000014
00000000
002e7000
00000001
00180000
00002000
30000000
10000014
00000000
002e9000
00000001
00200000
00002000
30000000
10000014
00000000
002eb000
00000001
00280000
00002000
30000000
10000014
00000000
002ed000
00000001
00300000
00002000
30000000
10000014
00000000
002ef000
00000001
00380000
00002000
30000000
20000030
00000003
00000000
00000000
00000200
0000000a
0000000a
00000000
00000000
00000000
00000000
00000000
00000000
40000000
20000030
00000007
00000000
00000000
00000200
0000000a
0000000a
00000000
00000000
00340000
01011100
0000000a
0000000a
40000000
10000014
00000001
02340000
00000001
00010000
0000c800
30000000
10000014
00000001
02340000
00000001
00090000
0000c800
30000000
10000014
00000001
02340000
00000001
00110000
0000c800
30000000
10000014
00000001
02340000
00000001
00190000
0000c800
30000000
10000014
00000001
02340000
00000001
00210000
0000c800
30000000
10000014
00000001
02340000
00000001
00290000
0000c800
30000000
10000014
00000001
02340000
00000001
00310000
0000c800
30000000
10000014
00000001
02340000
00000001
00390000
0000c800
30000000
90000060
00000064
00000806
000000ff
00000000
00001000
00000020
00000004
00000000
00000000
00000000
00000000
00000000
00000000
00000000
00000000
00000000
00000000
00000000
00000000
00000000
00000000
00000000
00000000
00000000
70000000
00000000
00000000
00000000
00000000
00000000
00000000
00000000
00000000
00000000
00000000
00000000
00000000
00000000
00000000
00000000
00000000
10000014
00000001
01000000
00000001
02340000
00001900
30000000
10000014
00000001
01040000
00000001
02341900
00001900
30000000
10000014
00000001
01080000
00000001
02343200
00001900
30000000
10000014
00000001
010c0000
00000001
02344b00
00001900
30000000
10000014
00000001
01100000
00000001
02346400
00001900
30000000
10000014
00000001
01140000
00000001
02347d00
00001900
30000000
10000014
00000001
01180000
00000001
02349600
00001900
30000000
10000014
00000001
011c0000
00000001
0234af00
00001900
30000000
21000030
00000001
00340000
00000000
00000010
0000000a
0000000a
00000410
00000010
001a0000
00000100
00000000
00000000
40000000
21000030
00000001
00341900
00000000
00000010
0000000a
0000000a
00000450
00000050
001a0040
00000100
00000000
00000000
40000000
21000030
00000001
00343200
00000000
00000010
0000000a
0000000a
00000490
00000090
001a0080
00000100
00000000
00000000
40000000
21000030
00000001
00344b00
00000000
00000010
0000000a
0000000a
000004d0
000000d0
001a00c0
00000100
00000000
00000000
40000000
21000030
00000001
00346400
00000000
00000010
0000000a
0000000a
00000510
00000110
001a0100
00000100
00000000
00000000
40000000
21000030
00000001
00347d00
00000000
00000010
0000000a
0000000a
00000550
00000150
001a0140
00000100
00000000
00000000
40000000
21000030
00000001
00349600
00000000
00000010
0000000a
0000000a
00000590
00000190
001a0180
00000100
00000000
00000000
40000000
21000030
00000001
0034af00
00000000
00000010
0000000a
0000000a
000005d0
000001d0
001a01c0
00000100
00000000
00000000
40000000
10000014
00000001
027c4c80
00000001
03000000
00000810
30000000
10000014
00000000
002f1000
00000001
00000000
00002000
30000000
10000014
00000000
002f3000
00000001
00080000
00002000
30000000
10000014
00000000
002f5000
00000001
00100000
00002000
30000000
10000014
00000000
002f7000
00000001
00180000
00002000
30000000
10000014
00000000
002f9000
00000001
00200000
00002000
30000000
10000014
00000000
002fb000
00000001
00280000
00002000
30000000
10000014
00000000
002fd000
00000001
00300000
00002000
30000000
10000014
00000000
002ff000
00000001
00380000
00002000
30000000
20000030
00000007
00000000
00000000
00000200
0000000a
0000000a
00000000
00000000
00340000
01011100
0000000a
0000000a
40000000
10000014
00000001
02340000
00000001
00010000
0000c800
30000000
10000014
00000001
02340000
00000001
00090000
0000c800
30000000
10000014
00000001
02340000
00000001
00110000
0000c800
30000000
10000014
00000001
02340000
00000001
00190000
0000c800
30000000
10000014
00000001
02340000
00000001
00210000
0000c800
30000000
10000014
00000001
02340000
00000001
00290000
0000c800
30000000
10000014
00000001
02340000
00000001
00310000
0000c800
30000000
10000014
00000001
02340000
00000001
00390000
0000c800
30000000
90000060
00000064
00000806
000000ff
00000000
00001000
00000020
00000004
00000000
00000000
00000000
00000000
00000000
00000000
00000000
00000000
00000000
00000000
00000000
00000000
00000000
00000000
00000000
00000000
00000000
70000000
00000000
00000000
00000000
00000000
00000000
00000000
00000000
00000000
00000000
00000000
00000000
00000000
00000000
00000000
00000000
00000000
10000014
00000001
01000000
00000001
02340000
00001900
30000000
10000014
00000001
01040000
00000001
02341900
00001900
30000000
10000014
00000001
01080000
00000001
02343200
00001900
30000000
10000014
00000001
010c0000
00000001
02344b00
00001900
30000000
10000014
00000001
01100000
00000001
02346400
00001900
30000000
10000014
00000001
01140000
00000001
02347d00
00001900
30000000
10000014
00000001
01180000
00000001
02349600
00001900
30000000
10000014
00000001
011c0000
00000001
0234af00
00001900
30000000
21000030
00000001
00340000
00000000
00000010
0000000a
0000000a
00000610
00000210
001a0200
00000100
00000000
00000000
40000000
21000030
00000001
00341900
00000000
00000010
0000000a
0000000a
00000650
00000250
001a0240
00000100
00000000
00000000
40000000
21000030
00000001
00343200
00000000
00000010
0000000a
0000000a
00000690
00000290
001a0280
00000100
00000000
00000000
40000000
21000030
00000001
00344b00
00000000
00000010
0000000a
0000000a
000006d0
000002d0
001a02c0
00000100
00000000
00000000
40000000
21000030
00000001
00346400
00000000
00000010
0000000a
0000000a
00000710
00000310
001a0300
00000100
00000000
00000000
40000000
21000030
00000001
00347d00
00000000
00000010
0000000a
0000000a
00000750
00000350
001a0340
00000100
00000000
00000000
40000000
21000030
00000001
00349600
00000000
00000010
0000000a
0000000a
00000790
00000390
001a0380
00000100
00000000
00000000
40000000
21000030
00000001
0034af00
00000000
00000010
0000000a
0000000a
000007d0
000003d0
001a03c0
00000100
00000000
00000000
40000000
10000014
00000001
027c5490
00000001
03000000
00000410
30000000
10000014
00000000
00301000
00000001
00000000
00001000
30000000
10000014
00000000
00302000
00000001
00080000
00001000
30000000
10000014
00000000
00303000
00000001
00100000
00001000
30000000
10000014
00000000
00304000
00000001
00180000
00001000
30000000
10000014
00000000
00305000
00000001
00200000
00001000
30000000
10000014
00000000
00306000
00000001
00280000
00001000
30000000
10000014
00000000
00307000
00000001
00300000
00001000
30000000
10000014
00000000
00308000
00000001
00380000
00001000
30000000
20000030
00000003
001a0000
00000000
00000100
0000000a
0000000a
00000000
00000000
001a0000
00000000
00000000
00000000
40000000
20000030
00000007
001a0000
00000000
00000100
0000000a
0000000a
00000000
00000000
00340000
01011100
0000000a
0000000a
40000000
10000014
00000001
02340000
00000001
00008000
00006400
30000000
10000014
00000001
02340000
00000001
00088000
00006400
30000000
10000014
00000001
02340000
00000001
00108000
00006400
30000000
10000014
00000001
02340000
00000001
00188000
00006400
30000000
10000014
00000001
02340000
00000001
00208000
00006400
30000000
10000014
00000001
02340000
00000001
00288000
00006400
30000000
10000014
00000001
02340000
00000001
00308000
00006400
30000000
10000014
00000001
02340000
00000001
00388000
00006400
30000000
90000060
00000064
00000406
000000ff
00000000
00000800
00000010
00000004
00000000
00000000
00000000
00000000
00000000
00000000
00000000
00000000
00000000
00000000
00000000
00000000
00000000
00000000
00000000
00000000
00000000
70000000
00000000
00000000
00000000
00000000
00000000
00000000
00000000
00000000
00000000
00000000
00000000
00000000
00000000
00000000
00000000
00000000
10000014
00000001
01000000
00000001
02340000
00001900
30000000
10000014
00000001
01040000
00000001
02341900
00001900
30000000
10000014
00000001
01080000
00000001
02343200
00001900
30000000
10000014
00000001
010c0000
00000001
02344b00
00001900
30000000
10000014
00000001
01100000
00000001
02346400
00001900
30000000
10000014
00000001
01140000
00000001
02347d00
00001900
30000000
10000014
00000001
01180000
00000001
02349600
00001900
30000000
10000014
00000001
011c0000
00000001
0234af00
00001900
30000000
21000030
00000001
00340000
00000000
00000010
0000000a
0000000a
00000210
00000010
00686000
00000080
00000000
00000000
40000000
21000030
00000001
00341900
00000000
00000010
0000000a
0000000a
00000250
00000050
00686040
00000080
00000000
00000000
40000000
21000030
00000001
00343200
00000000
00000010
0000000a
0000000a
00000290
00000090
00686080
00000080
00000000
00000000
40000000
21000030
00000001
00344b00
00000000
00000010
0000000a
0000000a
000002d0
000000d0
006860c0
00000080
00000000
00000000
40000000
21000030
00000001
00346400
00000000
00000010
0000000a
0000000a
00000310
00000110
00686100
00000080
00000000
00000000
40000000
21000030
00000001
00347d00
00000000
00000010
0000000a
0000000a
00000350
00000150
00686140
00000080
00000000
00000000
40000000
21000030
00000001
00349600
00000000
00000010
0000000a
0000000a
00000390
00000190
00686180
00000080
00000000
00000000
40000000
21000030
00000001
0034af00
00000000
00000010
0000000a
0000000a
000003d0
000001d0
006861c0
00000080
00000000
00000000
40000000
20000030
00000005
00686000
00000000
00000080
0000000a
0000000a
00000000
00000000
00692800
00000000
00000000
00000000
40000000
a0000020
00000001
02692800
00000001
026c4800
00000040
00000200
00000400
00000190
30000000
a0000020
00000001
02692840
00000001
026c4840
00000040
00000200
00000400
00000190
30000000
a0000020
00000001
02692880
00000001
026c4880
00000040
00000200
00000400
00000190
30000000
a0000020
00000001
026928c0
00000001
026c48c0
00000040
00000200
00000400
00000190
30000000
a0000020
00000001
02692900
00000001
026c4900
00000040
00000200
00000400
00000190
30000000
a0000020
00000001
02692940
00000001
026c4940
00000040
00000200
00000400
00000190
30000000
a0000020
00000001
02692980
00000001
026c4980
00000040
00000200
00000400
00000190
30000000
a0000020
00000001
026929c0
00000001
026c49c0
00000040
00000200
00000400
00000190
30000000
a0000020
00000001
02654000
00000001
026c4a00
00000040
00000200
00000400
00000190
30000000
a0000020
00000001
02654040
00000001
026c4a40
00000040
00000200
00000400
00000190
30000000
a0000020
00000001
02654080
00000001
026c4a80
00000040
00000200
00000400
00000190
30000000
a0000020
00000001
026540c0
00000001
026c4ac0
00000040
00000200
00000400
00000190
30000000
a0000020
00000001
02654100
00000001
026c4b00
00000040
00000200
00000400
00000190
30000000
a0000020
00000001
02654140
00000001
026c4b40
00000040
00000200
00000400
00000190
30000000
a0000020
00000001
02654180
00000001
026c4b80
00000040
00000200
00000400
00000190
30000000
a0000020
00000001
026541c0
00000001
026c4bc0
00000040
00000200
00000400
00000190
30000000
10000014
00000001
027c58a0
00000001
03000000
00000210
30000000
10000014
00000000
00309000
00000001
00000000
00001000
30000000
10000014
00000000
0030a000
00000001
00080000
00001000
30000000
10000014
00000000
0030b000
00000001
00100000
00001000
30000000
10000014
00000000
0030c000
00000001
00180000
00001000
30000000
20000030
00000003
006c4800
00000000
00000100
00000014
00000014
00000000
00000000
00654000
00000000
00000000
00000000
40000000
20000030
00000007
00654000
00000000
00000100
00000014
00000014
00000000
00000000
00340000
01011100
00000014
00000014
40000000
10000014
00000001
02340000
00000001
00004000
00019000
30000000
10000014
00000001
02340000
00000001
00084000
00019000
30000000
10000014
00000001
02340000
00000001
00104000
00019000
30000000
10000014
00000001
02340000
00000001
00184000
00019000
30000000
90000060
00000190
00000406
0000000f
00000000
00000400
00000010
00000004
00000000
00000000
00000000
00000000
00000000
00000000
00000000
00000000
00000000
00000000
00000000
00000000
00000000
00000000
00000000
00000000
00000000
70000000
00000000
00000000
00000000
00000000
00000000
00000000
00000000
00000000
00000000
00000000
00000000
00000000
00000000
00000000
00000000
00000000
10000014
00000001
01000000
00000001
02340000
00006400
30000000
10000014
00000001
01040000
00000001
02346400
00006400
30000000
10000014
00000001
01080000
00000001
0234c800
00006400
30000000
10000014
00000001
010c0000
00000001
02352c00
00006400
30000000
21000030
00000001
00340000
00000000
00000010
00000014
00000014
00000110
00000010
00000000
00000040
00000000
00000000
40000000
21000030
00000001
00346400
00000000
00000010
00000014
00000014
00000150
00000050
00000040
00000040
00000000
00000000
40000000
21000030
00000001
0034c800
00000000
00000010
00000014
00000014
00000190
00000090
00000080
00000040
00000000
00000000
40000000
21000030
00000001
00352c00
00000000
00000010
00000014
00000014
000001d0
000000d0
000000c0
00000040
00000000
00000000
40000000
10000014
00000001
027c5ab0
00000001
03000000
00000210
30000000
10000014
00000000
0030d000
00000001
00000000
00000400
30000000
10000014
00000000
0030d400
00000001
00080000
00000400
30000000
10000014
00000000
0030d800
00000001
00100000
00000400
30000000
10000014
00000000
0030dc00
00000001
00180000
00000400
30000000
20000030
00000003
00000000
00000000
00000040
00000014
00000014
00000000
00000000
00000000
00000000
00000000
00000000
40000000
20000030
00000007
00000000
00000000
00000040
00000014
00000014
00000000
00000000
00340000
01011100
00000014
00000014
40000000
10000014
00000001
02340000
00000001
00001000
00006400
30000000
10000014
00000001
02340000
00000001
00081000
00006400
30000000
10000014
00000001
02340000
00000001
00101000
00006400
30000000
10000014
00000001
02340000
00000001
00181000
00006400
30000000
90000060
00000190
00000106
0000000f
00000000
00000100
00000004
00000004
00000000
00000000
00000000
00000000
00000000
00000000
00000000
00000000
00000000
00000000
00000000
00000000
00000000
00000000
00000000
00000000
00000000
70000000
00000000
00000000
00000000
00000000
00000000
00000000
00000000
00000000
00000000
00000000
00000000
00000000
00000000
00000000
00000000
00000000
10000014
00000001
01000000
00000001
02340000
00006400
30000000
10000014
00000001
01040000
00000001
02346400
00006400
30000000
10000014
00000001
01080000
00000001
0234c800
00006400
30000000
10000014
00000001
010c0000
00000001
02352c00
00006400
30000000
21000030
00000001
00340000
00000000
00000010
00000014
00000014
00000110
00000010
001a0000
00000040
00000000
00000000
40000000
21000030
00000001
00346400
00000000
00000010
00000014
00000014
00000150
00000050
001a0040
00000040
00000000
00000000
40000000
21000030
00000001
0034c800
00000000
00000010
00000014
00000014
00000190
00000090
001a0080
00000040
00000000
00000000
40000000
21000030
00000001
00352c00
00000000
00000010
00000014
00000014
000001d0
000000d0
001a00c0
00000040
00000000
00000000
40000000
10000014
00000001
027c5cc0
00000001
03000000
00000210
30000000
10000014
00000000
0030e000
00000001
00000000
00002400
30000000
10000014
00000000
00310400
00000001
00080000
00002400
30000000
10000014
00000000
00312800
00000001
00100000
00002400
30000000
10000014
00000000
00314c00
00000001
00180000
00002400
30000000
20000030
00000003
001a0000
00000000
00000040
00000014
00000014
00000000
00000000
001a0000
00000000
00000000
00000000
40000000
20000030
00000007
001a0000
00000000
00000040
00000014
00000014
00000000
00000000
00340000
03031111
00000014
00000014
40000000
10000014
00000001
02340000
00000001
00009000
00038400
30000000
10000014
00000001
02340000
00000001
00089000
00038400
30000000
10000014
00000001
02340000
00000001
00109000
00038400
30000000
10000014
00000001
02340000
00000001
00189000
00038400
30000000
90000060
00000190
00000906
0000000f
00000000
00000900
00000024
00000004
00000000
00000000
00000000
00000000
00000000
00000000
00000000
00000000
00000000
00000000
00000000
00000000
00000000
00000000
00000000
00000000
00000000
70000000
00000000
00000000
00000000
00000000
00000000
00000000
00000000
00000000
00000000
00000000
00000000
00000000
00000000
00000000
00000000
00000000
10000014
00000001
01000000
00000001
02340000
00006400
30000000
10000014
00000001
01040000
00000001
02346400
00006400
30000000
10000014
00000001
01080000
00000001
0234c800
00006400
30000000
10000014
00000001
010c0000
00000001
02352c00
00006400
30000000
21000030
00000001
00340000
00000000
00000010
00000014
00000014
00000110
00000010
00654000
00000040
00000000
00000000
40000000
21000030
00000001
00346400
00000000
00000010
00000014
00000014
00000150
00000050
00654040
00000040
00000000
00000000
40000000
21000030
00000001
0034c800
00000000
00000010
00000014
00000014
00000190
00000090
00654080
00000040
00000000
00000000
40000000
21000030
00000001
00352c00
00000000
00000010
00000014
00000014
000001d0
000000d0
006540c0
00000040
00000000
00000000
40000000
10000014
00000001
027c5ed0
00000001
03000000
00000210
30000000
10000014
00000000
00317000
00000001
00000000
00001000
30000000
10000014
00000000
00318000
00000001
00080000
00001000
30000000
10000014
00000000
00319000
00000001
00100000
00001000
30000000
10000014
00000000
0031a000
00000001
00180000
00001000
30000000
20000030
00000003
006c4800
00000000
00000100
00000014
00000014
00000000
00000000
00000000
00000000
00000000
00000000
40000000
20000030
00000007
00000000
00000000
00000100
00000014
00000014
00000000
00000000
00340000
01011100
00000014
00000014
40000000
10000014
00000001
02340000
00000001
00004000
00019000
30000000
10000014
00000001
02340000
00000001
00084000
00019000
30000000
10000014
00000001
02340000
00000001
00104000
00019000
30000000
10000014
00000001
02340000
00000001
00184000
00019000
30000000
90000060
00000190
00000406
0000000f
00000000
00000400
00000010
00000004
00000000
00000000
00000000
00000000
00000000
00000000
00000000
00000000
00000000
00000000
00000000
00000000
00000000
00000000
00000000
00000000
00000000
70000000
00000000
00000000
00000000
00000000
00000000
00000000
00000000
00000000
00000000
00000000
00000000
00000000
00000000
00000000
00000000
00000000
10000014
00000001
01000000
00000001
02340000
00006400
30000000
10000014
00000001
01040000
00000001
02346400
00006400
30000000
10000014
00000001
01080000
00000001
0234c800
00006400
30000000
10000014
00000001
010c0000
00000001
02352c00
00006400
30000000
21000030
00000001
00340000
00000000
00000010
00000014
00000014
00000110
00000010
0066d000
00000040
00000000
00000000
40000000
21000030
00000001
00346400
00000000
00000010
00000014
00000014
00000150
00000050
0066d040
00000040
00000000
00000000
40000000
21000030
00000001
0034c800
00000000
00000010
00000014
00000014
00000190
00000090
0066d080
00000040
00000000
00000000
40000000
21000030
00000001
00352c00
00000000
00000010
00000014
00000014
000001d0
000000d0
0066d0c0
00000040
00000000
00000000
40000000
a0000020
00000001
02654000
00000001
02000000
00000040
00000100
00000200
00000190
30000000
a0000020
00000001
02654040
00000001
02000040
00000040
00000100
00000200
00000190
30000000
a0000020
00000001
02654080
00000001
02000080
00000040
00000100
00000200
00000190
30000000
a0000020
00000001
026540c0
00000001
020000c0
00000040
00000100
00000200
00000190
30000000
a0000020
00000001
0266d000
00000001
02000100
00000040
00000100
00000200
00000190
30000000
a0000020
00000001
0266d040
00000001
02000140
00000040
00000100
00000200
00000190
30000000
a0000020
00000001
0266d080
00000001
02000180
00000040
00000100
00000200
00000190
30000000
a0000020
00000001
0266d0c0
00000001
020001c0
00000040
00000100
00000200
00000190
30000000
10000014
00000001
027c60e0
00000001
03000000
00000410
30000000
10000014
00000000
0031b000
00000001
00000000
00000800
30000000
10000014
00000000
0031b800
00000001
00080000
00000800
30000000
10000014
00000000
0031c000
00000001
00100000
00000800
30000000
10000014
00000000
0031c800
00000001
00180000
00000800
30000000
10000014
00000000
0031d000
00000001
00200000
00000800
30000000
10000014
00000000
0031d800
00000001
00280000
00000800
30000000
10000014
00000000
0031e000
00000001
00300000
00000800
30000000
10000014
00000000
0031e800
00000001
00380000
00000800
30000000
20000030
00000003
00000000
00000000
00000080
00000014
00000014
00000000
00000000
00000000
00000000
00000000
00000000
40000000
20000030
00000007
00000000
00000000
00000080
00000014
00000014
00000000
00000000
00340000
01011100
00000014
00000014
40000000
10000014
00000001
02340000
00000001
00004000
0000c800
30000000
10000014
00000001
02340000
00000001
00084000
0000c800
30000000
10000014
00000001
02340000
00000001
00104000
0000c800
30000000
10000014
00000001
02340000
00000001
00184000
0000c800
30000000
10000014
00000001
02340000
00000001
00204000
0000c800
30000000
10000014
00000001
02340000
00000001
00284000
0000c800
30000000
10000014
00000001
02340000
00000001
00304000
0000c800
30000000
10000014
00000001
02340000
00000001
00384000
0000c800
30000000
90000060
00000190
00000206
000000ff
00000000
00000400
00000008
00000004
00000000
00000000
00000000
00000000
00000000
00000000
00000000
00000000
00000000
00000000
00000000
00000000
00000000
00000000
00000000
00000000
00000000
70000000
00000000
00000000
00000000
00000000
00000000
00000000
00000000
00000000
00000000
00000000
00000000
00000000
00000000
00000000
00000000
00000000
10000014
00000001
01000000
00000001
02340000
00006400
30000000
10000014
00000001
01040000
00000001
02346400
00006400
30000000
10000014
00000001
01080000
00000001
0234c800
00006400
30000000
10000014
00000001
010c0000
00000001
02352c00
00006400
30000000
10000014
00000001
01100000
00000001
02359000
00006400
30000000
10000014
00000001
01140000
00000001
0235f400
00006400
30000000
10000014
00000001
01180000
00000001
02365800
00006400
30000000
10000014
00000001
011c0000
00000001
0236bc00
00006400
30000000
21000030
00000001
00340000
00000000
00000010
00000014
00000014
00000210
00000010
001a0000
00000080
00000000
00000000
40000000
21000030
00000001
00346400
00000000
00000010
00000014
00000014
00000250
00000050
001a0040
00000080
00000000
00000000
40000000
21000030
00000001
0034c800
00000000
00000010
00000014
00000014
00000290
00000090
001a0080
00000080
00000000
00000000
40000000
21000030
00000001
00352c00
00000000
00000010
00000014
00000014
000002d0
000000d0
001a00c0
00000080
00000000
00000000
40000000
21000030
00000001
00359000
00000000
00000010
00000014
00000014
00000310
00000110
001a0100
00000080
00000000
00000000
40000000
21000030
00000001
0035f400
00000000
00000010
00000014
00000014
00000350
00000150
001a0140
00000080
00000000
00000000
40000000
21000030
00000001
00365800
00000000
00000010
00000014
00000014
00000390
00000190
001a0180
00000080
00000000
00000000
40000000
21000030
00000001
0036bc00
00000000
00000010
00000014
00000014
000003d0
000001d0
001a01c0
00000080
00000000
00000000
40000000
10000014
00000001
027c64f0
00000001
03000000
00000210
30000000
10000014
00000000
0031f000
00000001
00000000
00000800
30000000
10000014
00000000
0031f800
00000001
00080000
00000800
30000000
10000014
00000000
00320000
00000001
00100000
00000800
30000000
10000014
00000000
00320800
00000001
00180000
00000800
30000000
20000030
00000003
001a0000
00000000
00000080
00000014
00000014
00000000
00000000
001a0000
00000000
00000000
00000000
40000000
20000030
00000007
001a0000
00000000
00000080
00000014
00000014
00000000
00000000
00340000
01011100
00000014
00000014
40000000
10000014
00000001
02340000
00000001
00002000
0000c800
30000000
10000014
00000001
02340000
00000001
00082000
0000c800
30000000
10000014
00000001
02340000
00000001
00102000
0000c800
30000000
10000014
00000001
02340000
00000001
00182000
0000c800
30000000
90000060
00000190
00000206
0000000f
00000000
00000200
00000008
00000004
00000000
00000000
00000000
00000000
00000000
00000000
00000000
00000000
00000000
00000000
00000000
00000000
00000000
00000000
00000000
00000000
00000000
70000000
00000000
00000000
00000000
00000000
00000000
00000000
00000000
00000000
00000000
00000000
00000000
00000000
00000000
00000000
00000000
00000000
10000014
00000001
01000000
00000001
02340000
00006400
30000000
10000014
00000001
01040000
00000001
02346400
00006400
30000000
10000014
00000001
01080000
00000001
0234c800
00006400
30000000
10000014
00000001
010c0000
00000001
02352c00
00006400
30000000
21000030
00000001
00340000
00000000
00000010
00000014
00000014
00000110
00000010
00654000
00000040
00000000
00000000
40000000
21000030
00000001
00346400
00000000
00000010
00000014
00000014
00000150
00000050
00654040
00000040
00000000
00000000
40000000
21000030
00000001
0034c800
00000000
00000010
00000014
00000014
00000190
00000090
00654080
00000040
00000000
00000000
40000000
21000030
00000001
00352c00
00000000
00000010
00000014
00000014
000001d0
000000d0
006540c0
00000040
00000000
00000000
40000000
20000030
00000005
00654000
00000000
00000040
00000014
00000014
00000000
00000000
00692800
00000000
00000000
00000000
40000000
a0000020
00000001
02692800
00000001
026f6800
00000040
00000100
00000200
00000640
30000000
a0000020
00000001
02692840
00000001
026f6840
00000040
00000100
00000200
00000640
30000000
a0000020
00000001
02692880
00000001
026f6880
00000040
00000100
00000200
00000640
30000000
a0000020
00000001
026928c0
00000001
026f68c0
00000040
00000100
00000200
00000640
30000000
a0000020
00000001
025f0000
00000001
026f6900
00000040
00000100
00000200
00000640
30000000
a0000020
00000001
025f0040
00000001
026f6940
00000040
00000100
00000200
00000640
30000000
a0000020
00000001
025f0080
00000001
026f6980
00000040
00000100
00000200
00000640
30000000
a0000020
00000001
025f00c0
00000001
026f69c0
00000040
00000100
00000200
00000640
30000000
10000014
00000001
027c6700
00000001
03000000
00000110
30000000
10000014
00000000
00321000
00000001
00000000
00000800
30000000
10000014
00000000
00321800
00000001
00080000
00000800
30000000
20000030
00000003
006f6800
00000000
00000080
00000028
00000028
00000000
00000000
005f0000
00000000
00000000
00000000
40000000
20000030
00000007
005f0000
00000000
00000080
00000028
00000028
00000000
00000000
00340000
01011100
00000028
00000028
40000000
10000014
00000001
02340000
00000001
00001000
00032000
30000000
10000014
00000001
02340000
00000001
00081000
00032000
30000000
90000060
00000640
00000206
00000003
00000000
00000100
00000008
00000004
00000000
00000000
00000000
00000000
00000000
00000000
00000000
00000000
00000000
00000000
00000000
00000000
00000000
00000000
00000000
00000000
00000000
70000000
00000000
00000000
00000000
00000000
00000000
00000000
00000000
00000000
00000000
00000000
00000000
00000000
00000000
00000000
00000000
00000000
10000014
00000001
01000000
00000001
02340000
00019000
30000000
10000014
00000001
01040000
00000001
02359000
00019000
30000000
21000030
00000001
00340000
00000000
00000010
00000028
00000028
00000090
00000010
00000000
00000020
00000000
00000000
40000000
21000030
00000001
00359000
00000000
00000010
00000028
00000028
000000d0
00000050
00000040
00000020
00000000
00000000
40000000
10000014
00000001
027c6810
00000001
03000000
00000110
30000000
10000014
00000000
00322000
00000001
00000000
00000400
30000000
10000014
00000000
00322400
00000001
00080000
00000400
30000000
20000030
00000003
00000000
00000000
00000020
00000028
00000028
00000000
00000000
00000000
00000000
00000000
00000000
40000000
20000030
00000007
00000000
00000000
00000020
00000028
00000028
00000000
00000000
00340000
01011100
00000028
00000028
40000000
10000014
00000001
02340000
00000001
00000800
00019000
30000000
10000014
00000001
02340000
00000001
00080800
00019000
30000000
90000060
00000640
00000106
00000003
00000000
00000080
00000004
00000004
00000000
00000000
00000000
00000000
00000000
00000000
00000000
00000000
00000000
00000000
00000000
00000000
00000000
00000000
00000000
00000000
00000000
70000000
00000000
00000000
00000000
00000000
00000000
00000000
00000000
00000000
00000000
00000000
00000000
00000000
00000000
00000000
00000000
00000000
10000014
00000001
01000000
00000001
02340000
00019000
30000000
10000014
00000001
01040000
00000001
02359000
00019000
30000000
21000030
00000001
00340000
00000000
00000010
00000028
00000028
00000090
00000010
001a0000
00000020
00000000
00000000
40000000
21000030
00000001
00359000
00000000
00000010
00000028
00000028
000000d0
00000050
001a0040
00000020
00000000
00000000
40000000
10000014
00000001
027c6920
00000001
03000000
00000110
30000000
10000014
00000000
00322800
00000001
00000000
00001400
30000000
10000014
00000000
00323c00
00000001
00080000
00001400
30000000
20000030
00000003
001a0000
00000000
00000020
00000028
00000028
00000000
00000000
001a0000
00000000
00000000
00000000
40000000
20000030
00000007
001a0000
00000000
00000020
00000028
00000028
00000000
00000000
00340000
03031111
00000028
00000028
40000000
10000014
00000001
02340000
00000001
00002800
0007d000
30000000
10000014
00000001
02340000
00000001
00082800
0007d000
30000000
90000060
00000640
00000506
00000003
00000000
00000280
00000014
00000004
00000000
00000000
00000000
00000000
00000000
00000000
00000000
00000000
00000000
00000000
00000000
00000000
00000000
00000000
00000000
00000000
00000000
70000000
00000000
00000000
00000000
00000000
00000000
00000000
00000000
00000000
00000000
00000000
00000000
00000000
00000000
00000000
00000000
00000000
10000014
00000001
01000000
00000001
02340000
00019000
30000000
10000014
00000001
01040000
00000001
02359000
00019000
30000000
21000030
00000001
00340000
00000000
00000010
00000028
00000028
00000090
00000010
005f0000
00000020
00000000
00000000
40000000
21000030
00000001
00359000
00000000
00000010
00000028
00000028
000000d0
00000050
005f0040
00000020
00000000
00000000
40000000
10000014
00000001
027c6a30
00000001
03000000
00000110
30000000
10000014
00000000
00325000
00000001
00000000
00000800
30000000
10000014
00000000
00325800
00000001
00080000
00000800
30000000
20000030
00000003
006f6800
00000000
00000080
00000028
00000028
00000000
00000000
00000000
00000000
00000000
00000000
40000000
20000030
00000007
00000000
00000000
00000080
00000028
00000028
00000000
00000000
00340000
01011100
00000028
00000028
40000000
10000014
00000001
02340000
00000001
00001000
00032000
30000000
10000014
00000001
02340000
00000001
00081000
00032000
30000000
90000060
00000640
00000206
00000003
00000000
00000100
00000008
00000004
00000000
00000000
00000000
00000000
00000000
00000000
00000000
00000000
00000000
00000000
00000000
00000000
00000000
00000000
00000000
00000000
00000000
70000000
00000000
00000000
00000000
00000000
00000000
00000000
00000000
00000000
00000000
00000000
00000000
00000000
00000000
00000000
00000000
00000000
10000014
00000001
01000000
00000001
02340000
00019000
30000000
10000014
00000001
01040000
00000001
02359000
00019000
30000000
21000030
00000001
00340000
00000000
00000010
00000028
00000028
00000090
00000010
00622000
00000020
00000000
00000000
40000000
21000030
00000001
00359000
00000000
00000010
00000028
00000028
000000d0
00000050
00622040
00000020
00000000
00000000
40000000
a0000020
00000001
025f0000
00000001
02000000
00000040
00000080
00000100
00000640
30000000
a0000020
00000001
025f0040
00000001
02000040
00000040
00000080
00000100
00000640
30000000
a0000020
00000001
02622000
00000001
02000080
00000040
00000080
00000100
00000640
30000000
a0000020
00000001
02622040
00000001
020000c0
00000040
00000080
00000100
00000640
30000000
10000014
00000001
027c6b40
00000001
03000000
00000210
30000000
10000014
00000000
00326000
00000001
00000000
00000400
30000000
10000014
00000000
00326400
00000001
00080000
00000400
30000000
10000014
00000000
00326800
00000001
00100000
00000400
30000000
10000014
00000000
00326c00
00000001
00180000
00000400
30000000
20000030
00000003
00000000
00000000
00000040
00000028
00000028
00000000
00000000
00000000
00000000
00000000
00000000
40000000
20000030
00000007
00000000
00000000
00000040
00000028
00000028
00000000
00000000
00340000
01011100
00000028
00000028
40000000
10000014
00000001
02340000
00000001
00001000
00019000
30000000
10000014
00000001
02340000
00000001
00081000
00019000
30000000
10000014
00000001
02340000
00000001
00101000
00019000
30000000
10000014
00000001
02340000
00000001
00181000
00019000
30000000
90000060
00000640
00000106
0000000f
00000000
00000100
00000004
00000004
00000000
00000000
00000000
00000000
00000000
00000000
00000000
00000000
00000000
00000000
00000000
00000000
00000000
00000000
00000000
00000000
00000000
70000000
00000000
00000000
00000000
00000000
00000000
00000000
00000000
00000000
00000000
00000000
00000000
00000000
00000000
00000000
00000000
00000000
10000014
00000001
01000000
00000001
02340000
00019000
30000000
10000014
00000001
01040000
00000001
02359000
00019000
30000000
10000014
00000001
01080000
00000001
02372000
00019000
30000000
10000014
00000001
010c0000
00000001
0238b000
00019000
30000000
21000030
00000001
00340000
00000000
00000010
00000028
00000028
00000110
00000010
005f0000
00000040
00000000
00000000
40000000
21000030
00000001
00359000
00000000
00000010
00000028
00000028
00000150
00000050
005f0040
00000040
00000000
00000000
40000000
21000030
00000001
00372000
00000000
00000010
00000028
00000028
00000190
00000090
005f0080
00000040
00000000
00000000
40000000
21000030
00000001
0038b000
00000000
00000010
00000028
00000028
000001d0
000000d0
005f00c0
00000040
00000000
00000000
40000000
10000014
00000001
027c6d50
00000001
03000000
00000210
30000000
10000014
00000000
00327000
00000001
00000000
00002400
30000000
10000014
00000000
00329400
00000001
00080000
00002400
30000000
10000014
00000000
0032b800
00000001
00100000
00002400
30000000
10000014
00000000
0032dc00
00000001
00180000
00002400
30000000
20000030
00000003
005f0000
00000000
00000040
00000028
00000028
00000000
00000000
00000000
00000000
00000000
00000000
40000000
20000030
00000007
00000000
00000000
00000040
00000028
00000028
00000000
00000000
00340000
03032211
00000014
00000014
40000000
10000014
00000001
02340000
00000001
00009000
00038400
30000000
10000014
00000001
02340000
00000001
00089000
00038400
30000000
10000014
00000001
02340000
00000001
00109000
00038400
30000000
10000014
00000001
02340000
00000001
00189000
00038400
30000000
90000060
00000190
00000906
0000000f
00000000
00000900
00000024
00000004
00000000
00000000
00000000
00000000
00000000
00000000
00000000
00000000
00000000
00000000
00000000
00000000
00000000
00000000
00000000
00000000
00000000
70000000
00000000
00000000
00000000
00000000
00000000
00000000
00000000
00000000
00000000
00000000
00000000
00000000
00000000
00000000
00000000
00000000
10000014
00000001
01000000
00000001
02340000
00006400
30000000
10000014
00000001
01040000
00000001
02346400
00006400
30000000
10000014
00000001
01080000
00000001
0234c800
00006400
30000000
10000014
00000001
010c0000
00000001
02352c00
00006400
30000000
21000030
00000001
00340000
00000000
00000010
00000014
00000014
00000110
00000010
0066d000
00000040
00000000
00000000
40000000
21000030
00000001
00346400
00000000
00000010
00000014
00000014
00000150
00000050
0066d040
00000040
00000000
00000000
40000000
21000030
00000001
0034c800
00000000
00000010
00000014
00000014
00000190
00000090
0066d080
00000040
00000000
00000000
40000000
21000030
00000001
00352c00
00000000
00000010
00000014
00000014
000001d0
000000d0
0066d0c0
00000040
00000000
00000000
40000000
a0000020
00000001
0266d000
00000001
02692800
00000040
00000100
00000200
00000190
30000000
a0000020
00000001
0266d040
00000001
02692840
00000040
00000100
00000200
00000190
30000000
a0000020
00000001
0266d080
00000001
02692880
00000040
00000100
00000200
00000190
30000000
a0000020
00000001
0266d0c0
00000001
026928c0
00000040
00000100
00000200
00000190
30000000
a0000020
00000001
02654000
00000001
02692900
00000040
00000100
00000200
00000190
30000000
a0000020
00000001
02654040
00000001
02692940
00000040
00000100
00000200
00000190
30000000
a0000020
00000001
02654080
00000001
02692980
00000040
00000100
00000200
00000190
30000000
a0000020
00000001
026540c0
00000001
026929c0
00000040
00000100
00000200
00000190
30000000
10000014
00000001
027c6f60
00000001
03000000
00000210
30000000
10000014
00000000
00330000
00000001
00000000
00000800
30000000
10000014
00000000
00330800
00000001
00080000
00000800
30000000
10000014
00000000
00331000
00000001
00100000
00000800
30000000
10000014
00000000
00331800
00000001
00180000
00000800
30000000
20000030
00000003
00692800
00000000
00000080
00000014
00000014
00000000
00000000
00654000
00000000
00000000
00000000
40000000
20000030
00000007
00654000
00000000
00000080
00000014
00000014
00000000
00000000
00340000
01011100
00000014
00000014
40000000
10000014
00000001
02340000
00000001
00002000
0000c800
30000000
10000014
00000001
02340000
00000001
00082000
0000c800
30000000
10000014
00000001
02340000
00000001
00102000
0000c800
30000000
10000014
00000001
02340000
00000001
00182000
0000c800
30000000
90000060
00000190
00000206
0000000f
00000000
00000200
00000008
00000004
00000000
00000000
00000000
00000000
00000000
00000000
00000000
00000000
00000000
00000000
00000000
00000000
00000000
00000000
00000000
00000000
00000000
70000000
00000000
00000000
00000000
00000000
00000000
00000000
00000000
00000000
00000000
00000000
00000000
00000000
00000000
00000000
00000000
00000000
10000014
00000001
01000000
00000001
02340000
00006400
30000000
10000014
00000001
01040000
00000001
02346400
00006400
30000000
10000014
00000001
01080000
00000001
0234c800
00006400
30000000
10000014
00000001
010c0000
00000001
02352c00
00006400
30000000
21000030
00000001
00340000
00000000
00000010
00000014
00000014
00000110
00000010
00000000
00000040
00000000
00000000
40000000
21000030
00000001
00346400
00000000
00000010
00000014
00000014
00000150
00000050
00000040
00000040
00000000
00000000
40000000
21000030
00000001
0034c800
00000000
00000010
00000014
00000014
00000190
00000090
00000080
00000040
00000000
00000000
40000000
21000030
00000001
00352c00
00000000
00000010
00000014
00000014
000001d0
000000d0
000000c0
00000040
00000000
00000000
40000000
10000014
00000001
027c7170
00000001
03000000
00000210
30000000
10000014
00000000
00332000
00000001
00000000
00000400
30000000
10000014
00000000
00332400
00000001
00080000
00000400
30000000
10000014
00000000
00332800
00000001
00100000
00000400
30000000
10000014
00000000
00332c00
00000001
00180000
00000400
30000000
20000030
00000003
00000000
00000000
00000040
00000014
00000014
00000000
00000000
00000000
00000000
00000000
00000000
40000000
20000030
00000007
00000000
00000000
00000040
00000014
00000014
00000000
00000000
00340000
01011100
00000014
00000014
40000000
10000014
00000001
02340000
00000001
00001000
00006400
30000000
10000014
00000001
02340000
00000001
00081000
00006400
30000000
10000014
00000001
02340000
00000001
00101000
00006400
30000000
10000014
00000001
02340000
00000001
00181000
00006400
30000000
90000060
00000190
00000106
0000000f
00000000
00000100
00000004
00000004
00000000
00000000
00000000
00000000
00000000
00000000
00000000
00000000
00000000
00000000
00000000
00000000
00000000
00000000
00000000
00000000
00000000
70000000
00000000
00000000
00000000
00000000
00000000
00000000
00000000
00000000
00000000
00000000
00000000
00000000
00000000
00000000
00000000
00000000
10000014
00000001
01000000
00000001
02340000
00006400
30000000
10000014
00000001
01040000
00000001
02346400
00006400
30000000
10000014
00000001
01080000
00000001
0234c800
00006400
30000000
10000014
00000001
010c0000
00000001
02352c00
00006400
30000000
21000030
00000001
00340000
00000000
00000010
00000014
00000014
00000110
00000010
001a0000
00000040
00000000
00000000
40000000
21000030
00000001
00346400
00000000
00000010
00000014
00000014
00000150
00000050
001a0040
00000040
00000000
00000000
40000000
21000030
00000001
0034c800
00000000
00000010
00000014
00000014
00000190
00000090
001a0080
00000040
00000000
00000000
40000000
21000030
00000001
00352c00
00000000
00000010
00000014
00000014
000001d0
000000d0
001a00c0
00000040
00000000
00000000
40000000
10000014
00000001
027c7380
00000001
03000000
00000210
30000000
10000014
00000000
00333000
00000001
00000000
00002400
30000000
10000014
00000000
00335400
00000001
00080000
00002400
30000000
10000014
00000000
00337800
00000001
00100000
00002400
30000000
10000014
00000000
00339c00
00000001
00180000
00002400
30000000
20000030
00000003
001a0000
00000000
00000040
00000014
00000014
00000000
00000000
001a0000
00000000
00000000
00000000
40000000
20000030
00000007
001a0000
00000000
00000040
00000014
00000014
00000000
00000000
00340000
03031111
00000014
00000014
40000000
10000014
00000001
02340000
00000001
00009000
00038400
30000000
10000014
00000001
02340000
00000001
00089000
00038400
30000000
10000014
00000001
02340000
00000001
00109000
00038400
30000000
10000014
00000001
02340000
00000001
00189000
00038400
30000000
90000060
00000190
00000906
0000000f
00000000
00000900
00000024
00000004
00000000
00000000
00000000
00000000
00000000
00000000
00000000
00000000
00000000
00000000
00000000
00000000
00000000
00000000
00000000
00000000
00000000
70000000
00000000
00000000
00000000
00000000
00000000
00000000
00000000
00000000
00000000
00000000
00000000
00000000
00000000
00000000
00000000
00000000
10000014
00000001
01000000
00000001
02340000
00006400
30000000
10000014
00000001
01040000
00000001
02346400
00006400
30000000
10000014
00000001
01080000
00000001
0234c800
00006400
30000000
10000014
00000001
010c0000
00000001
02352c00
00006400
30000000
21000030
00000001
00340000
00000000
00000010
00000014
00000014
00000110
00000010
00654000
00000040
00000000
00000000
40000000
21000030
00000001
00346400
00000000
00000010
00000014
00000014
00000150
00000050
00654040
00000040
00000000
00000000
40000000
21000030
00000001
0034c800
00000000
00000010
00000014
00000014
00000190
00000090
00654080
00000040
00000000
00000000
40000000
21000030
00000001
00352c00
00000000
00000010
00000014
00000014
000001d0
000000d0
006540c0
00000040
00000000
00000000
40000000
10000014
00000001
027c7590
00000001
03000000
00000210
30000000
10000014
00000000
0033c000
00000001
00000000
00000800
30000000
10000014
00000000
0033c800
00000001
00080000
00000800
30000000
10000014
00000000
0033d000
00000001
00100000
00000800
30000000
10000014
00000000
0033d800
00000001
00180000
00000800
30000000
20000030
00000003
00692800
00000000
00000080
00000014
00000014
00000000
00000000
00000000
00000000
00000000
00000000
40000000
20000030
00000007
00000000
00000000
00000080
00000014
00000014
00000000
00000000
00340000
01011100
00000014
00000014
40000000
10000014
00000001
02340000
00000001
00002000
0000c800
30000000
10000014
00000001
02340000
00000001
00082000
0000c800
30000000
10000014
00000001
02340000
00000001
00102000
0000c800
30000000
10000014
00000001
02340000
00000001
00182000
0000c800
30000000
90000060
00000190
00000206
0000000f
00000000
00000200
00000008
00000004
00000000
00000000
00000000
00000000
00000000
00000000
00000000
00000000
00000000
00000000
00000000
00000000
00000000
00000000
00000000
00000000
00000000
70000000
00000000
00000000
00000000
00000000
00000000
00000000
00000000
00000000
00000000
00000000
00000000
00000000
00000000
00000000
00000000
00000000
10000014
00000001
01000000
00000001
02340000
00006400
30000000
10000014
00000001
01040000
00000001
02346400
00006400
30000000
10000014
00000001
01080000
00000001
0234c800
00006400
30000000
10000014
00000001
010c0000
00000001
02352c00
00006400
30000000
21000030
00000001
00340000
00000000
00000010
00000014
00000014
00000110
00000010
0066d000
00000040
00000000
00000000
40000000
21000030
00000001
00346400
00000000
00000010
00000014
00000014
00000150
00000050
0066d040
00000040
00000000
00000000
40000000
21000030
00000001
0034c800
00000000
00000010
00000014
00000014
00000190
00000090
0066d080
00000040
00000000
00000000
40000000
21000030
00000001
00352c00
00000000
00000010
00000014
00000014
000001d0
000000d0
0066d0c0
00000040
00000000
00000000
40000000
a0000020
00000001
02654000
00000001
02000000
00000040
00000100
00000200
00000190
30000000
a0000020
00000001
02654040
00000001
02000040
00000040
00000100
00000200
00000190
30000000
a0000020
00000001
02654080
00000001
02000080
00000040
00000100
00000200
00000190
30000000
a0000020
00000001
026540c0
00000001
020000c0
00000040
00000100
00000200
00000190
30000000
a0000020
00000001
0266d000
00000001
02000100
00000040
00000100
00000200
00000190
30000000
a0000020
00000001
0266d040
00000001
02000140
00000040
00000100
00000200
00000190
30000000
a0000020
00000001
0266d080
00000001
02000180
00000040
00000100
00000200
00000190
30000000
a0000020
00000001
0266d0c0
00000001
020001c0
00000040
00000100
00000200
00000190
30000000
10000014
00000001
027c77a0
00000001
03000000
00000410
30000000
10000014
00000000
0033e000
00000001
00000000
00000800
30000000
10000014
00000000
0033e800
00000001
00080000
00000800
30000000
10000014
00000000
0033f000
00000001
00100000
00000800
30000000
10000014
00000000
0033f800
00000001
00180000
00000800
30000000
10000014
00000000
00340000
00000001
00200000
00000800
30000000
10000014
00000000
00340800
00000001
00280000
00000800
30000000
10000014
00000000
00341000
00000001
00300000
00000800
30000000
10000014
00000000
00341800
00000001
00380000
00000800
30000000
20000030
00000003
00000000
00000000
00000080
00000014
00000014
00000000
00000000
00000000
00000000
00000000
00000000
40000000
20000030
00000007
00000000
00000000
00000080
00000014
00000014
00000000
00000000
00340000
01011100
00000014
00000014
40000000
10000014
00000001
02340000
00000001
00004000
0000c800
30000000
10000014
00000001
02340000
00000001
00084000
0000c800
30000000
10000014
00000001
02340000
00000001
00104000
0000c800
30000000
10000014
00000001
02340000
00000001
00184000
0000c800
30000000
10000014
00000001
02340000
00000001
00204000
0000c800
30000000
10000014
00000001
02340000
00000001
00284000
0000c800
30000000
10000014
00000001
02340000
00000001
00304000
0000c800
30000000
10000014
00000001
02340000
00000001
00384000
0000c800
30000000
90000060
00000190
00000206
000000ff
00000000
00000400
00000008
00000004
00000000
00000000
00000000
00000000
00000000
00000000
00000000
00000000
00000000
00000000
00000000
00000000
00000000
00000000
00000000
00000000
00000000
70000000
00000000
00000000
00000000
00000000
00000000
00000000
00000000
00000000
00000000
00000000
00000000
00000000
00000000
00000000
00000000
00000000
10000014
00000001
01000000
00000001
02340000
00006400
30000000
10000014
00000001
01040000
00000001
02346400
00006400
30000000
10000014
00000001
01080000
00000001
0234c800
00006400
30000000
10000014
00000001
010c0000
00000001
02352c00
00006400
30000000
10000014
00000001
01100000
00000001
02359000
00006400
30000000
10000014
00000001
01140000
00000001
0235f400
00006400
30000000
10000014
00000001
01180000
00000001
02365800
00006400
30000000
10000014
00000001
011c0000
00000001
0236bc00
00006400
30000000
21000030
00000001
00340000
00000000
00000010
00000014
00000014
00000210
00000010
00654000
00000080
00000000
00000000
40000000
21000030
00000001
00346400
00000000
00000010
00000014
00000014
00000250
00000050
00654040
00000080
00000000
00000000
40000000
21000030
00000001
0034c800
00000000
00000010
00000014
00000014
00000290
00000090
00654080
00000080
00000000
00000000
40000000
21000030
00000001
00352c00
00000000
00000010
00000014
00000014
000002d0
000000d0
006540c0
00000080
00000000
00000000
40000000
21000030
00000001
00359000
00000000
00000010
00000014
00000014
00000310
00000110
00654100
00000080
00000000
00000000
40000000
21000030
00000001
0035f400
00000000
00000010
00000014
00000014
00000350
00000150
00654140
00000080
00000000
00000000
40000000
21000030
00000001
00365800
00000000
00000010
00000014
00000014
00000390
00000190
00654180
00000080
00000000
00000000
40000000
21000030
00000001
0036bc00
00000000
00000010
00000014
00000014
000003d0
000001d0
006541c0
00000080
00000000
00000000
40000000
10000014
00000001
027c7bb0
00000001
03000000
00000410
30000000
10000014
00000000
00342000
00000001
00000000
00004800
30000000
10000014
00000000
00346800
00000001
00080000
00004800
30000000
10000014
00000000
0034b000
00000001
00100000
00004800
30000000
10000014
00000000
0034f800
00000001
00180000
00004800
30000000
10000014
00000000
00354000
00000001
00200000
00004800
30000000
10000014
00000000
00358800
00000001
00280000
00004800
30000000
10000014
00000000
0035d000
00000001
00300000
00004800
30000000
10000014
00000000
00361800
00000001
00380000
00004800
30000000
20000030
00000003
00654000
00000000
00000080
00000014
00000014
00000000
00000000
00000000
00000000
00000000
00000000
40000000
20000030
00000007
00000000
00000000
00000080
00000014
00000014
00000000
00000000
00340000
03032211
0000000a
0000000a
40000000
10000014
00000001
02340000
00000001
00024000
0001c200
30000000
10000014
00000001
02340000
00000001
000a4000
0001c200
30000000
10000014
00000001
02340000
00000001
00124000
0001c200
30000000
10000014
00000001
02340000
00000001
001a4000
0001c200
30000000
10000014
00000001
02340000
00000001
00224000
0001c200
30000000
10000014
00000001
02340000
00000001
002a4000
0001c200
30000000
10000014
00000001
02340000
00000001
00324000
0001c200
30000000
10000014
00000001
02340000
00000001
003a4000
0001c200
30000000
90000060
00000064
00001206
000000ff
00000000
00002400
00000048
00000004
00000000
00000000
00000000
00000000
00000000
00000000
00000000
00000000
00000000
00000000
00000000
00000000
00000000
00000000
00000000
00000000
00000000
70000000
00000000
00000000
00000000
00000000
00000000
00000000
00000000
00000000
00000000
00000000
00000000
00000000
00000000
00000000
00000000
00000000
10000014
00000001
01000000
00000001
02340000
00001900
30000000
10000014
00000001
01040000
00000001
02341900
00001900
30000000
10000014
00000001
01080000
00000001
02343200
00001900
30000000
10000014
00000001
010c0000
00000001
02344b00
00001900
30000000
10000014
00000001
01100000
00000001
02346400
00001900
30000000
10000014
00000001
01140000
00000001
02347d00
00001900
30000000
10000014
00000001
01180000
00000001
02349600
00001900
30000000
10000014
00000001
011c0000
00000001
0234af00
00001900
30000000
21000030
00000001
00340000
00000000
00000010
0000000a
0000000a
00000210
00000010
00692800
00000080
00000000
00000000
40000000
21000030
00000001
00341900
00000000
00000010
0000000a
0000000a
00000250
00000050
00692840
00000080
00000000
00000000
40000000
21000030
00000001
00343200
00000000
00000010
0000000a
0000000a
00000290
00000090
00692880
00000080
00000000
00000000
40000000
21000030
00000001
00344b00
00000000
00000010
0000000a
0000000a
000002d0
000000d0
006928c0
00000080
00000000
00000000
40000000
21000030
00000001
00346400
00000000
00000010
0000000a
0000000a
00000310
00000110
00692900
00000080
00000000
00000000
40000000
21000030
00000001
00347d00
00000000
00000010
0000000a
0000000a
00000350
00000150
00692940
00000080
00000000
00000000
40000000
21000030
00000001
00349600
00000000
00000010
0000000a
0000000a
00000390
00000190
00692980
00000080
00000000
00000000
40000000
21000030
00000001
0034af00
00000000
00000010
0000000a
0000000a
000003d0
000001d0
006929c0
00000080
00000000
00000000
40000000
a0000020
00000001
02692800
00000001
0269f000
00000040
00000200
00000400
00000064
30000000
a0000020
00000001
02692840
00000001
0269f040
00000040
00000200
00000400
00000064
30000000
a0000020
00000001
02692880
00000001
0269f080
00000040
00000200
00000400
00000064
30000000
a0000020
00000001
026928c0
00000001
0269f0c0
00000040
00000200
00000400
00000064
30000000
a0000020
00000001
02692900
00000001
0269f100
00000040
00000200
00000400
00000064
30000000
a0000020
00000001
02692940
00000001
0269f140
00000040
00000200
00000400
00000064
30000000
a0000020
00000001
02692980
00000001
0269f180
00000040
00000200
00000400
00000064
30000000
a0000020
00000001
026929c0
00000001
0269f1c0
00000040
00000200
00000400
00000064
30000000
a0000020
00000001
02686000
00000001
0269f200
00000040
00000200
00000400
00000064
30000000
a0000020
00000001
02686040
00000001
0269f240
00000040
00000200
00000400
00000064
30000000
a0000020
00000001
02686080
00000001
0269f280
00000040
00000200
00000400
00000064
30000000
a0000020
00000001
026860c0
00000001
0269f2c0
00000040
00000200
00000400
00000064
30000000
a0000020
00000001
02686100
00000001
0269f300
00000040
00000200
00000400
00000064
30000000
a0000020
00000001
02686140
00000001
0269f340
00000040
00000200
00000400
00000064
30000000
a0000020
00000001
02686180
00000001
0269f380
00000040
00000200
00000400
00000064
30000000
a0000020
00000001
026861c0
00000001
0269f3c0
00000040
00000200
00000400
00000064
30000000
10000014
00000001
027c7fc0
00000001
03000000
00000410
30000000
10000014
00000000
00366000
00000001
00000000
00001000
30000000
10000014
00000000
00367000
00000001
00080000
00001000
30000000
10000014
00000000
00368000
00000001
00100000
00001000
30000000
10000014
00000000
00369000
00000001
00180000
00001000
30000000
10000014
00000000
0036a000
00000001
00200000
00001000
30000000
10000014
00000000
0036b000
00000001
00280000
00001000
30000000
10000014
00000000
0036c000
00000001
00300000
00001000
30000000
10000014
00000000
0036d000
00000001
00380000
00001000
30000000
20000030
00000003
0069f000
00000000
00000100
0000000a
0000000a
00000000
00000000
00686000
00000000
00000000
00000000
40000000
20000030
00000007
00686000
00000000
00000100
0000000a
0000000a
00000000
00000000
00340000
01011100
0000000a
0000000a
40000000
10000014
00000001
02340000
00000001
00008000
00006400
30000000
10000014
00000001
02340000
00000001
00088000
00006400
30000000
10000014
00000001
02340000
00000001
00108000
00006400
30000000
10000014
00000001
02340000
00000001
00188000
00006400
30000000
10000014
00000001
02340000
00000001
00208000
00006400
30000000
10000014
00000001
02340000
00000001
00288000
00006400
30000000
10000014
00000001
02340000
00000001
00308000
00006400
30000000
10000014
00000001
02340000
00000001
00388000
00006400
30000000
90000060
00000064
00000406
000000ff
00000000
00000800
00000010
00000004
00000000
00000000
00000000
00000000
00000000
00000000
00000000
00000000
00000000
00000000
00000000
00000000
00000000
00000000
00000000
00000000
00000000
70000000
00000000
00000000
00000000
00000000
00000000
00000000
00000000
00000000
00000000
00000000
00000000
00000000
00000000
00000000
00000000
00000000
10000014
00000001
01000000
00000001
02340000
00001900
30000000
10000014
00000001
01040000
00000001
02341900
00001900
30000000
10000014
00000001
01080000
00000001
02343200
00001900
30000000
10000014
00000001
010c0000
00000001
02344b00
00001900
30000000
10000014
00000001
01100000
00000001
02346400
00001900
30000000
10000014
00000001
01140000
00000001
02347d00
00001900
30000000
10000014
00000001
01180000
00000001
02349600
00001900
30000000
10000014
00000001
011c0000
00000001
0234af00
00001900
30000000
21000030
00000001
00340000
00000000
00000010
0000000a
0000000a
00000210
00000010
00000000
00000080
00000000
00000000
40000000
21000030
00000001
00341900
00000000
00000010
0000000a
0000000a
00000250
00000050
00000040
00000080
00000000
00000000
40000000
21000030
00000001
00343200
00000000
00000010
0000000a
0000000a
00000290
00000090
00000080
00000080
00000000
00000000
40000000
21000030
00000001
00344b00
00000000
00000010
0000000a
0000000a
000002d0
000000d0
000000c0
00000080
00000000
00000000
40000000
21000030
00000001
00346400
00000000
00000010
0000000a
0000000a
00000310
00000110
00000100
00000080
00000000
00000000
40000000
21000030
00000001
00347d00
00000000
00000010
0000000a
0000000a
00000350
00000150
00000140
00000080
00000000
00000000
40000000
21000030
00000001
00349600
00000000
00000010
0000000a
0000000a
00000390
00000190
00000180
00000080
00000000
00000000
40000000
21000030
00000001
0034af00
00000000
00000010
0000000a
0000000a
000003d0
000001d0
000001c0
00000080
00000000
00000000
40000000
10000014
00000001
027c83d0
00000001
03000000
00000410
30000000
10000014
00000000
0036e000
00000001
00000000
00000800
30000000
10000014
00000000
0036e800
00000001
00080000
00000800
30000000
10000014
00000000
0036f000
00000001
00100000
00000800
30000000
10000014
00000000
0036f800
00000001
00180000
00000800
30000000
10000014
00000000
00370000
00000001
00200000
00000800
30000000
10000014
00000000
00370800
00000001
00280000
00000800
30000000
10000014
00000000
00371000
00000001
00300000
00000800
30000000
10000014
00000000
00371800
00000001
00380000
00000800
30000000
20000030
00000003
00000000
00000000
00000080
0000000a
0000000a
00000000
00000000
00000000
00000000
00000000
00000000
40000000
20000030
00000007
00000000
00000000
00000080
0000000a
0000000a
00000000
00000000
00340000
01011100
0000000a
0000000a
40000000
10000014
00000001
02340000
00000001
00004000
00003200
30000000
10000014
00000001
02340000
00000001
00084000
00003200
30000000
10000014
00000001
02340000
00000001
00104000
00003200
30000000
10000014
00000001
02340000
00000001
00184000
00003200
30000000
10000014
00000001
02340000
00000001
00204000
00003200
30000000
10000014
00000001
02340000
00000001
00284000
00003200
30000000
10000014
00000001
02340000
00000001
00304000
00003200
30000000
10000014
00000001
02340000
00000001
00384000
00003200
30000000
90000060
00000064
00000206
000000ff
00000000
00000400
00000008
00000004
00000000
00000000
00000000
00000000
00000000
00000000
00000000
00000000
00000000
00000000
00000000
00000000
00000000
00000000
00000000
00000000
00000000
70000000
00000000
00000000
00000000
00000000
00000000
00000000
00000000
00000000
00000000
00000000
00000000
00000000
00000000
00000000
00000000
00000000
10000014
00000001
01000000
00000001
02340000
00001900
30000000
10000014
00000001
01040000
00000001
02341900
00001900
30000000
10000014
00000001
01080000
00000001
02343200
00001900
30000000
10000014
00000001
010c0000
00000001
02344b00
00001900
30000000
10000014
00000001
01100000
00000001
02346400
00001900
30000000
10000014
00000001
01140000
00000001
02347d00
00001900
30000000
10000014
00000001
01180000
00000001
02349600
00001900
30000000
10000014
00000001
011c0000
00000001
0234af00
00001900
30000000
21000030
00000001
00340000
00000000
00000010
0000000a
0000000a
00000210
00000010
001a0000
00000080
00000000
00000000
40000000
21000030
00000001
00341900
00000000
00000010
0000000a
0000000a
00000250
00000050
001a0040
00000080
00000000
00000000
40000000
21000030
00000001
00343200
00000000
00000010
0000000a
0000000a
00000290
00000090
001a0080
00000080
00000000
00000000
40000000
21000030
00000001
00344b00
00000000
00000010
0000000a
0000000a
000002d0
000000d0
001a00c0
00000080
00000000
00000000
40000000
21000030
00000001
00346400
00000000
00000010
0000000a
0000000a
00000310
00000110
001a0100
00000080
00000000
00000000
40000000
21000030
00000001
00347d00
00000000
00000010
0000000a
0000000a
00000350
00000150
001a0140
00000080
00000000
00000000
40000000
21000030
00000001
00349600
00000000
00000010
0000000a
0000000a
00000390
00000190
001a0180
00000080
00000000
00000000
40000000
21000030
00000001
0034af00
00000000
00000010
0000000a
0000000a
000003d0
000001d0
001a01c0
00000080
00000000
00000000
40000000
10000014
00000001
027c87e0
00000001
03000000
00000410
30000000
10000014
00000000
00372000
00000001
00000000
00004800
30000000
10000014
00000000
00376800
00000001
00080000
00004800
30000000
10000014
00000000
0037b000
00000001
00100000
00004800
30000000
10000014
00000000
0037f800
00000001
00180000
00004800
30000000
10000014
00000000
00384000
00000001
00200000
00004800
30000000
10000014
00000000
00388800
00000001
00280000
00004800
30000000
10000014
00000000
0038d000
00000001
00300000
00004800
30000000
10000014
00000000
00391800
00000001
00380000
00004800
30000000
20000030
00000003
001a0000
00000000
00000080
0000000a
0000000a
00000000
00000000
001a0000
00000000
00000000
00000000
40000000
20000030
00000007
001a0000
00000000
00000080
0000000a
0000000a
00000000
00000000
00340000
03031111
0000000a
0000000a
40000000
10000014
00000001
02340000
00000001
00024000
0001c200
30000000
10000014
00000001
02340000
00000001
000a4000
0001c200
30000000
10000014
00000001
02340000
00000001
00124000
0001c200
30000000
10000014
00000001
02340000
00000001
001a4000
0001c200
30000000
10000014
00000001
02340000
00000001
00224000
0001c200
30000000
10000014
00000001
02340000
00000001
002a4000
0001c200
30000000
10000014
00000001
02340000
00000001
00324000
0001c200
30000000
10000014
00000001
02340000
00000001
003a4000
0001c200
30000000
90000060
00000064
00001206
000000ff
00000000
00002400
00000048
00000004
00000000
00000000
00000000
00000000
00000000
00000000
00000000
00000000
00000000
00000000
00000000
00000000
00000000
00000000
00000000
00000000
00000000
70000000
00000000
00000000
00000000
00000000
00000000
00000000
00000000
00000000
00000000
00000000
00000000
00000000
00000000
00000000
00000000
00000000
10000014
00000001
01000000
00000001
02340000
00001900
30000000
10000014
00000001
01040000
00000001
02341900
00001900
30000000
10000014
00000001
01080000
00000001
02343200
00001900
30000000
10000014
00000001
010c0000
00000001
02344b00
00001900
30000000
10000014
00000001
01100000
00000001
02346400
00001900
30000000
10000014
00000001
01140000
00000001
02347d00
00001900
30000000
10000014
00000001
01180000
00000001
02349600
00001900
30000000
10000014
00000001
011c0000
00000001
0234af00
00001900
30000000
21000030
00000001
00340000
00000000
00000010
0000000a
0000000a
00000210
00000010
00686000
00000080
00000000
00000000
40000000
21000030
00000001
00341900
00000000
00000010
0000000a
0000000a
00000250
00000050
00686040
00000080
00000000
00000000
40000000
21000030
00000001
00343200
00000000
00000010
0000000a
0000000a
00000290
00000090
00686080
00000080
00000000
00000000
40000000
21000030
00000001
00344b00
00000000
00000010
0000000a
0000000a
000002d0
000000d0
006860c0
00000080
00000000
00000000
40000000
21000030
00000001
00346400
00000000
00000010
0000000a
0000000a
00000310
00000110
00686100
00000080
00000000
00000000
40000000
21000030
00000001
00347d00
00000000
00000010
0000000a
0000000a
00000350
00000150
00686140
00000080
00000000
00000000
40000000
21000030
00000001
00349600
00000000
00000010
0000000a
0000000a
00000390
00000190
00686180
00000080
00000000
00000000
40000000
21000030
00000001
0034af00
00000000
00000010
0000000a
0000000a
000003d0
000001d0
006861c0
00000080
00000000
00000000
40000000
10000014
00000001
027c8bf0
00000001
03000000
00000410
30000000
10000014
00000000
00396000
00000001
00000000
00001000
30000000
10000014
00000000
00397000
00000001
00080000
00001000
30000000
10000014
00000000
00398000
00000001
00100000
00001000
30000000
10000014
00000000
00399000
00000001
00180000
00001000
30000000
10000014
00000000
0039a000
00000001
00200000
00001000
30000000
10000014
00000000
0039b000
00000001
00280000
00001000
30000000
10000014
00000000
0039c000
00000001
00300000
00001000
30000000
10000014
00000000
0039d000
00000001
00380000
00001000
30000000
20000030
00000003
0069f000
00000000
00000100
0000000a
0000000a
00000000
00000000
00000000
00000000
00000000
00000000
40000000
20000030
00000007
00000000
00000000
00000100
0000000a
0000000a
00000000
00000000
00340000
01011100
0000000a
0000000a
40000000
10000014
00000001
02340000
00000001
00008000
00006400
30000000
10000014
00000001
02340000
00000001
00088000
00006400
30000000
10000014
00000001
02340000
00000001
00108000
00006400
30000000
10000014
00000001
02340000
00000001
00188000
00006400
30000000
10000014
00000001
02340000
00000001
00208000
00006400
30000000
10000014
00000001
02340000
00000001
00288000
00006400
30000000
10000014
00000001
02340000
00000001
00308000
00006400
30000000
10000014
00000001
02340000
00000001
00388000
00006400
30000000
90000060
00000064
00000406
000000ff
00000000
00000800
00000010
00000004
00000000
00000000
00000000
00000000
00000000
00000000
00000000
00000000
00000000
00000000
00000000
00000000
00000000
00000000
00000000
00000000
00000000
70000000
00000000
00000000
00000000
00000000
00000000
00000000
00000000
00000000
00000000
00000000
00000000
00000000
00000000
00000000
00000000
00000000
10000014
00000001
01000000
00000001
02340000
00001900
30000000
10000014
00000001
01040000
00000001
02341900
00001900
30000000
10000014
00000001
01080000
00000001
02343200
00001900
30000000
10000014
00000001
010c0000
00000001
02344b00
00001900
30000000
10000014
00000001
01100000
00000001
02346400
00001900
30000000
10000014
00000001
01140000
00000001
02347d00
00001900
30000000
10000014
00000001
01180000
00000001
02349600
00001900
30000000
10000014
00000001
011c0000
00000001
0234af00
00001900
30000000
21000030
00000001
00340000
00000000
00000010
0000000a
0000000a
00000210
00000010
00692800
00000080
00000000
00000000
40000000
21000030
00000001
00341900
00000000
00000010
0000000a
0000000a
00000250
00000050
00692840
00000080
00000000
00000000
40000000
21000030
00000001
00343200
00000000
00000010
0000000a
0000000a
00000290
00000090
00692880
00000080
00000000
00000000
40000000
21000030
00000001
00344b00
00000000
00000010
0000000a
0000000a
000002d0
000000d0
006928c0
00000080
00000000
00000000
40000000
21000030
00000001
00346400
00000000
00000010
0000000a
0000000a
00000310
00000110
00692900
00000080
00000000
00000000
40000000
21000030
00000001
00347d00
00000000
00000010
0000000a
0000000a
00000350
00000150
00692940
00000080
00000000
00000000
40000000
21000030
00000001
00349600
00000000
00000010
0000000a
0000000a
00000390
00000190
00692980
00000080
00000000
00000000
40000000
21000030
00000001
0034af00
00000000
00000010
0000000a
0000000a
000003d0
000001d0
006929c0
00000080
00000000
00000000
40000000
a0000020
00000001
02686000
00000001
02000000
00000040
00000200
00000400
00000064
30000000
a0000020
00000001
02686040
00000001
02000040
00000040
00000200
00000400
00000064
30000000
a0000020
00000001
02686080
00000001
02000080
00000040
00000200
00000400
00000064
30000000
a0000020
00000001
026860c0
00000001
020000c0
00000040
00000200
00000400
00000064
30000000
a0000020
00000001
02686100
00000001
02000100
00000040
00000200
00000400
00000064
30000000
a0000020
00000001
02686140
00000001
02000140
00000040
00000200
00000400
00000064
30000000
a0000020
00000001
02686180
00000001
02000180
00000040
00000200
00000400
00000064
30000000
a0000020
00000001
026861c0
00000001
020001c0
00000040
00000200
00000400
00000064
30000000
a0000020
00000001
02692800
00000001
02000200
00000040
00000200
00000400
00000064
30000000
a0000020
00000001
02692840
00000001
02000240
00000040
00000200
00000400
00000064
30000000
a0000020
00000001
02692880
00000001
02000280
00000040
00000200
00000400
00000064
30000000
a0000020
00000001
026928c0
00000001
020002c0
00000040
00000200
00000400
00000064
30000000
a0000020
00000001
02692900
00000001
02000300
00000040
00000200
00000400
00000064
30000000
a0000020
00000001
02692940
00000001
02000340
00000040
00000200
00000400
00000064
30000000
a0000020
00000001
02692980
00000001
02000380
00000040
00000200
00000400
00000064
30000000
a0000020
00000001
026929c0
00000001
020003c0
00000040
00000200
00000400
00000064
30000000
10000014
00000001
027c9000
00000001
03000000
00000810
30000000
10000014
00000000
0039e000
00000001
00000000
00001000
30000000
10000014
00000000
0039f000
00000001
00080000
00001000
30000000
10000014
00000000
003a0000
00000001
00100000
00001000
30000000
10000014
00000000
003a1000
00000001
00180000
00001000
30000000
10000014
00000000
003a2000
00000001
00200000
00001000
30000000
10000014
00000000
003a3000
00000001
00280000
00001000
30000000
10000014
00000000
003a4000
00000001
00300000
00001000
30000000
10000014
00000000
003a5000
00000001
00380000
00001000
30000000
20000030
00000003
00000000
00000000
00000100
0000000a
0000000a
00000000
00000000
00000000
00000000
00000000
00000000
40000000
20000030
00000007
00000000
00000000
00000100
0000000a
0000000a
00000000
00000000
00340000
01011100
0000000a
0000000a
40000000
10000014
00000001
02340000
00000001
00008000
00006400
30000000
10000014
00000001
02340000
00000001
00088000
00006400
30000000
10000014
00000001
02340000
00000001
00108000
00006400
30000000
10000014
00000001
02340000
00000001
00188000
00006400
30000000
10000014
00000001
02340000
00000001
00208000
00006400
30000000
10000014
00000001
02340000
00000001
00288000
00006400
30000000
10000014
00000001
02340000
00000001
00308000
00006400
30000000
10000014
00000001
02340000
00000001
00388000
00006400
30000000
90000060
00000064
00000406
000000ff
00000000
00000800
00000010
00000004
00000000
00000000
00000000
00000000
00000000
00000000
00000000
00000000
00000000
00000000
00000000
00000000
00000000
00000000
00000000
00000000
00000000
70000000
00000000
00000000
00000000
00000000
00000000
00000000
00000000
00000000
00000000
00000000
00000000
00000000
00000000
00000000
00000000
00000000
10000014
00000001
01000000
00000001
02340000
00001900
30000000
10000014
00000001
01040000
00000001
02341900
00001900
30000000
10000014
00000001
01080000
00000001
02343200
00001900
30000000
10000014
00000001
010c0000
00000001
02344b00
00001900
30000000
10000014
00000001
01100000
00000001
02346400
00001900
30000000
10000014
00000001
01140000
00000001
02347d00
00001900
30000000
10000014
00000001
01180000
00000001
02349600
00001900
30000000
10000014
00000001
011c0000
00000001
0234af00
00001900
30000000
21000030
00000001
00340000
00000000
00000010
0000000a
0000000a
00000410
00000010
00686000
00000100
00000000
00000000
40000000
21000030
00000001
00341900
00000000
00000010
0000000a
0000000a
00000450
00000050
00686040
00000100
00000000
00000000
40000000
21000030
00000001
00343200
00000000
00000010
0000000a
0000000a
00000490
00000090
00686080
00000100
00000000
00000000
40000000
21000030
00000001
00344b00
00000000
00000010
0000000a
0000000a
000004d0
000000d0
006860c0
00000100
00000000
00000000
40000000
21000030
00000001
00346400
00000000
00000010
0000000a
0000000a
00000510
00000110
00686100
00000100
00000000
00000000
40000000
21000030
00000001
00347d00
00000000
00000010
0000000a
0000000a
00000550
00000150
00686140
00000100
00000000
00000000
40000000
21000030
00000001
00349600
00000000
00000010
0000000a
0000000a
00000590
00000190
00686180
00000100
00000000
00000000
40000000
21000030
00000001
0034af00
00000000
00000010
0000000a
0000000a
000005d0
000001d0
006861c0
00000100
00000000
00000000
40000000
10000014
00000001
027c9000
00000001
03000000
00000810
30000000
10000014
00000000
003a6000
00000001
00000000
00001000
30000000
10000014
00000000
003a7000
00000001
00080000
00001000
30000000
10000014
00000000
003a8000
00000001
00100000
00001000
30000000
10000014
00000000
003a9000
00000001
00180000
00001000
30000000
10000014
00000000
003aa000
00000001
00200000
00001000
30000000
10000014
00000000
003ab000
00000001
00280000
00001000
30000000
10000014
00000000
003ac000
00000001
00300000
00001000
30000000
10000014
00000000
003ad000
00000001
00380000
00001000
30000000
20000030
00000007
00000000
00000000
00000100
0000000a
0000000a
00000000
00000000
00340000
01011100
0000000a
0000000a
40000000
10000014
00000001
02340000
00000001
00008000
00006400
30000000
10000014
00000001
02340000
00000001
00088000
00006400
30000000
10000014
00000001
02340000
00000001
00108000
00006400
30000000
10000014
00000001
02340000
00000001
00188000
00006400
30000000
10000014
00000001
02340000
00000001
00208000
00006400
30000000
10000014
00000001
02340000
00000001
00288000
00006400
30000000
10000014
00000001
02340000
00000001
00308000
00006400
30000000
10000014
00000001
02340000
00000001
00388000
00006400
30000000
90000060
00000064
00000406
000000ff
00000000
00000800
00000010
00000004
00000000
00000000
00000000
00000000
00000000
00000000
00000000
00000000
00000000
00000000
00000000
00000000
00000000
00000000
00000000
00000000
00000000
70000000
00000000
00000000
00000000
00000000
00000000
00000000
00000000
00000000
00000000
00000000
00000000
00000000
00000000
00000000
00000000
00000000
10000014
00000001
01000000
00000001
02340000
00001900
30000000
10000014
00000001
01040000
00000001
02341900
00001900
30000000
10000014
00000001
01080000
00000001
02343200
00001900
30000000
10000014
00000001
010c0000
00000001
02344b00
00001900
30000000
10000014
00000001
01100000
00000001
02346400
00001900
30000000
10000014
00000001
01140000
00000001
02347d00
00001900
30000000
10000014
00000001
01180000
00000001
02349600
00001900
30000000
10000014
00000001
011c0000
00000001
0234af00
00001900
30000000
21000030
00000001
00340000
00000000
00000010
0000000a
0000000a
00000610
00000210
00686200
00000100
00000000
00000000
40000000
21000030
00000001
00341900
00000000
00000010
0000000a
0000000a
00000650
00000250
00686240
00000100
00000000
00000000
40000000
21000030
00000001
00343200
00000000
00000010
0000000a
0000000a
00000690
00000290
00686280
00000100
00000000
00000000
40000000
21000030
00000001
00344b00
00000000
00000010
0000000a
0000000a
000006d0
000002d0
006862c0
00000100
00000000
00000000
40000000
21000030
00000001
00346400
00000000
00000010
0000000a
0000000a
00000710
00000310
00686300
00000100
00000000
00000000
40000000
21000030
00000001
00347d00
00000000
00000010
0000000a
0000000a
00000750
00000350
00686340
00000100
00000000
00000000
40000000
21000030
00000001
00349600
00000000
00000010
0000000a
0000000a
00000790
00000390
00686380
00000100
00000000
00000000
40000000
21000030
00000001
0034af00
00000000
00000010
0000000a
0000000a
000007d0
000003d0
006863c0
00000100
00000000
00000000
40000000
f0000000
