10000014
00000001
027c0000
00000001
03000000
00000090
30000000
10000014
00000000
00200000
00000001
00000000
00000800
30000000
10000014
00000000
00200800
00000001
00080000
00000800
30000000
22000030
00000007
00000000
00000000
00000003
0000001a
00000140
00000000
00000000
00340000
06062222
0000000c
000000a0
40000000
10000014
00000001
02340000
00000001
00001000
00078000
30000000
10000014
00000001
02340000
00000001
00081000
00078000
30000000
90000060
00000780
00000207
00000003
00000000
00000100
00000010
00000002
00000000
00000000
00000000
00000000
00000000
00000000
00000000
00000000
00000000
00000000
00000000
00000000
00000000
00000000
00000000
00000000
00000000
70000000
00000000
00000000
00000000
00000000
00000000
00000000
00000000
00000000
00000000
00000000
00000000
00000000
00000000
00000000
00000000
00000000
10000014
00000001
01000000
00000001
02340000
0000f000
30000000
10000014
00000001
01040000
00000001
0234f000
0000f000
30000000
21000030
00000001
00340000
00000000
00000008
0000000c
000000a0
00000050
00000010
001a0000
00000010
00000000
00000000
40000000
21000030
00000001
0034f000
00000000
00000008
0000000c
000000a0
00000070
00000030
001a0020
00000010
00000000
00000000
40000000
22000030
00000007
0001b800
00000000
00000003
0000001c
00000140
00000000
00000000
00340000
06062202
0000000c
000000a0
40000000
10000014
00000001
02340000
00000001
00001000
00078000
30000000
10000014
00000001
02340000
00000001
00081000
00078000
30000000
90000060
00000780
00000207
00000003
00000000
00000100
00000010
00000002
00000000
00000000
00000000
00000000
00000000
00000000
00000000
00000000
00000000
00000000
00000000
00000000
00000000
00000000
00000000
00000000
00000000
70000000
00000000
00000000
00000000
00000000
00000000
00000000
00000000
00000000
00000000
00000000
00000000
00000000
00000000
00000000
00000000
00000000
10000014
00000001
01000000
00000001
02340000
0000f000
30000000
10000014
00000001
01040000
00000001
0234f000
0000f000
30000000
21000030
00000001
00340000
00000000
00000008
0000000c
000000a0
00000050
00000010
001be000
00000010
00000000
00000000
40000000
21000030
00000001
0034f000
00000000
00000008
0000000c
000000a0
00000070
00000030
001be020
00000010
00000000
00000000
40000000
22000030
00000007
00039800
00000000
00000003
0000001c
00000140
00000000
00000000
00340000
06062202
0000000c
000000a0
40000000
10000014
00000001
02340000
00000001
00001000
00078000
30000000
10000014
00000001
02340000
00000001
00081000
00078000
30000000
90000060
00000780
00000207
00000003
00000000
00000100
00000010
00000002
00000000
00000000
00000000
00000000
00000000
00000000
00000000
00000000
00000000
00000000
00000000
00000000
00000000
00000000
00000000
00000000
00000000
70000000
00000000
00000000
00000000
00000000
00000000
00000000
00000000
00000000
00000000
00000000
00000000
00000000
00000000
00000000
00000000
00000000
10000014
00000001
01000000
00000001
02340000
0000f000
30000000
10000014
00000001
01040000
00000001
0234f000
0000f000
30000000
21000030
00000001
00340000
00000000
00000008
0000000c
000000a0
00000050
00000010
001dc000
00000010
00000000
00000000
40000000
21000030
00000001
0034f000
00000000
00000008
0000000c
000000a0
00000070
00000030
001dc020
00000010
00000000
00000000
40000000
22000030
00000007
00057800
00000000
00000003
0000001c
00000140
00000000
00000000
00340000
06062202
0000000c
000000a0
40000000
10000014
00000001
02340000
00000001
00001000
00078000
30000000
10000014
00000001
02340000
00000001
00081000
00078000
30000000
90000060
00000780
00000207
00000003
00000000
00000100
00000010
00000002
00000000
00000000
00000000
00000000
00000000
00000000
00000000
00000000
00000000
00000000
00000000
00000000
00000000
00000000
00000000
00000000
00000000
70000000
00000000
00000000
00000000
00000000
00000000
00000000
00000000
00000000
00000000
00000000
00000000
00000000
00000000
00000000
00000000
00000000
10000014
00000001
01000000
00000001
02340000
0000f000
30000000
10000014
00000001
01040000
00000001
0234f000
0000f000
30000000
21000030
00000001
00340000
00000000
00000008
0000000c
000000a0
00000050
00000010
001fa000
00000010
00000000
00000000
40000000
21000030
00000001
0034f000
00000000
00000008
0000000c
000000a0
00000070
00000030
001fa020
00000010
00000000
00000000
40000000
22000030
00000007
00075800
00000000
00000003
0000001c
00000140
00000000
00000000
00340000
06062202
0000000c
000000a0
40000000
10000014
00000001
02340000
00000001
00001000
00078000
30000000
10000014
00000001
02340000
00000001
00081000
00078000
30000000
90000060
00000780
00000207
00000003
00000000
00000100
00000010
00000002
00000000
00000000
00000000
00000000
00000000
00000000
00000000
00000000
00000000
00000000
00000000
00000000
00000000
00000000
00000000
00000000
00000000
70000000
00000000
00000000
00000000
00000000
00000000
00000000
00000000
00000000
00000000
00000000
00000000
00000000
00000000
00000000
00000000
00000000
10000014
00000001
01000000
00000001
02340000
0000f000
30000000
10000014
00000001
01040000
00000001
0234f000
0000f000
30000000
21000030
00000001
00340000
00000000
00000008
0000000c
000000a0
00000050
00000010
00218000
00000010
00000000
00000000
40000000
21000030
00000001
0034f000
00000000
00000008
0000000c
000000a0
00000070
00000030
00218020
00000010
00000000
00000000
40000000
22000030
00000007
00093800
00000000
00000003
0000001c
00000140
00000000
00000000
00340000
06062202
0000000c
000000a0
40000000
10000014
00000001
02340000
00000001
00001000
00078000
30000000
10000014
00000001
02340000
00000001
00081000
00078000
30000000
90000060
00000780
00000207
00000003
00000000
00000100
00000010
00000002
00000000
00000000
00000000
00000000
00000000
00000000
00000000
00000000
00000000
00000000
00000000
00000000
00000000
00000000
00000000
00000000
00000000
70000000
00000000
00000000
00000000
00000000
00000000
00000000
00000000
00000000
00000000
00000000
00000000
00000000
00000000
00000000
00000000
00000000
10000014
00000001
01000000
00000001
02340000
0000f000
30000000
10000014
00000001
01040000
00000001
0234f000
0000f000
30000000
21000030
00000001
00340000
00000000
00000008
0000000c
000000a0
00000050
00000010
00236000
00000010
00000000
00000000
40000000
21000030
00000001
0034f000
00000000
00000008
0000000c
000000a0
00000070
00000030
00236020
00000010
00000000
00000000
40000000
22000030
00000007
000b1800
00000000
00000003
0000001c
00000140
00000000
00000000
00340000
06062202
0000000c
000000a0
40000000
10000014
00000001
02340000
00000001
00001000
00078000
30000000
10000014
00000001
02340000
00000001
00081000
00078000
30000000
90000060
00000780
00000207
00000003
00000000
00000100
00000010
00000002
00000000
00000000
00000000
00000000
00000000
00000000
00000000
00000000
00000000
00000000
00000000
00000000
00000000
00000000
00000000
00000000
00000000
70000000
00000000
00000000
00000000
00000000
00000000
00000000
00000000
00000000
00000000
00000000
00000000
00000000
00000000
00000000
00000000
00000000
10000014
00000001
01000000
00000001
02340000
0000f000
30000000
10000014
00000001
01040000
00000001
0234f000
0000f000
30000000
21000030
00000001
00340000
00000000
00000008
0000000c
000000a0
00000050
00000010
00254000
00000010
00000000
00000000
40000000
21000030
00000001
0034f000
00000000
00000008
0000000c
000000a0
00000070
00000030
00254020
00000010
00000000
00000000
40000000
22000030
00000007
000cf800
00000000
00000003
0000001c
00000140
00000000
00000000
00340000
06062202
0000000c
000000a0
40000000
10000014
00000001
02340000
00000001
00001000
00078000
30000000
10000014
00000001
02340000
00000001
00081000
00078000
30000000
90000060
00000780
00000207
00000003
00000000
00000100
00000010
00000002
00000000
00000000
00000000
00000000
00000000
00000000
00000000
00000000
00000000
00000000
00000000
00000000
00000000
00000000
00000000
00000000
00000000
70000000
00000000
00000000
00000000
00000000
00000000
00000000
00000000
00000000
00000000
00000000
00000000
00000000
00000000
00000000
00000000
00000000
10000014
00000001
01000000
00000001
02340000
0000f000
30000000
10000014
00000001
01040000
00000001
0234f000
0000f000
30000000
21000030
00000001
00340000
00000000
00000008
0000000c
000000a0
00000050
00000010
00272000
00000010
00000000
00000000
40000000
21000030
00000001
0034f000
00000000
00000008
0000000c
000000a0
00000070
00000030
00272020
00000010
00000000
00000000
40000000
22000030
00000007
000ed800
00000000
00000003
0000001c
00000140
00000000
00000000
00340000
06062202
0000000c
000000a0
40000000
10000014
00000001
02340000
00000001
00001000
00078000
30000000
10000014
00000001
02340000
00000001
00081000
00078000
30000000
90000060
00000780
00000207
00000003
00000000
00000100
00000010
00000002
00000000
00000000
00000000
00000000
00000000
00000000
00000000
00000000
00000000
00000000
00000000
00000000
00000000
00000000
00000000
00000000
00000000
70000000
00000000
00000000
00000000
00000000
00000000
00000000
00000000
00000000
00000000
00000000
00000000
00000000
00000000
00000000
00000000
00000000
10000014
00000001
01000000
00000001
02340000
0000f000
30000000
10000014
00000001
01040000
00000001
0234f000
0000f000
30000000
21000030
00000001
00340000
00000000
00000008
0000000c
000000a0
00000050
00000010
00290000
00000010
00000000
00000000
40000000
21000030
00000001
0034f000
00000000
00000008
0000000c
000000a0
00000070
00000030
00290020
00000010
00000000
00000000
40000000
22000030
00000007
0010b800
00000000
00000003
0000001c
00000140
00000000
00000000
00340000
06062202
0000000c
000000a0
40000000
10000014
00000001
02340000
00000001
00001000
00078000
30000000
10000014
00000001
02340000
00000001
00081000
00078000
30000000
90000060
00000780
00000207
00000003
00000000
00000100
00000010
00000002
00000000
00000000
00000000
00000000
00000000
00000000
00000000
00000000
00000000
00000000
00000000
00000000
00000000
00000000
00000000
00000000
00000000
70000000
00000000
00000000
00000000
00000000
00000000
00000000
00000000
00000000
00000000
00000000
00000000
00000000
00000000
00000000
00000000
00000000
10000014
00000001
01000000
00000001
02340000
0000f000
30000000
10000014
00000001
01040000
00000001
0234f000
0000f000
30000000
21000030
00000001
00340000
00000000
00000008
0000000c
000000a0
00000050
00000010
002ae000
00000010
00000000
00000000
40000000
21000030
00000001
0034f000
00000000
00000008
0000000c
000000a0
00000070
00000030
002ae020
00000010
00000000
00000000
40000000
22000030
00000007
00129800
00000000
00000003
0000001c
00000140
00000000
00000000
00340000
06062202
0000000c
000000a0
40000000
10000014
00000001
02340000
00000001
00001000
00078000
30000000
10000014
00000001
02340000
00000001
00081000
00078000
30000000
90000060
00000780
00000207
00000003
00000000
00000100
00000010
00000002
00000000
00000000
00000000
00000000
00000000
00000000
00000000
00000000
00000000
00000000
00000000
00000000
00000000
00000000
00000000
00000000
00000000
70000000
00000000
00000000
00000000
00000000
00000000
00000000
00000000
00000000
00000000
00000000
00000000
00000000
00000000
00000000
00000000
00000000
10000014
00000001
01000000
00000001
02340000
0000f000
30000000
10000014
00000001
01040000
00000001
0234f000
0000f000
30000000
21000030
00000001
00340000
00000000
00000008
0000000c
000000a0
00000050
00000010
002cc000
00000010
00000000
00000000
40000000
21000030
00000001
0034f000
00000000
00000008
0000000c
000000a0
00000070
00000030
002cc020
00000010
00000000
00000000
40000000
22000030
00000007
00147800
00000000
00000003
0000001c
00000140
00000000
00000000
00340000
06062202
0000000c
000000a0
40000000
10000014
00000001
02340000
00000001
00001000
00078000
30000000
10000014
00000001
02340000
00000001
00081000
00078000
30000000
90000060
00000780
00000207
00000003
00000000
00000100
00000010
00000002
00000000
00000000
00000000
00000000
00000000
00000000
00000000
00000000
00000000
00000000
00000000
00000000
00000000
00000000
00000000
00000000
00000000
70000000
00000000
00000000
00000000
00000000
00000000
00000000
00000000
00000000
00000000
00000000
00000000
00000000
00000000
00000000
00000000
00000000
10000014
00000001
01000000
00000001
02340000
0000f000
30000000
10000014
00000001
01040000
00000001
0234f000
0000f000
30000000
21000030
00000001
00340000
00000000
00000008
0000000c
000000a0
00000050
00000010
002ea000
00000010
00000000
00000000
40000000
21000030
00000001
0034f000
00000000
00000008
0000000c
000000a0
00000070
00000030
002ea020
00000010
00000000
00000000
40000000
22000030
00000007
00165800
00000000
00000003
0000001c
00000140
00000000
00000000
00340000
06062202
0000000c
000000a0
40000000
10000014
00000001
02340000
00000001
00001000
00078000
30000000
10000014
00000001
02340000
00000001
00081000
00078000
30000000
90000060
00000780
00000207
00000003
00000000
00000100
00000010
00000002
00000000
00000000
00000000
00000000
00000000
00000000
00000000
00000000
00000000
00000000
00000000
00000000
00000000
00000000
00000000
00000000
00000000
70000000
00000000
00000000
00000000
00000000
00000000
00000000
00000000
00000000
00000000
00000000
00000000
00000000
00000000
00000000
00000000
00000000
10000014
00000001
01000000
00000001
02340000
0000f000
30000000
10000014
00000001
01040000
00000001
0234f000
0000f000
30000000
21000030
00000001
00340000
00000000
00000008
0000000c
000000a0
00000050
00000010
00308000
00000010
00000000
00000000
40000000
21000030
00000001
0034f000
00000000
00000008
0000000c
000000a0
00000070
00000030
00308020
00000010
00000000
00000000
40000000
22000030
00000007
00183800
00000000
00000003
0000000a
00000140
00000000
00000000
00340000
06062202
00000004
000000a0
40000000
10000014
00000001
02340000
00000001
00001000
00028000
30000000
10000014
00000001
02340000
00000001
00081000
00028000
30000000
90000060
00000280
00000207
00000003
00000000
00000100
00000010
00000002
00000000
00000000
00000000
00000000
00000000
00000000
00000000
00000000
00000000
00000000
00000000
00000000
00000000
00000000
00000000
00000000
00000000
70000000
00000000
00000000
00000000
00000000
00000000
00000000
00000000
00000000
00000000
00000000
00000000
00000000
00000000
00000000
00000000
00000000
10000014
00000001
01000000
00000001
02340000
00005000
30000000
10000014
00000001
01040000
00000001
02345000
00005000
30000000
21000030
00000001
00340000
00000000
00000008
00000004
000000a0
00000050
00000010
00326000
00000010
00000000
00000000
40000000
21000030
00000001
00345000
00000000
00000008
00000004
000000a0
00000070
00000030
00326020
00000010
00000000
00000000
40000000
10000014
00000001
027c0090
00000001
03000000
00000110
30000000
10000014
00000000
00201000
00000001
00000000
00000c00
30000000
10000014
00000000
00201c00
00000001
00080000
00000c00
30000000
10000014
00000000
00202800
00000001
00100000
00000c00
30000000
10000014
00000000
00203400
00000001
00180000
00000c00
30000000
22000030
00000003
001a0000
00000000
00000010
000000a0
000000a0
00000000
00000000
001a0000
00000000
00000000
00000000
40000000
22000030
00000007
001a0000
00000000
00000010
00000020
000000a0
00000000
00000000
00340000
03032211
00000010
00000050
40000000
10000014
00000001
02340000
00000001
00003000
00078000
30000000
10000014
00000001
02340000
00000001
00083000
00078000
30000000
10000014
00000001
02340000
00000001
00103000
00078000
30000000
10000014
00000001
02340000
00000001
00183000
00078000
30000000
90000060
00000500
00000307
0000000f
00000000
00000300
00000018
00000002
00000000
00000000
00000000
00000000
00000000
00000000
00000000
00000000
00000000
00000000
00000000
00000000
00000000
00000000
00000000
00000000
00000000
70000000
00000000
00000000
00000000
00000000
00000000
00000000
00000000
00000000
00000000
00000000
00000000
00000000
00000000
00000000
00000000
00000000
10000014
00000001
01000000
00000001
02340000
0000a000
30000000
10000014
00000001
01040000
00000001
0234a000
0000a000
30000000
10000014
00000001
01080000
00000001
02354000
0000a000
30000000
10000014
00000001
010c0000
00000001
0235e000
0000a000
30000000
21000030
00000001
00340000
00000000
00000008
00000010
00000050
00000090
00000010
005f0000
00000020
00000000
00000000
40000000
21000030
00000001
0034a000
00000000
00000008
00000010
00000050
000000b0
00000030
005f0020
00000020
00000000
00000000
40000000
21000030
00000001
00354000
00000000
00000008
00000010
00000050
000000d0
00000050
005f0040
00000020
00000000
00000000
40000000
21000030
00000001
0035e000
00000000
00000008
00000010
00000050
000000f0
00000070
005f0060
00000020
00000000
00000000
40000000
22000030
00000007
001c6c00
00000000
00000010
00000021
000000a0
00000000
00000000
00340000
03032201
00000010
00000050
40000000
10000014
00000001
02340000
00000001
00003000
00078000
30000000
10000014
00000001
02340000
00000001
00083000
00078000
30000000
10000014
00000001
02340000
00000001
00103000
00078000
30000000
10000014
00000001
02340000
00000001
00183000
00078000
30000000
90000060
00000500
00000307
0000000f
00000000
00000300
00000018
00000002
00000000
00000000
00000000
00000000
00000000
00000000
00000000
00000000
00000000
00000000
00000000
00000000
00000000
00000000
00000000
00000000
00000000
70000000
00000000
00000000
00000000
00000000
00000000
00000000
00000000
00000000
00000000
00000000
00000000
00000000
00000000
00000000
00000000
00000000
10000014
00000001
01000000
00000001
02340000
0000a000
30000000
10000014
00000001
01040000
00000001
0234a000
0000a000
30000000
10000014
00000001
01080000
00000001
02354000
0000a000
30000000
10000014
00000001
010c0000
00000001
0235e000
0000a000
30000000
21000030
00000001
00340000
00000000
00000008
00000010
00000050
00000090
00000010
00618000
00000020
00000000
00000000
40000000
21000030
00000001
0034a000
00000000
00000008
00000010
00000050
000000b0
00000030
00618020
00000020
00000000
00000000
40000000
21000030
00000001
00354000
00000000
00000008
00000010
00000050
000000d0
00000050
00618040
00000020
00000000
00000000
40000000
21000030
00000001
0035e000
00000000
00000008
00000010
00000050
000000f0
00000070
00618060
00000020
00000000
00000000
40000000
22000030
00000007
001eec00
00000000
00000010
00000021
000000a0
00000000
00000000
00340000
03032201
00000010
00000050
40000000
10000014
00000001
02340000
00000001
00003000
00078000
30000000
10000014
00000001
02340000
00000001
00083000
00078000
30000000
10000014
00000001
02340000
00000001
00103000
00078000
30000000
10000014
00000001
02340000
00000001
00183000
00078000
30000000
90000060
00000500
00000307
0000000f
00000000
00000300
00000018
00000002
00000000
00000000
00000000
00000000
00000000
00000000
00000000
00000000
00000000
00000000
00000000
00000000
00000000
00000000
00000000
00000000
00000000
70000000
00000000
00000000
00000000
00000000
00000000
00000000
00000000
00000000
00000000
00000000
00000000
00000000
00000000
00000000
00000000
00000000
10000014
00000001
01000000
00000001
02340000
0000a000
30000000
10000014
00000001
01040000
00000001
0234a000
0000a000
30000000
10000014
00000001
01080000
00000001
02354000
0000a000
30000000
10000014
00000001
010c0000
00000001
0235e000
0000a000
30000000
21000030
00000001
00340000
00000000
00000008
00000010
00000050
00000090
00000010
00640000
00000020
00000000
00000000
40000000
21000030
00000001
0034a000
00000000
00000008
00000010
00000050
000000b0
00000030
00640020
00000020
00000000
00000000
40000000
21000030
00000001
00354000
00000000
00000008
00000010
00000050
000000d0
00000050
00640040
00000020
00000000
00000000
40000000
21000030
00000001
0035e000
00000000
00000008
00000010
00000050
000000f0
00000070
00640060
00000020
00000000
00000000
40000000
22000030
00000007
00216c00
00000000
00000010
00000021
000000a0
00000000
00000000
00340000
03032201
00000010
00000050
40000000
10000014
00000001
02340000
00000001
00003000
00078000
30000000
10000014
00000001
02340000
00000001
00083000
00078000
30000000
10000014
00000001
02340000
00000001
00103000
00078000
30000000
10000014
00000001
02340000
00000001
00183000
00078000
30000000
90000060
00000500
00000307
0000000f
00000000
00000300
00000018
00000002
00000000
00000000
00000000
00000000
00000000
00000000
00000000
00000000
00000000
00000000
00000000
00000000
00000000
00000000
00000000
00000000
00000000
70000000
00000000
00000000
00000000
00000000
00000000
00000000
00000000
00000000
00000000
00000000
00000000
00000000
00000000
00000000
00000000
00000000
10000014
00000001
01000000
00000001
02340000
0000a000
30000000
10000014
00000001
01040000
00000001
0234a000
0000a000
30000000
10000014
00000001
01080000
00000001
02354000
0000a000
30000000
10000014
00000001
010c0000
00000001
0235e000
0000a000
30000000
21000030
00000001
00340000
00000000
00000008
00000010
00000050
00000090
00000010
00668000
00000020
00000000
00000000
40000000
21000030
00000001
0034a000
00000000
00000008
00000010
00000050
000000b0
00000030
00668020
00000020
00000000
00000000
40000000
21000030
00000001
00354000
00000000
00000008
00000010
00000050
000000d0
00000050
00668040
00000020
00000000
00000000
40000000
21000030
00000001
0035e000
00000000
00000008
00000010
00000050
000000f0
00000070
00668060
00000020
00000000
00000000
40000000
22000030
00000007
0023ec00
00000000
00000010
00000021
000000a0
00000000
00000000
00340000
03032201
00000010
00000050
40000000
10000014
00000001
02340000
00000001
00003000
00078000
30000000
10000014
00000001
02340000
00000001
00083000
00078000
30000000
10000014
00000001
02340000
00000001
00103000
00078000
30000000
10000014
00000001
02340000
00000001
00183000
00078000
30000000
90000060
00000500
00000307
0000000f
00000000
00000300
00000018
00000002
00000000
00000000
00000000
00000000
00000000
00000000
00000000
00000000
00000000
00000000
00000000
00000000
00000000
00000000
00000000
00000000
00000000
70000000
00000000
00000000
00000000
00000000
00000000
00000000
00000000
00000000
00000000
00000000
00000000
00000000
00000000
00000000
00000000
00000000
10000014
00000001
01000000
00000001
02340000
0000a000
30000000
10000014
00000001
01040000
00000001
0234a000
0000a000
30000000
10000014
00000001
01080000
00000001
02354000
0000a000
30000000
10000014
00000001
010c0000
00000001
0235e000
0000a000
30000000
21000030
00000001
00340000
00000000
00000008
00000010
00000050
00000090
00000010
00690000
00000020
00000000
00000000
40000000
21000030
00000001
0034a000
00000000
00000008
00000010
00000050
000000b0
00000030
00690020
00000020
00000000
00000000
40000000
21000030
00000001
00354000
00000000
00000008
00000010
00000050
000000d0
00000050
00690040
00000020
00000000
00000000
40000000
21000030
00000001
0035e000
00000000
00000008
00000010
00000050
000000f0
00000070
00690060
00000020
00000000
00000000
40000000
10000014
00000001
027c01a0
00000001
03000000
00000090
30000000
10000014
00000000
00204000
00000001
00000000
00000400
30000000
10000014
00000000
00204400
00000001
00080000
00000400
30000000
22000030
00000003
005f0000
00000000
00000020
00000050
00000050
00000000
00000000
006b8000
00000000
00000000
00000000
40000000
22000030
00000007
006b8000
00000000
00000020
00000033
00000050
00000000
00000000
00340000
01011100
00000033
00000050
40000000
10000014
00000001
02340000
00000001
00000800
0007f800
30000000
10000014
00000001
02340000
00000001
00080800
0007f800
30000000
90000060
00000ff0
00000107
00000003
00000000
00000080
00000008
00000002
00000000
00000000
00000000
00000000
00000000
00000000
00000000
00000000
00000000
00000000
00000000
00000000
00000000
00000000
00000000
00000000
00000000
70000000
00000000
00000000
00000000
00000000
00000000
00000000
00000000
00000000
00000000
00000000
00000000
00000000
00000000
00000000
00000000
00000000
10000014
00000001
01000000
00000001
02340000
0001fe00
30000000
10000014
00000001
01040000
00000001
0235fe00
0001fe00
30000000
21000030
00000001
00340000
00000000
00000008
00000033
00000050
00000050
00000010
00000000
00000010
00000000
00000000
40000000
21000030
00000001
0035fe00
00000000
00000008
00000033
00000050
00000070
00000030
00000020
00000010
00000000
00000000
40000000
22000030
00000007
006f7c00
00000000
00000020
0000001d
00000050
00000000
00000000
00340000
01011100
0000001d
00000050
40000000
10000014
00000001
02340000
00000001
00000800
00048800
30000000
10000014
00000001
02340000
00000001
00080800
00048800
30000000
90000060
00000910
00000107
00000003
00000000
00000080
00000008
00000002
00000000
00000000
00000000
00000000
00000000
00000000
00000000
00000000
00000000
00000000
00000000
00000000
00000000
00000000
00000000
00000000
00000000
70000000
00000000
00000000
00000000
00000000
00000000
00000000
00000000
00000000
00000000
00000000
00000000
00000000
00000000
00000000
00000000
00000000
10000014
00000001
01000000
00000001
02340000
00012200
30000000
10000014
00000001
01040000
00000001
02352200
00012200
30000000
21000030
00000001
00340000
00000000
00000008
0000001d
00000050
00000050
00000010
0003fc00
00000010
00000000
00000000
40000000
21000030
00000001
00352200
00000000
00000008
0000001d
00000050
00000070
00000030
0003fc20
00000010
00000000
00000000
40000000
10000014
00000001
027c0230
00000001
03000000
00000090
30000000
10000014
00000000
00204800
00000001
00000000
00000400
30000000
10000014
00000000
00204c00
00000001
00080000
00000400
30000000
22000030
00000003
00000000
00000000
00000010
00000050
00000050
00000000
00000000
00000000
00000000
00000000
00000000
40000000
22000030
00000007
00000000
00000000
00000010
00000033
00000050
00000000
00000000
00340000
01011100
00000033
00000050
40000000
10000014
00000001
02340000
00000001
00000800
0007f800
30000000
10000014
00000001
02340000
00000001
00080800
0007f800
30000000
90000060
00000ff0
00000107
00000003
00000000
00000080
00000008
00000002
00000000
00000000
00000000
00000000
00000000
00000000
00000000
00000000
00000000
00000000
00000000
00000000
00000000
00000000
00000000
00000000
00000000
70000000
00000000
00000000
00000000
00000000
00000000
00000000
00000000
00000000
00000000
00000000
00000000
00000000
00000000
00000000
00000000
00000000
10000014
00000001
01000000
00000001
02340000
0001fe00
30000000
10000014
00000001
01040000
00000001
0235fe00
0001fe00
30000000
21000030
00000001
00340000
00000000
00000008
00000033
00000050
00000050
00000010
001a0000
00000010
00000000
00000000
40000000
21000030
00000001
0035fe00
00000000
00000008
00000033
00000050
00000070
00000030
001a0020
00000010
00000000
00000000
40000000
22000030
00000007
0001fe00
00000000
00000010
0000001d
00000050
00000000
00000000
00340000
01011100
0000001d
00000050
40000000
10000014
00000001
02340000
00000001
00000800
00048800
30000000
10000014
00000001
02340000
00000001
00080800
00048800
30000000
90000060
00000910
00000107
00000003
00000000
00000080
00000008
00000002
00000000
00000000
00000000
00000000
00000000
00000000
00000000
00000000
00000000
00000000
00000000
00000000
00000000
00000000
00000000
00000000
00000000
70000000
00000000
00000000
00000000
00000000
00000000
00000000
00000000
00000000
00000000
00000000
00000000
00000000
00000000
00000000
00000000
00000000
10000014
00000001
01000000
00000001
02340000
00012200
30000000
10000014
00000001
01040000
00000001
02352200
00012200
30000000
21000030
00000001
00340000
00000000
00000008
0000001d
00000050
00000050
00000010
001dfc00
00000010
00000000
00000000
40000000
21000030
00000001
00352200
00000000
00000008
0000001d
00000050
00000070
00000030
001dfc20
00000010
00000000
00000000
40000000
10000014
00000001
027c02c0
00000001
03000000
00000090
30000000
10000014
00000000
00205000
00000001
00000000
00000c00
30000000
10000014
00000000
00205c00
00000001
00080000
00000c00
30000000
22000030
00000003
001a0000
00000000
00000010
00000050
00000050
00000000
00000000
001a0000
00000000
00000000
00000000
40000000
22000030
00000007
001a0000
00000000
00000010
00000011
00000050
00000000
00000000
00340000
03031111
00000010
00000050
40000000
10000014
00000001
02340000
00000001
00001800
00078000
30000000
10000014
00000001
02340000
00000001
00081800
00078000
30000000
90000060
00000500
00000307
00000003
00000000
00000180
00000018
00000002
00000000
00000000
00000000
00000000
00000000
00000000
00000000
00000000
00000000
00000000
00000000
00000000
00000000
00000000
00000000
00000000
00000000
70000000
00000000
00000000
00000000
00000000
00000000
00000000
00000000
00000000
00000000
00000000
00000000
00000000
00000000
00000000
00000000
00000000
10000014
00000001
01000000
00000001
02340000
0000a000
30000000
10000014
00000001
01040000
00000001
0234a000
0000a000
30000000
21000030
00000001
00340000
00000000
00000008
00000010
00000050
00000050
00000010
006b8000
00000010
00000000
00000000
40000000
21000030
00000001
0034a000
00000000
00000008
00000010
00000050
00000070
00000030
006b8020
00000010
00000000
00000000
40000000
22000030
00000007
001a9600
00000000
00000010
00000012
00000050
00000000
00000000
00340000
03031101
00000010
00000050
40000000
10000014
00000001
02340000
00000001
00001800
00078000
30000000
10000014
00000001
02340000
00000001
00081800
00078000
30000000
90000060
00000500
00000307
00000003
00000000
00000180
00000018
00000002
00000000
00000000
00000000
00000000
00000000
00000000
00000000
00000000
00000000
00000000
00000000
00000000
00000000
00000000
00000000
00000000
00000000
70000000
00000000
00000000
00000000
00000000
00000000
00000000
00000000
00000000
00000000
00000000
00000000
00000000
00000000
00000000
00000000
00000000
10000014
00000001
01000000
00000001
02340000
0000a000
30000000
10000014
00000001
01040000
00000001
0234a000
0000a000
30000000
21000030
00000001
00340000
00000000
00000008
00000010
00000050
00000050
00000010
006cc000
00000010
00000000
00000000
40000000
21000030
00000001
0034a000
00000000
00000008
00000010
00000050
00000070
00000030
006cc020
00000010
00000000
00000000
40000000
22000030
00000007
001b3600
00000000
00000010
00000012
00000050
00000000
00000000
00340000
03031101
00000010
00000050
40000000
10000014
00000001
02340000
00000001
00001800
00078000
30000000
10000014
00000001
02340000
00000001
00081800
00078000
30000000
90000060
00000500
00000307
00000003
00000000
00000180
00000018
00000002
00000000
00000000
00000000
00000000
00000000
00000000
00000000
00000000
00000000
00000000
00000000
00000000
00000000
00000000
00000000
00000000
00000000
70000000
00000000
00000000
00000000
00000000
00000000
00000000
00000000
00000000
00000000
00000000
00000000
00000000
00000000
00000000
00000000
00000000
10000014
00000001
01000000
00000001
02340000
0000a000
30000000
10000014
00000001
01040000
00000001
0234a000
0000a000
30000000
21000030
00000001
00340000
00000000
00000008
00000010
00000050
00000050
00000010
006e0000
00000010
00000000
00000000
40000000
21000030
00000001
0034a000
00000000
00000008
00000010
00000050
00000070
00000030
006e0020
00000010
00000000
00000000
40000000
22000030
00000007
001bd600
00000000
00000010
00000012
00000050
00000000
00000000
00340000
03031101
00000010
00000050
40000000
10000014
00000001
02340000
00000001
00001800
00078000
30000000
10000014
00000001
02340000
00000001
00081800
00078000
30000000
90000060
00000500
00000307
00000003
00000000
00000180
00000018
00000002
00000000
00000000
00000000
00000000
00000000
00000000
00000000
00000000
00000000
00000000
00000000
00000000
00000000
00000000
00000000
00000000
00000000
70000000
00000000
00000000
00000000
00000000
00000000
00000000
00000000
00000000
00000000
00000000
00000000
00000000
00000000
00000000
00000000
00000000
10000014
00000001
01000000
00000001
02340000
0000a000
30000000
10000014
00000001
01040000
00000001
0234a000
0000a000
30000000
21000030
00000001
00340000
00000000
00000008
00000010
00000050
00000050
00000010
006f4000
00000010
00000000
00000000
40000000
21000030
00000001
0034a000
00000000
00000008
00000010
00000050
00000070
00000030
006f4020
00000010
00000000
00000000
40000000
22000030
00000007
001c7600
00000000
00000010
00000011
00000050
00000000
00000000
00340000
03031101
00000010
00000050
40000000
10000014
00000001
02340000
00000001
00001800
00078000
30000000
10000014
00000001
02340000
00000001
00081800
00078000
30000000
90000060
00000500
00000307
00000003
00000000
00000180
00000018
00000002
00000000
00000000
00000000
00000000
00000000
00000000
00000000
00000000
00000000
00000000
00000000
00000000
00000000
00000000
00000000
00000000
00000000
70000000
00000000
00000000
00000000
00000000
00000000
00000000
00000000
00000000
00000000
00000000
00000000
00000000
00000000
00000000
00000000
00000000
10000014
00000001
01000000
00000001
02340000
0000a000
30000000
10000014
00000001
01040000
00000001
0234a000
0000a000
30000000
21000030
00000001
00340000
00000000
00000008
00000010
00000050
00000050
00000010
00708000
00000010
00000000
00000000
40000000
21000030
00000001
0034a000
00000000
00000008
00000010
00000050
00000070
00000030
00708020
00000010
00000000
00000000
40000000
10000014
00000001
027c0350
00000001
03000000
00000090
30000000
10000014
00000000
00206800
00000001
00000000
00000400
30000000
10000014
00000000
00206c00
00000001
00080000
00000400
30000000
22000030
00000003
005f0000
00000000
00000020
00000050
00000050
00000000
00000000
00000000
00000000
00000000
00000000
40000000
22000030
00000007
00000000
00000000
00000020
00000033
00000050
00000000
00000000
00340000
01011100
00000033
00000050
40000000
10000014
00000001
02340000
00000001
00000800
0007f800
30000000
10000014
00000001
02340000
00000001
00080800
0007f800
30000000
90000060
00000ff0
00000107
00000003
00000000
00000080
00000008
00000002
00000000
00000000
00000000
00000000
00000000
00000000
00000000
00000000
00000000
00000000
00000000
00000000
00000000
00000000
00000000
00000000
00000000
70000000
00000000
00000000
00000000
00000000
00000000
00000000
00000000
00000000
00000000
00000000
00000000
00000000
00000000
00000000
00000000
00000000
10000014
00000001
01000000
00000001
02340000
0001fe00
30000000
10000014
00000001
01040000
00000001
0235fe00
0001fe00
30000000
21000030
00000001
00340000
00000000
00000008
00000033
00000050
00000050
00000010
0071c000
00000010
00000000
00000000
40000000
21000030
00000001
0035fe00
00000000
00000008
00000033
00000050
00000070
00000030
0071c020
00000010
00000000
00000000
40000000
22000030
00000007
0003fc00
00000000
00000020
0000001d
00000050
00000000
00000000
00340000
01011100
0000001d
00000050
40000000
10000014
00000001
02340000
00000001
00000800
00048800
30000000
10000014
00000001
02340000
00000001
00080800
00048800
30000000
90000060
00000910
00000107
00000003
00000000
00000080
00000008
00000002
00000000
00000000
00000000
00000000
00000000
00000000
00000000
00000000
00000000
00000000
00000000
00000000
00000000
00000000
00000000
00000000
00000000
70000000
00000000
00000000
00000000
00000000
00000000
00000000
00000000
00000000
00000000
00000000
00000000
00000000
00000000
00000000
00000000
00000000
10000014
00000001
01000000
00000001
02340000
00012200
30000000
10000014
00000001
01040000
00000001
02352200
00012200
30000000
21000030
00000001
00340000
00000000
00000008
0000001d
00000050
00000050
00000010
0075bc00
00000010
00000000
00000000
40000000
21000030
00000001
00352200
00000000
00000008
0000001d
00000050
00000070
00000030
0075bc20
00000010
00000000
00000000
40000000
a0000020
00000001
026b8000
00000001
02000000
00000040
00000040
00000080
00001900
30000000
a0000020
00000001
0271c000
00000001
02000040
00000040
00000040
00000080
00001900
30000000
10000014
00000001
027c03e0
00000001
03000000
00000110
30000000
10000014
00000000
00207000
00000001
00000000
00000400
30000000
10000014
00000000
00207400
00000001
00080000
00000400
30000000
10000014
00000000
00207800
00000001
00100000
00000400
30000000
10000014
00000000
00207c00
00000001
00180000
00000400
30000000
22000030
00000003
00000000
00000000
00000020
00000050
00000050
00000000
00000000
00000000
00000000
00000000
00000000
40000000
22000030
00000007
00000000
00000000
00000020
00000032
00000050
00000000
00000000
00340000
01011100
00000032
00000050
40000000
10000014
00000001
02340000
00000001
00001000
0007d000
30000000
10000014
00000001
02340000
00000001
00081000
0007d000
30000000
10000014
00000001
02340000
00000001
00101000
0007d000
30000000
10000014
00000001
02340000
00000001
00181000
0007d000
30000000
90000060
00000fa0
00000107
0000000f
00000000
00000100
00000008
00000002
00000000
00000000
00000000
00000000
00000000
00000000
00000000
00000000
00000000
00000000
00000000
00000000
00000000
00000000
00000000
00000000
00000000
70000000
00000000
00000000
00000000
00000000
00000000
00000000
00000000
00000000
00000000
00000000
00000000
00000000
00000000
00000000
00000000
00000000
10000014
00000001
01000000
00000001
02340000
0001f400
30000000
10000014
00000001
01040000
00000001
0235f400
0001f400
30000000
10000014
00000001
01080000
00000001
0237e800
0001f400
30000000
10000014
00000001
010c0000
00000001
0239dc00
0001f400
30000000
21000030
00000001
00340000
00000000
00000008
00000032
00000050
00000090
00000010
001a0000
00000020
00000000
00000000
40000000
21000030
00000001
0035f400
00000000
00000008
00000032
00000050
000000b0
00000030
001a0020
00000020
00000000
00000000
40000000
21000030
00000001
0037e800
00000000
00000008
00000032
00000050
000000d0
00000050
001a0040
00000020
00000000
00000000
40000000
21000030
00000001
0039dc00
00000000
00000008
00000032
00000050
000000f0
00000070
001a0060
00000020
00000000
00000000
40000000
22000030
00000007
0003e800
00000000
00000020
0000001e
00000050
00000000
00000000
00340000
01011100
0000001e
00000050
40000000
10000014
00000001
02340000
00000001
00001000
0004b000
30000000
10000014
00000001
02340000
00000001
00081000
0004b000
30000000
10000014
00000001
02340000
00000001
00101000
0004b000
30000000
10000014
00000001
02340000
00000001
00181000
0004b000
30000000
90000060
00000960
00000107
0000000f
00000000
00000100
00000008
00000002
00000000
00000000
00000000
00000000
00000000
00000000
00000000
00000000
00000000
00000000
00000000
00000000
00000000
00000000
00000000
00000000
00000000
70000000
00000000
00000000
00000000
00000000
00000000
00000000
00000000
00000000
00000000
00000000
00000000
00000000
00000000
00000000
00000000
00000000
10000014
00000001
01000000
00000001
02340000
00012c00
30000000
10000014
00000001
01040000
00000001
02352c00
00012c00
30000000
10000014
00000001
01080000
00000001
02365800
00012c00
30000000
10000014
00000001
010c0000
00000001
02378400
00012c00
30000000
21000030
00000001
00340000
00000000
00000008
0000001e
00000050
00000090
00000010
0021d000
00000020
00000000
00000000
40000000
21000030
00000001
00352c00
00000000
00000008
0000001e
00000050
000000b0
00000030
0021d020
00000020
00000000
00000000
40000000
21000030
00000001
00365800
00000000
00000008
0000001e
00000050
000000d0
00000050
0021d040
00000020
00000000
00000000
40000000
21000030
00000001
00378400
00000000
00000008
0000001e
00000050
000000f0
00000070
0021d060
00000020
00000000
00000000
40000000
10000014
00000001
027c04f0
00000001
03000000
00000210
30000000
10000014
00000000
00208000
00000001
00000000
00001400
30000000
10000014
00000000
00209400
00000001
00080000
00001400
30000000
10000014
00000000
0020a800
00000001
00100000
00001400
30000000
10000014
00000000
0020bc00
00000001
00180000
00001400
30000000
10000014
00000000
0020d000
00000001
00200000
00001400
30000000
10000014
00000000
0020e400
00000001
00280000
00001400
30000000
10000014
00000000
0020f800
00000001
00300000
00001400
30000000
10000014
00000000
00210c00
00000001
00380000
00001400
30000000
22000030
00000003
001a0000
00000000
00000020
00000050
00000050
00000000
00000000
001a0000
00000000
00000000
00000000
40000000
22000030
00000007
001a0000
00000000
00000020
00000024
00000050
00000000
00000000
00340000
03032211
00000012
00000028
40000000
10000014
00000001
02340000
00000001
0000a000
00070800
30000000
10000014
00000001
02340000
00000001
0008a000
00070800
30000000
10000014
00000001
02340000
00000001
0010a000
00070800
30000000
10000014
00000001
02340000
00000001
0018a000
00070800
30000000
10000014
00000001
02340000
00000001
0020a000
00070800
30000000
10000014
00000001
02340000
00000001
0028a000
00070800
30000000
10000014
00000001
02340000
00000001
0030a000
00070800
30000000
10000014
00000001
02340000
00000001
0038a000
00070800
30000000
90000060
000002d0
00000507
000000ff
00000000
00000a00
00000028
00000002
00000000
00000000
00000000
00000000
00000000
00000000
00000000
00000000
00000000
00000000
00000000
00000000
00000000
00000000
00000000
00000000
00000000
70000000
00000000
00000000
00000000
00000000
00000000
00000000
00000000
00000000
00000000
00000000
00000000
00000000
00000000
00000000
00000000
00000000
10000014
00000001
01000000
00000001
02340000
00005a00
30000000
10000014
00000001
01040000
00000001
02345a00
00005a00
30000000
10000014
00000001
01080000
00000001
0234b400
00005a00
30000000
10000014
00000001
010c0000
00000001
02350e00
00005a00
30000000
10000014
00000001
01100000
00000001
02356800
00005a00
30000000
10000014
00000001
01140000
00000001
0235c200
00005a00
30000000
10000014
00000001
01180000
00000001
02361c00
00005a00
30000000
10000014
00000001
011c0000
00000001
02367600
00005a00
30000000
21000030
00000001
00340000
00000000
00000008
00000012
00000028
00000110
00000010
005f0000
00000040
00000000
00000000
40000000
21000030
00000001
00345a00
00000000
00000008
00000012
00000028
00000130
00000030
005f0020
00000040
00000000
00000000
40000000
21000030
00000001
0034b400
00000000
00000008
00000012
00000028
00000150
00000050
005f0040
00000040
00000000
00000000
40000000
21000030
00000001
00350e00
00000000
00000008
00000012
00000028
00000170
00000070
005f0060
00000040
00000000
00000000
40000000
21000030
00000001
00356800
00000000
00000008
00000012
00000028
00000190
00000090
005f0080
00000040
00000000
00000000
40000000
21000030
00000001
0035c200
00000000
00000008
00000012
00000028
000001b0
000000b0
005f00a0
00000040
00000000
00000000
40000000
21000030
00000001
00361c00
00000000
00000008
00000012
00000028
000001d0
000000d0
005f00c0
00000040
00000000
00000000
40000000
21000030
00000001
00367600
00000000
00000008
00000012
00000028
000001f0
000000f0
005f00e0
00000040
00000000
00000000
40000000
22000030
00000007
001cbc00
00000000
00000020
00000025
00000050
00000000
00000000
00340000
03032201
00000012
00000028
40000000
10000014
00000001
02340000
00000001
0000a000
00070800
30000000
10000014
00000001
02340000
00000001
0008a000
00070800
30000000
10000014
00000001
02340000
00000001
0010a000
00070800
30000000
10000014
00000001
02340000
00000001
0018a000
00070800
30000000
10000014
00000001
02340000
00000001
0020a000
00070800
30000000
10000014
00000001
02340000
00000001
0028a000
00070800
30000000
10000014
00000001
02340000
00000001
0030a000
00070800
30000000
10000014
00000001
02340000
00000001
0038a000
00070800
30000000
90000060
000002d0
00000507
000000ff
00000000
00000a00
00000028
00000002
00000000
00000000
00000000
00000000
00000000
00000000
00000000
00000000
00000000
00000000
00000000
00000000
00000000
00000000
00000000
00000000
00000000
70000000
00000000
00000000
00000000
00000000
00000000
00000000
00000000
00000000
00000000
00000000
00000000
00000000
00000000
00000000
00000000
00000000
10000014
00000001
01000000
00000001
02340000
00005a00
30000000
10000014
00000001
01040000
00000001
02345a00
00005a00
30000000
10000014
00000001
01080000
00000001
0234b400
00005a00
30000000
10000014
00000001
010c0000
00000001
02350e00
00005a00
30000000
10000014
00000001
01100000
00000001
02356800
00005a00
30000000
10000014
00000001
01140000
00000001
0235c200
00005a00
30000000
10000014
00000001
01180000
00000001
02361c00
00005a00
30000000
10000014
00000001
011c0000
00000001
02367600
00005a00
30000000
21000030
00000001
00340000
00000000
00000008
00000012
00000028
00000110
00000010
0061d000
00000040
00000000
00000000
40000000
21000030
00000001
00345a00
00000000
00000008
00000012
00000028
00000130
00000030
0061d020
00000040
00000000
00000000
40000000
21000030
00000001
0034b400
00000000
00000008
00000012
00000028
00000150
00000050
0061d040
00000040
00000000
00000000
40000000
21000030
00000001
00350e00
00000000
00000008
00000012
00000028
00000170
00000070
0061d060
00000040
00000000
00000000
40000000
21000030
00000001
00356800
00000000
00000008
00000012
00000028
00000190
00000090
0061d080
00000040
00000000
00000000
40000000
21000030
00000001
0035c200
00000000
00000008
00000012
00000028
000001b0
000000b0
0061d0a0
00000040
00000000
00000000
40000000
21000030
00000001
00361c00
00000000
00000008
00000012
00000028
000001d0
000000d0
0061d0c0
00000040
00000000
00000000
40000000
21000030
00000001
00367600
00000000
00000008
00000012
00000028
000001f0
000000f0
0061d0e0
00000040
00000000
00000000
40000000
22000030
00000007
001f8c00
00000000
00000020
00000009
00000050
00000000
00000000
00340000
03032201
00000004
00000028
40000000
10000014
00000001
02340000
00000001
0000a000
00019000
30000000
10000014
00000001
02340000
00000001
0008a000
00019000
30000000
10000014
00000001
02340000
00000001
0010a000
00019000
30000000
10000014
00000001
02340000
00000001
0018a000
00019000
30000000
10000014
00000001
02340000
00000001
0020a000
00019000
30000000
10000014
00000001
02340000
00000001
0028a000
00019000
30000000
10000014
00000001
02340000
00000001
0030a000
00019000
30000000
10000014
00000001
02340000
00000001
0038a000
00019000
30000000
90000060
000000a0
00000507
000000ff
00000000
00000a00
00000028
00000002
00000000
00000000
00000000
00000000
00000000
00000000
00000000
00000000
00000000
00000000
00000000
00000000
00000000
00000000
00000000
00000000
00000000
70000000
00000000
00000000
00000000
00000000
00000000
00000000
00000000
00000000
00000000
00000000
00000000
00000000
00000000
00000000
00000000
00000000
10000014
00000001
01000000
00000001
02340000
00001400
30000000
10000014
00000001
01040000
00000001
02341400
00001400
30000000
10000014
00000001
01080000
00000001
02342800
00001400
30000000
10000014
00000001
010c0000
00000001
02343c00
00001400
30000000
10000014
00000001
01100000
00000001
02345000
00001400
30000000
10000014
00000001
01140000
00000001
02346400
00001400
30000000
10000014
00000001
01180000
00000001
02347800
00001400
30000000
10000014
00000001
011c0000
00000001
02348c00
00001400
30000000
21000030
00000001
00340000
00000000
00000008
00000004
00000028
00000110
00000010
0064a000
00000040
00000000
00000000
40000000
21000030
00000001
00341400
00000000
00000008
00000004
00000028
00000130
00000030
0064a020
00000040
00000000
00000000
40000000
21000030
00000001
00342800
00000000
00000008
00000004
00000028
00000150
00000050
0064a040
00000040
00000000
00000000
40000000
21000030
00000001
00343c00
00000000
00000008
00000004
00000028
00000170
00000070
0064a060
00000040
00000000
00000000
40000000
21000030
00000001
00345000
00000000
00000008
00000004
00000028
00000190
00000090
0064a080
00000040
00000000
00000000
40000000
21000030
00000001
00346400
00000000
00000008
00000004
00000028
000001b0
000000b0
0064a0a0
00000040
00000000
00000000
40000000
21000030
00000001
00347800
00000000
00000008
00000004
00000028
000001d0
000000d0
0064a0c0
00000040
00000000
00000000
40000000
21000030
00000001
00348c00
00000000
00000008
00000004
00000028
000001f0
000000f0
0064a0e0
00000040
00000000
00000000
40000000
10000014
00000001
027c0700
00000001
03000000
00000110
30000000
10000014
00000000
00212000
00000001
00000000
00000400
30000000
10000014
00000000
00212400
00000001
00080000
00000400
30000000
10000014
00000000
00212800
00000001
00100000
00000400
30000000
10000014
00000000
00212c00
00000001
00180000
00000400
30000000
22000030
00000003
005f0000
00000000
00000040
00000028
00000028
00000000
00000000
00654000
00000000
00000000
00000000
40000000
22000030
00000007
00654000
00000000
00000040
00000028
00000028
00000000
00000000
00340000
01011100
00000028
00000028
40000000
10000014
00000001
02340000
00000001
00001000
00032000
30000000
10000014
00000001
02340000
00000001
00081000
00032000
30000000
10000014
00000001
02340000
00000001
00101000
00032000
30000000
10000014
00000001
02340000
00000001
00181000
00032000
30000000
90000060
00000640
00000107
0000000f
00000000
00000100
00000008
00000002
00000000
00000000
00000000
00000000
00000000
00000000
00000000
00000000
00000000
00000000
00000000
00000000
00000000
00000000
00000000
00000000
00000000
70000000
00000000
00000000
00000000
00000000
00000000
00000000
00000000
00000000
00000000
00000000
00000000
00000000
00000000
00000000
00000000
00000000
10000014
00000001
01000000
00000001
02340000
0000c800
30000000
10000014
00000001
01040000
00000001
0234c800
0000c800
30000000
10000014
00000001
01080000
00000001
02359000
0000c800
30000000
10000014
00000001
010c0000
00000001
02365800
0000c800
30000000
21000030
00000001
00340000
00000000
00000008
00000028
00000028
00000090
00000010
00000000
00000020
00000000
00000000
40000000
21000030
00000001
0034c800
00000000
00000008
00000028
00000028
000000b0
00000030
00000020
00000020
00000000
00000000
40000000
21000030
00000001
00359000
00000000
00000008
00000028
00000028
000000d0
00000050
00000040
00000020
00000000
00000000
40000000
21000030
00000001
00365800
00000000
00000008
00000028
00000028
000000f0
00000070
00000060
00000020
00000000
00000000
40000000
10000014
00000001
027c0810
00000001
03000000
00000110
30000000
10000014
00000000
00213000
00000001
00000000
00000400
30000000
10000014
00000000
00213400
00000001
00080000
00000400
30000000
10000014
00000000
00213800
00000001
00100000
00000400
30000000
10000014
00000000
00213c00
00000001
00180000
00000400
30000000
22000030
00000003
00000000
00000000
00000020
00000028
00000028
00000000
00000000
00000000
00000000
00000000
00000000
40000000
22000030
00000007
00000000
00000000
00000020
00000028
00000028
00000000
00000000
00340000
01011100
00000028
00000028
40000000
10000014
00000001
02340000
00000001
00001000
00032000
30000000
10000014
00000001
02340000
00000001
00081000
00032000
30000000
10000014
00000001
02340000
00000001
00101000
00032000
30000000
10000014
00000001
02340000
00000001
00181000
00032000
30000000
90000060
00000640
00000107
0000000f
00000000
00000100
00000008
00000002
00000000
00000000
00000000
00000000
00000000
00000000
00000000
00000000
00000000
00000000
00000000
00000000
00000000
00000000
00000000
00000000
00000000
70000000
00000000
00000000
00000000
00000000
00000000
00000000
00000000
00000000
00000000
00000000
00000000
00000000
00000000
00000000
00000000
00000000
10000014
00000001
01000000
00000001
02340000
0000c800
30000000
10000014
00000001
01040000
00000001
0234c800
0000c800
30000000
10000014
00000001
01080000
00000001
02359000
0000c800
30000000
10000014
00000001
010c0000
00000001
02365800
0000c800
30000000
21000030
00000001
00340000
00000000
00000008
00000028
00000028
00000090
00000010
001a0000
00000020
00000000
00000000
40000000
21000030
00000001
0034c800
00000000
00000008
00000028
00000028
000000b0
00000030
001a0020
00000020
00000000
00000000
40000000
21000030
00000001
00359000
00000000
00000008
00000028
00000028
000000d0
00000050
001a0040
00000020
00000000
00000000
40000000
21000030
00000001
00365800
00000000
00000008
00000028
00000028
000000f0
00000070
001a0060
00000020
00000000
00000000
40000000
10000014
00000001
027c0920
00000001
03000000
00000110
30000000
10000014
00000000
00214000
00000001
00000000
00001400
30000000
10000014
00000000
00215400
00000001
00080000
00001400
30000000
10000014
00000000
00216800
00000001
00100000
00001400
30000000
10000014
00000000
00217c00
00000001
00180000
00001400
30000000
22000030
00000003
001a0000
00000000
00000020
00000028
00000028
00000000
00000000
001a0000
00000000
00000000
00000000
40000000
22000030
00000007
001a0000
00000000
00000020
00000014
00000028
00000000
00000000
00340000
03031111
00000013
00000028
40000000
10000014
00000001
02340000
00000001
00005000
00076c00
30000000
10000014
00000001
02340000
00000001
00085000
00076c00
30000000
10000014
00000001
02340000
00000001
00105000
00076c00
30000000
10000014
00000001
02340000
00000001
00185000
00076c00
30000000
90000060
000002f8
00000507
0000000f
00000000
00000500
00000028
00000002
00000000
00000000
00000000
00000000
00000000
00000000
00000000
00000000
00000000
00000000
00000000
00000000
00000000
00000000
00000000
00000000
00000000
70000000
00000000
00000000
00000000
00000000
00000000
00000000
00000000
00000000
00000000
00000000
00000000
00000000
00000000
00000000
00000000
00000000
10000014
00000001
01000000
00000001
02340000
00005f00
30000000
10000014
00000001
01040000
00000001
02345f00
00005f00
30000000
10000014
00000001
01080000
00000001
0234be00
00005f00
30000000
10000014
00000001
010c0000
00000001
02351d00
00005f00
30000000
21000030
00000001
00340000
00000000
00000008
00000013
00000028
00000090
00000010
00000000
00000020
00000000
00000000
40000000
21000030
00000001
00345f00
00000000
00000008
00000013
00000028
000000b0
00000030
00000020
00000020
00000000
00000000
40000000
21000030
00000001
0034be00
00000000
00000008
00000013
00000028
000000d0
00000050
00000040
00000020
00000000
00000000
40000000
21000030
00000001
00351d00
00000000
00000008
00000013
00000028
000000f0
00000070
00000060
00000020
00000000
00000000
40000000
22000030
00000007
001ab400
00000000
00000020
00000015
00000028
00000000
00000000
00340000
03031101
00000013
00000028
40000000
10000014
00000001
02340000
00000001
00005000
00076c00
30000000
10000014
00000001
02340000
00000001
00085000
00076c00
30000000
10000014
00000001
02340000
00000001
00105000
00076c00
30000000
10000014
00000001
02340000
00000001
00185000
00076c00
30000000
90000060
000002f8
00000507
0000000f
00000000
00000500
00000028
00000002
00000000
00000000
00000000
00000000
00000000
00000000
00000000
00000000
00000000
00000000
00000000
00000000
00000000
00000000
00000000
00000000
00000000
70000000
00000000
00000000
00000000
00000000
00000000
00000000
00000000
00000000
00000000
00000000
00000000
00000000
00000000
00000000
00000000
00000000
10000014
00000001
01000000
00000001
02340000
00005f00
30000000
10000014
00000001
01040000
00000001
02345f00
00005f00
30000000
10000014
00000001
01080000
00000001
0234be00
00005f00
30000000
10000014
00000001
010c0000
00000001
02351d00
00005f00
30000000
21000030
00000001
00340000
00000000
00000008
00000013
00000028
00000090
00000010
00017c00
00000020
00000000
00000000
40000000
21000030
00000001
00345f00
00000000
00000008
00000013
00000028
000000b0
00000030
00017c20
00000020
00000000
00000000
40000000
21000030
00000001
0034be00
00000000
00000008
00000013
00000028
000000d0
00000050
00017c40
00000020
00000000
00000000
40000000
21000030
00000001
00351d00
00000000
00000008
00000013
00000028
000000f0
00000070
00017c60
00000020
00000000
00000000
40000000
22000030
00000007
001b7200
00000000
00000020
00000003
00000028
00000000
00000000
00340000
03031101
00000002
00000028
40000000
10000014
00000001
02340000
00000001
00005000
0000c800
30000000
10000014
00000001
02340000
00000001
00085000
0000c800
30000000
10000014
00000001
02340000
00000001
00105000
0000c800
30000000
10000014
00000001
02340000
00000001
00185000
0000c800
30000000
90000060
00000050
00000507
0000000f
00000000
00000500
00000028
00000002
00000000
00000000
00000000
00000000
00000000
00000000
00000000
00000000
00000000
00000000
00000000
00000000
00000000
00000000
00000000
00000000
00000000
70000000
00000000
00000000
00000000
00000000
00000000
00000000
00000000
00000000
00000000
00000000
00000000
00000000
00000000
00000000
00000000
00000000
10000014
00000001
01000000
00000001
02340000
00000a00
30000000
10000014
00000001
01040000
00000001
02340a00
00000a00
30000000
10000014
00000001
01080000
00000001
02341400
00000a00
30000000
10000014
00000001
010c0000
00000001
02341e00
00000a00
30000000
21000030
00000001
00340000
00000000
00000008
00000002
00000028
00000090
00000010
0002f800
00000020
00000000
00000000
40000000
21000030
00000001
00340a00
00000000
00000008
00000002
00000028
000000b0
00000030
0002f820
00000020
00000000
00000000
40000000
21000030
00000001
00341400
00000000
00000008
00000002
00000028
000000d0
00000050
0002f840
00000020
00000000
00000000
40000000
21000030
00000001
00341e00
00000000
00000008
00000002
00000028
000000f0
00000070
0002f860
00000020
00000000
00000000
40000000
10000014
00000001
027c0a30
00000001
03000000
00000110
30000000
10000014
00000000
00219000
00000001
00000000
00000400
30000000
10000014
00000000
00219400
00000001
00080000
00000400
30000000
10000014
00000000
00219800
00000001
00100000
00000400
30000000
10000014
00000000
00219c00
00000001
00180000
00000400
30000000
22000030
00000003
00000000
00000000
00000020
00000028
00000028
00000000
00000000
00000000
00000000
00000000
00000000
40000000
22000030
00000007
00000000
00000000
00000020
00000028
00000028
00000000
00000000
00340000
01011100
00000028
00000028
40000000
10000014
00000001
02340000
00000001
00001000
00032000
30000000
10000014
00000001
02340000
00000001
00081000
00032000
30000000
10000014
00000001
02340000
00000001
00101000
00032000
30000000
10000014
00000001
02340000
00000001
00181000
00032000
30000000
90000060
00000640
00000107
0000000f
00000000
00000100
00000008
00000002
00000000
00000000
00000000
00000000
00000000
00000000
00000000
00000000
00000000
00000000
00000000
00000000
00000000
00000000
00000000
00000000
00000000
70000000
00000000
00000000
00000000
00000000
00000000
00000000
00000000
00000000
00000000
00000000
00000000
00000000
00000000
00000000
00000000
00000000
10000014
00000001
01000000
00000001
02340000
0000c800
30000000
10000014
00000001
01040000
00000001
0234c800
0000c800
30000000
10000014
00000001
01080000
00000001
02359000
0000c800
30000000
10000014
00000001
010c0000
00000001
02365800
0000c800
30000000
21000030
00000001
00340000
00000000
00000008
00000028
00000028
00000090
00000010
001a0000
00000020
00000000
00000000
40000000
21000030
00000001
0034c800
00000000
00000008
00000028
00000028
000000b0
00000030
001a0020
00000020
00000000
00000000
40000000
21000030
00000001
00359000
00000000
00000008
00000028
00000028
000000d0
00000050
001a0040
00000020
00000000
00000000
40000000
21000030
00000001
00365800
00000000
00000008
00000028
00000028
000000f0
00000070
001a0060
00000020
00000000
00000000
40000000
10000014
00000001
027c0b40
00000001
03000000
00000110
30000000
10000014
00000000
0021a000
00000001
00000000
00001400
30000000
10000014
00000000
0021b400
00000001
00080000
00001400
30000000
10000014
00000000
0021c800
00000001
00100000
00001400
30000000
10000014
00000000
0021dc00
00000001
00180000
00001400
30000000
22000030
00000003
001a0000
00000000
00000020
00000028
00000028
00000000
00000000
001a0000
00000000
00000000
00000000
40000000
22000030
00000007
001a0000
00000000
00000020
00000014
00000028
00000000
00000000
00340000
03031111
00000013
00000028
40000000
10000014
00000001
02340000
00000001
00005000
00076c00
30000000
10000014
00000001
02340000
00000001
00085000
00076c00
30000000
10000014
00000001
02340000
00000001
00105000
00076c00
30000000
10000014
00000001
02340000
00000001
00185000
00076c00
30000000
90000060
000002f8
00000507
0000000f
00000000
00000500
00000028
00000002
00000000
00000000
00000000
00000000
00000000
00000000
00000000
00000000
00000000
00000000
00000000
00000000
00000000
00000000
00000000
00000000
00000000
70000000
00000000
00000000
00000000
00000000
00000000
00000000
00000000
00000000
00000000
00000000
00000000
00000000
00000000
00000000
00000000
00000000
10000014
00000001
01000000
00000001
02340000
00005f00
30000000
10000014
00000001
01040000
00000001
02345f00
00005f00
30000000
10000014
00000001
01080000
00000001
0234be00
00005f00
30000000
10000014
00000001
010c0000
00000001
02351d00
00005f00
30000000
21000030
00000001
00340000
00000000
00000008
00000013
00000028
00000090
00000010
00654000
00000020
00000000
00000000
40000000
21000030
00000001
00345f00
00000000
00000008
00000013
00000028
000000b0
00000030
00654020
00000020
00000000
00000000
40000000
21000030
00000001
0034be00
00000000
00000008
00000013
00000028
000000d0
00000050
00654040
00000020
00000000
00000000
40000000
21000030
00000001
00351d00
00000000
00000008
00000013
00000028
000000f0
00000070
00654060
00000020
00000000
00000000
40000000
22000030
00000007
001ab400
00000000
00000020
00000015
00000028
00000000
00000000
00340000
03031101
00000013
00000028
40000000
10000014
00000001
02340000
00000001
00005000
00076c00
30000000
10000014
00000001
02340000
00000001
00085000
00076c00
30000000
10000014
00000001
02340000
00000001
00105000
00076c00
30000000
10000014
00000001
02340000
00000001
00185000
00076c00
30000000
90000060
000002f8
00000507
0000000f
00000000
00000500
00000028
00000002
00000000
00000000
00000000
00000000
00000000
00000000
00000000
00000000
00000000
00000000
00000000
00000000
00000000
00000000
00000000
00000000
00000000
70000000
00000000
00000000
00000000
00000000
00000000
00000000
00000000
00000000
00000000
00000000
00000000
00000000
00000000
00000000
00000000
00000000
10000014
00000001
01000000
00000001
02340000
00005f00
30000000
10000014
00000001
01040000
00000001
02345f00
00005f00
30000000
10000014
00000001
01080000
00000001
0234be00
00005f00
30000000
10000014
00000001
010c0000
00000001
02351d00
00005f00
30000000
21000030
00000001
00340000
00000000
00000008
00000013
00000028
00000090
00000010
0066bc00
00000020
00000000
00000000
40000000
21000030
00000001
00345f00
00000000
00000008
00000013
00000028
000000b0
00000030
0066bc20
00000020
00000000
00000000
40000000
21000030
00000001
0034be00
00000000
00000008
00000013
00000028
000000d0
00000050
0066bc40
00000020
00000000
00000000
40000000
21000030
00000001
00351d00
00000000
00000008
00000013
00000028
000000f0
00000070
0066bc60
00000020
00000000
00000000
40000000
22000030
00000007
001b7200
00000000
00000020
00000003
00000028
00000000
00000000
00340000
03031101
00000002
00000028
40000000
10000014
00000001
02340000
00000001
00005000
0000c800
30000000
10000014
00000001
02340000
00000001
00085000
0000c800
30000000
10000014
00000001
02340000
00000001
00105000
0000c800
30000000
10000014
00000001
02340000
00000001
00185000
0000c800
30000000
90000060
00000050
00000507
0000000f
00000000
00000500
00000028
00000002
00000000
00000000
00000000
00000000
00000000
00000000
00000000
00000000
00000000
00000000
00000000
00000000
00000000
00000000
00000000
00000000
00000000
70000000
00000000
00000000
00000000
00000000
00000000
00000000
00000000
00000000
00000000
00000000
00000000
00000000
00000000
00000000
00000000
00000000
10000014
00000001
01000000
00000001
02340000
00000a00
30000000
10000014
00000001
01040000
00000001
02340a00
00000a00
30000000
10000014
00000001
01080000
00000001
02341400
00000a00
30000000
10000014
00000001
010c0000
00000001
02341e00
00000a00
30000000
21000030
00000001
00340000
00000000
00000008
00000002
00000028
00000090
00000010
00683800
00000020
00000000
00000000
40000000
21000030
00000001
00340a00
00000000
00000008
00000002
00000028
000000b0
00000030
00683820
00000020
00000000
00000000
40000000
21000030
00000001
00341400
00000000
00000008
00000002
00000028
000000d0
00000050
00683840
00000020
00000000
00000000
40000000
21000030
00000001
00341e00
00000000
00000008
00000002
00000028
000000f0
00000070
00683860
00000020
00000000
00000000
40000000
10000014
00000001
027c0c50
00000001
03000000
00000110
30000000
10000014
00000000
0021f000
00000001
00000000
00000400
30000000
10000014
00000000
0021f400
00000001
00080000
00000400
30000000
10000014
00000000
0021f800
00000001
00100000
00000400
30000000
10000014
00000000
0021fc00
00000001
00180000
00000400
30000000
22000030
00000003
005f0000
00000000
00000040
00000028
00000028
00000000
00000000
00000000
00000000
00000000
00000000
40000000
22000030
00000007
00000000
00000000
00000040
00000028
00000028
00000000
00000000
00340000
01011100
00000028
00000028
40000000
10000014
00000001
02340000
00000001
00001000
00032000
30000000
10000014
00000001
02340000
00000001
00081000
00032000
30000000
10000014
00000001
02340000
00000001
00101000
00032000
30000000
10000014
00000001
02340000
00000001
00181000
00032000
30000000
90000060
00000640
00000107
0000000f
00000000
00000100
00000008
00000002
00000000
00000000
00000000
00000000
00000000
00000000
00000000
00000000
00000000
00000000
00000000
00000000
00000000
00000000
00000000
00000000
00000000
70000000
00000000
00000000
00000000
00000000
00000000
00000000
00000000
00000000
00000000
00000000
00000000
00000000
00000000
00000000
00000000
00000000
10000014
00000001
01000000
00000001
02340000
0000c800
30000000
10000014
00000001
01040000
00000001
0234c800
0000c800
30000000
10000014
00000001
01080000
00000001
02359000
0000c800
30000000
10000014
00000001
010c0000
00000001
02365800
0000c800
30000000
21000030
00000001
00340000
00000000
00000008
00000028
00000028
00000090
00000010
00686000
00000020
00000000
00000000
40000000
21000030
00000001
0034c800
00000000
00000008
00000028
00000028
000000b0
00000030
00686020
00000020
00000000
00000000
40000000
21000030
00000001
00359000
00000000
00000008
00000028
00000028
000000d0
00000050
00686040
00000020
00000000
00000000
40000000
21000030
00000001
00365800
00000000
00000008
00000028
00000028
000000f0
00000070
00686060
00000020
00000000
00000000
40000000
a0000020
00000001
02654000
00000001
02000000
00000040
00000080
00000100
00000640
30000000
a0000020
00000001
02654040
00000001
02000040
00000040
00000080
00000100
00000640
30000000
a0000020
00000001
02686000
00000001
02000080
00000040
00000080
00000100
00000640
30000000
a0000020
00000001
02686040
00000001
020000c0
00000040
00000080
00000100
00000640
30000000
10000014
00000001
027c0d60
00000001
03000000
00000210
30000000
10000014
00000000
00220000
00000001
00000000
00000400
30000000
10000014
00000000
00220400
00000001
00080000
00000400
30000000
10000014
00000000
00220800
00000001
00100000
00000400
30000000
10000014
00000000
00220c00
00000001
00180000
00000400
30000000
10000014
00000000
00221000
00000001
00200000
00000400
30000000
10000014
00000000
00221400
00000001
00280000
00000400
30000000
10000014
00000000
00221800
00000001
00300000
00000400
30000000
10000014
00000000
00221c00
00000001
00380000
00000400
30000000
22000030
00000003
00000000
00000000
00000040
00000028
00000028
00000000
00000000
00000000
00000000
00000000
00000000
40000000
22000030
00000007
00000000
00000000
00000040
00000028
00000028
00000000
00000000
00340000
01011100
00000028
00000028
40000000
10000014
00000001
02340000
00000001
00002000
00032000
30000000
10000014
00000001
02340000
00000001
00082000
00032000
30000000
10000014
00000001
02340000
00000001
00102000
00032000
30000000
10000014
00000001
02340000
00000001
00182000
00032000
30000000
10000014
00000001
02340000
00000001
00202000
00032000
30000000
10000014
00000001
02340000
00000001
00282000
00032000
30000000
10000014
00000001
02340000
00000001
00302000
00032000
30000000
10000014
00000001
02340000
00000001
00382000
00032000
30000000
90000060
00000640
00000107
000000ff
00000000
00000200
00000008
00000002
00000000
00000000
00000000
00000000
00000000
00000000
00000000
00000000
00000000
00000000
00000000
00000000
00000000
00000000
00000000
00000000
00000000
70000000
00000000
00000000
00000000
00000000
00000000
00000000
00000000
00000000
00000000
00000000
00000000
00000000
00000000
00000000
00000000
00000000
10000014
00000001
01000000
00000001
02340000
0000c800
30000000
10000014
00000001
01040000
00000001
0234c800
0000c800
30000000
10000014
00000001
01080000
00000001
02359000
0000c800
30000000
10000014
00000001
010c0000
00000001
02365800
0000c800
30000000
10000014
00000001
01100000
00000001
02372000
0000c800
30000000
10000014
00000001
01140000
00000001
0237e800
0000c800
30000000
10000014
00000001
01180000
00000001
0238b000
0000c800
30000000
10000014
00000001
011c0000
00000001
02397800
0000c800
30000000
21000030
00000001
00340000
00000000
00000008
00000028
00000028
00000110
00000010
005f0000
00000040
00000000
00000000
40000000
21000030
00000001
0034c800
00000000
00000008
00000028
00000028
00000130
00000030
005f0020
00000040
00000000
00000000
40000000
21000030
00000001
00359000
00000000
00000008
00000028
00000028
00000150
00000050
005f0040
00000040
00000000
00000000
40000000
21000030
00000001
00365800
00000000
00000008
00000028
00000028
00000170
00000070
005f0060
00000040
00000000
00000000
40000000
21000030
00000001
00372000
00000000
00000008
00000028
00000028
00000190
00000090
005f0080
00000040
00000000
00000000
40000000
21000030
00000001
0037e800
00000000
00000008
00000028
00000028
000001b0
000000b0
005f00a0
00000040
00000000
00000000
40000000
21000030
00000001
0038b000
00000000
00000008
00000028
00000028
000001d0
000000d0
005f00c0
00000040
00000000
00000000
40000000
21000030
00000001
00397800
00000000
00000008
00000028
00000028
000001f0
000000f0
005f00e0
00000040
00000000
00000000
40000000
10000014
00000001
027c0f70
00000001
03000000
00000410
30000000
10000014
00000000
00222000
00000001
00000000
00002400
30000000
10000014
00000000
00224400
00000001
00080000
00002400
30000000
10000014
00000000
00226800
00000001
00100000
00002400
30000000
10000014
00000000
00228c00
00000001
00180000
00002400
30000000
10000014
00000000
0022b000
00000001
00200000
00002400
30000000
10000014
00000000
0022d400
00000001
00280000
00002400
30000000
10000014
00000000
0022f800
00000001
00300000
00002400
30000000
10000014
00000000
00231c00
00000001
00380000
00002400
30000000
22000030
00000003
005f0000
00000000
00000040
00000028
00000028
00000000
00000000
00000000
00000000
00000000
00000000
40000000
22000030
00000007
00000000
00000000
00000040
00000026
00000028
00000000
00000000
00340000
03032211
00000013
00000014
40000000
10000014
00000001
02340000
00000001
00012000
0006ae00
30000000
10000014
00000001
02340000
00000001
00092000
0006ae00
30000000
10000014
00000001
02340000
00000001
00112000
0006ae00
30000000
10000014
00000001
02340000
00000001
00192000
0006ae00
30000000
10000014
00000001
02340000
00000001
00212000
0006ae00
30000000
10000014
00000001
02340000
00000001
00292000
0006ae00
30000000
10000014
00000001
02340000
00000001
00312000
0006ae00
30000000
10000014
00000001
02340000
00000001
00392000
0006ae00
30000000
90000060
0000017c
00000907
000000ff
00000000
00001200
00000048
00000002
00000000
00000000
00000000
00000000
00000000
00000000
00000000
00000000
00000000
00000000
00000000
00000000
00000000
00000000
00000000
00000000
00000000
70000000
00000000
00000000
00000000
00000000
00000000
00000000
00000000
00000000
00000000
00000000
00000000
00000000
00000000
00000000
00000000
00000000
10000014
00000001
01000000
00000001
02340000
00002f80
30000000
10000014
00000001
01040000
00000001
02342f80
00002f80
30000000
10000014
00000001
01080000
00000001
02345f00
00002f80
30000000
10000014
00000001
010c0000
00000001
02348e80
00002f80
30000000
10000014
00000001
01100000
00000001
0234be00
00002f80
30000000
10000014
00000001
01140000
00000001
0234ed80
00002f80
30000000
10000014
00000001
01180000
00000001
02351d00
00002f80
30000000
10000014
00000001
011c0000
00000001
02354c80
00002f80
30000000
21000030
00000001
00340000
00000000
00000008
00000013
00000014
00000210
00000010
00654000
00000080
00000000
00000000
40000000
21000030
00000001
00342f80
00000000
00000008
00000013
00000014
00000230
00000030
00654020
00000080
00000000
00000000
40000000
21000030
00000001
00345f00
00000000
00000008
00000013
00000014
00000250
00000050
00654040
00000080
00000000
00000000
40000000
21000030
00000001
00348e80
00000000
00000008
00000013
00000014
00000270
00000070
00654060
00000080
00000000
00000000
40000000
21000030
00000001
0034be00
00000000
00000008
00000013
00000014
00000290
00000090
00654080
00000080
00000000
00000000
40000000
21000030
00000001
0034ed80
00000000
00000008
00000013
00000014
000002b0
000000b0
006540a0
00000080
00000000
00000000
40000000
21000030
00000001
00351d00
00000000
00000008
00000013
00000014
000002d0
000000d0
006540c0
00000080
00000000
00000000
40000000
21000030
00000001
00354c80
00000000
00000008
00000013
00000014
000002f0
000000f0
006540e0
00000080
00000000
00000000
40000000
22000030
00000007
0002e400
00000000
00000040
00000003
00000028
00000000
00000000
00340000
03032201
00000001
00000014
40000000
10000014
00000001
02340000
00000001
00012000
00005a00
30000000
10000014
00000001
02340000
00000001
00092000
00005a00
30000000
10000014
00000001
02340000
00000001
00112000
00005a00
30000000
10000014
00000001
02340000
00000001
00192000
00005a00
30000000
10000014
00000001
02340000
00000001
00212000
00005a00
30000000
10000014
00000001
02340000
00000001
00292000
00005a00
30000000
10000014
00000001
02340000
00000001
00312000
00005a00
30000000
10000014
00000001
02340000
00000001
00392000
00005a00
30000000
90000060
00000014
00000907
000000ff
00000000
00001200
00000048
00000002
00000000
00000000
00000000
00000000
00000000
00000000
00000000
00000000
00000000
00000000
00000000
00000000
00000000
00000000
00000000
00000000
00000000
70000000
00000000
00000000
00000000
00000000
00000000
00000000
00000000
00000000
00000000
00000000
00000000
00000000
00000000
00000000
00000000
00000000
10000014
00000001
01000000
00000001
02340000
00000280
30000000
10000014
00000001
01040000
00000001
02340280
00000280
30000000
10000014
00000001
01080000
00000001
02340500
00000280
30000000
10000014
00000001
010c0000
00000001
02340780
00000280
30000000
10000014
00000001
01100000
00000001
02340a00
00000280
30000000
10000014
00000001
01140000
00000001
02340c80
00000280
30000000
10000014
00000001
01180000
00000001
02340f00
00000280
30000000
10000014
00000001
011c0000
00000001
02341180
00000280
30000000
21000030
00000001
00340000
00000000
00000008
00000001
00000014
00000210
00000010
00683800
00000080
00000000
00000000
40000000
21000030
00000001
00340280
00000000
00000008
00000001
00000014
00000230
00000030
00683820
00000080
00000000
00000000
40000000
21000030
00000001
00340500
00000000
00000008
00000001
00000014
00000250
00000050
00683840
00000080
00000000
00000000
40000000
21000030
00000001
00340780
00000000
00000008
00000001
00000014
00000270
00000070
00683860
00000080
00000000
00000000
40000000
21000030
00000001
00340a00
00000000
00000008
00000001
00000014
00000290
00000090
00683880
00000080
00000000
00000000
40000000
21000030
00000001
00340c80
00000000
00000008
00000001
00000014
000002b0
000000b0
006838a0
00000080
00000000
00000000
40000000
21000030
00000001
00340f00
00000000
00000008
00000001
00000014
000002d0
000000d0
006838c0
00000080
00000000
00000000
40000000
21000030
00000001
00341180
00000000
00000008
00000001
00000014
000002f0
000000f0
006838e0
00000080
00000000
00000000
40000000
10000014
00000001
027c0f70
00000001
03000000
00000410
30000000
10000014
00000000
00234000
00000001
00000000
00002400
30000000
10000014
00000000
00236400
00000001
00080000
00002400
30000000
10000014
00000000
00238800
00000001
00100000
00002400
30000000
10000014
00000000
0023ac00
00000001
00180000
00002400
30000000
10000014
00000000
0023d000
00000001
00200000
00002400
30000000
10000014
00000000
0023f400
00000001
00280000
00002400
30000000
10000014
00000000
00241800
00000001
00300000
00002400
30000000
10000014
00000000
00243c00
00000001
00380000
00002400
30000000
22000030
00000007
00000000
00000000
00000040
00000026
00000028
00000000
00000000
00340000
03032211
00000013
00000014
40000000
10000014
00000001
02340000
00000001
00012000
0006ae00
30000000
10000014
00000001
02340000
00000001
00092000
0006ae00
30000000
10000014
00000001
02340000
00000001
00112000
0006ae00
30000000
10000014
00000001
02340000
00000001
00192000
0006ae00
30000000
10000014
00000001
02340000
00000001
00212000
0006ae00
30000000
10000014
00000001
02340000
00000001
00292000
0006ae00
30000000
10000014
00000001
02340000
00000001
00312000
0006ae00
30000000
10000014
00000001
02340000
00000001
00392000
0006ae00
30000000
90000060
0000017c
00000907
000000ff
00000000
00001200
00000048
00000002
00000000
00000000
00000000
00000000
00000000
00000000
00000000
00000000
00000000
00000000
00000000
00000000
00000000
00000000
00000000
00000000
00000000
70000000
00000000
00000000
00000000
00000000
00000000
00000000
00000000
00000000
00000000
00000000
00000000
00000000
00000000
00000000
00000000
00000000
10000014
00000001
01000000
00000001
02340000
00002f80
30000000
10000014
00000001
01040000
00000001
02342f80
00002f80
30000000
10000014
00000001
01080000
00000001
02345f00
00002f80
30000000
10000014
00000001
010c0000
00000001
02348e80
00002f80
30000000
10000014
00000001
01100000
00000001
0234be00
00002f80
30000000
10000014
00000001
01140000
00000001
0234ed80
00002f80
30000000
10000014
00000001
01180000
00000001
02351d00
00002f80
30000000
10000014
00000001
011c0000
00000001
02354c80
00002f80
30000000
21000030
00000001
00340000
00000000
00000008
00000013
00000014
00000310
00000110
00654100
00000080
00000000
00000000
40000000
21000030
00000001
00342f80
00000000
00000008
00000013
00000014
00000330
00000130
00654120
00000080
00000000
00000000
40000000
21000030
00000001
00345f00
00000000
00000008
00000013
00000014
00000350
00000150
00654140
00000080
00000000
00000000
40000000
21000030
00000001
00348e80
00000000
00000008
00000013
00000014
00000370
00000170
00654160
00000080
00000000
00000000
40000000
21000030
00000001
0034be00
00000000
00000008
00000013
00000014
00000390
00000190
00654180
00000080
00000000
00000000
40000000
21000030
00000001
0034ed80
00000000
00000008
00000013
00000014
000003b0
000001b0
006541a0
00000080
00000000
00000000
40000000
21000030
00000001
00351d00
00000000
00000008
00000013
00000014
000003d0
000001d0
006541c0
00000080
00000000
00000000
40000000
21000030
00000001
00354c80
00000000
00000008
00000013
00000014
000003f0
000001f0
006541e0
00000080
00000000
00000000
40000000
22000030
00000007
0002e400
00000000
00000040
00000003
00000028
00000000
00000000
00340000
03032201
00000001
00000014
40000000
10000014
00000001
02340000
00000001
00012000
00005a00
30000000
10000014
00000001
02340000
00000001
00092000
00005a00
30000000
10000014
00000001
02340000
00000001
00112000
00005a00
30000000
10000014
00000001
02340000
00000001
00192000
00005a00
30000000
10000014
00000001
02340000
00000001
00212000
00005a00
30000000
10000014
00000001
02340000
00000001
00292000
00005a00
30000000
10000014
00000001
02340000
00000001
00312000
00005a00
30000000
10000014
00000001
02340000
00000001
00392000
00005a00
30000000
90000060
00000014
00000907
000000ff
00000000
00001200
00000048
00000002
00000000
00000000
00000000
00000000
00000000
00000000
00000000
00000000
00000000
00000000
00000000
00000000
00000000
00000000
00000000
00000000
00000000
70000000
00000000
00000000
00000000
00000000
00000000
00000000
00000000
00000000
00000000
00000000
00000000
00000000
00000000
00000000
00000000
00000000
10000014
00000001
01000000
00000001
02340000
00000280
30000000
10000014
00000001
01040000
00000001
02340280
00000280
30000000
10000014
00000001
01080000
00000001
02340500
00000280
30000000
10000014
00000001
010c0000
00000001
02340780
00000280
30000000
10000014
00000001
01100000
00000001
02340a00
00000280
30000000
10000014
00000001
01140000
00000001
02340c80
00000280
30000000
10000014
00000001
01180000
00000001
02340f00
00000280
30000000
10000014
00000001
011c0000
00000001
02341180
00000280
30000000
21000030
00000001
00340000
00000000
00000008
00000001
00000014
00000310
00000110
00683900
00000080
00000000
00000000
40000000
21000030
00000001
00340280
00000000
00000008
00000001
00000014
00000330
00000130
00683920
00000080
00000000
00000000
40000000
21000030
00000001
00340500
00000000
00000008
00000001
00000014
00000350
00000150
00683940
00000080
00000000
00000000
40000000
21000030
00000001
00340780
00000000
00000008
00000001
00000014
00000370
00000170
00683960
00000080
00000000
00000000
40000000
21000030
00000001
00340a00
00000000
00000008
00000001
00000014
00000390
00000190
00683980
00000080
00000000
00000000
40000000
21000030
00000001
00340c80
00000000
00000008
00000001
00000014
000003b0
000001b0
006839a0
00000080
00000000
00000000
40000000
21000030
00000001
00340f00
00000000
00000008
00000001
00000014
000003d0
000001d0
006839c0
00000080
00000000
00000000
40000000
21000030
00000001
00341180
00000000
00000008
00000001
00000014
000003f0
000001f0
006839e0
00000080
00000000
00000000
40000000
10000014
00000001
027c1380
00000001
03000000
00000210
30000000
10000014
00000000
00246000
00000001
00000000
00000800
30000000
10000014
00000000
00246800
00000001
00080000
00000800
30000000
10000014
00000000
00247000
00000001
00100000
00000800
30000000
10000014
00000000
00247800
00000001
00180000
00000800
30000000
10000014
00000000
00248000
00000001
00200000
00000800
30000000
10000014
00000000
00248800
00000001
00280000
00000800
30000000
10000014
00000000
00249000
00000001
00300000
00000800
30000000
10000014
00000000
00249800
00000001
00380000
00000800
30000000
22000030
00000003
00654000
00000000
00000080
00000014
00000014
00000000
00000000
00686000
00000000
00000000
00000000
40000000
22000030
00000007
00686000
00000000
00000080
00000014
00000014
00000000
00000000
00340000
01011100
00000014
00000014
40000000
10000014
00000001
02340000
00000001
00004000
00019000
30000000
10000014
00000001
02340000
00000001
00084000
00019000
30000000
10000014
00000001
02340000
00000001
00104000
00019000
30000000
10000014
00000001
02340000
00000001
00184000
00019000
30000000
10000014
00000001
02340000
00000001
00204000
00019000
30000000
10000014
00000001
02340000
00000001
00284000
00019000
30000000
10000014
00000001
02340000
00000001
00304000
00019000
30000000
10000014
00000001
02340000
00000001
00384000
00019000
30000000
90000060
00000190
00000207
000000ff
00000000
00000400
00000010
00000002
00000000
00000000
00000000
00000000
00000000
00000000
00000000
00000000
00000000
00000000
00000000
00000000
00000000
00000000
00000000
00000000
00000000
70000000
00000000
00000000
00000000
00000000
00000000
00000000
00000000
00000000
00000000
00000000
00000000
00000000
00000000
00000000
00000000
00000000
10000014
00000001
01000000
00000001
02340000
00003200
30000000
10000014
00000001
01040000
00000001
02343200
00003200
30000000
10000014
00000001
01080000
00000001
02346400
00003200
30000000
10000014
00000001
010c0000
00000001
02349600
00003200
30000000
10000014
00000001
01100000
00000001
0234c800
00003200
30000000
10000014
00000001
01140000
00000001
0234fa00
00003200
30000000
10000014
00000001
01180000
00000001
02352c00
00003200
30000000
10000014
00000001
011c0000
00000001
02355e00
00003200
30000000
21000030
00000001
00340000
00000000
00000008
00000014
00000014
00000110
00000010
00000000
00000040
00000000
00000000
40000000
21000030
00000001
00343200
00000000
00000008
00000014
00000014
00000130
00000030
00000020
00000040
00000000
00000000
40000000
21000030
00000001
00346400
00000000
00000008
00000014
00000014
00000150
00000050
00000040
00000040
00000000
00000000
40000000
21000030
00000001
00349600
00000000
00000008
00000014
00000014
00000170
00000070
00000060
00000040
00000000
00000000
40000000
21000030
00000001
0034c800
00000000
00000008
00000014
00000014
00000190
00000090
00000080
00000040
00000000
00000000
40000000
21000030
00000001
0034fa00
00000000
00000008
00000014
00000014
000001b0
000000b0
000000a0
00000040
00000000
00000000
40000000
21000030
00000001
00352c00
00000000
00000008
00000014
00000014
000001d0
000000d0
000000c0
00000040
00000000
00000000
40000000
21000030
00000001
00355e00
00000000
00000008
00000014
00000014
000001f0
000000f0
000000e0
00000040
00000000
00000000
40000000
10000014
00000001
027c1590
00000001
03000000
00000210
30000000
10000014
00000000
0024a000
00000001
00000000
00000400
30000000
10000014
00000000
0024a400
00000001
00080000
00000400
30000000
10000014
00000000
0024a800
00000001
00100000
00000400
30000000
10000014
00000000
0024ac00
00000001
00180000
00000400
30000000
10000014
00000000
0024b000
00000001
00200000
00000400
30000000
10000014
00000000
0024b400
00000001
00280000
00000400
30000000
10000014
00000000
0024b800
00000001
00300000
00000400
30000000
10000014
00000000
0024bc00
00000001
00380000
00000400
30000000
22000030
00000003
00000000
00000000
00000040
00000014
00000014
00000000
00000000
00000000
00000000
00000000
00000000
40000000
22000030
00000007
00000000
00000000
00000040
00000014
00000014
00000000
00000000
00340000
01011100
00000014
00000014
40000000
10000014
00000001
02340000
00000001
00002000
0000c800
30000000
10000014
00000001
02340000
00000001
00082000
0000c800
30000000
10000014
00000001
02340000
00000001
00102000
0000c800
30000000
10000014
00000001
02340000
00000001
00182000
0000c800
30000000
10000014
00000001
02340000
00000001
00202000
0000c800
30000000
10000014
00000001
02340000
00000001
00282000
0000c800
30000000
10000014
00000001
02340000
00000001
00302000
0000c800
30000000
10000014
00000001
02340000
00000001
00382000
0000c800
30000000
90000060
00000190
00000107
000000ff
00000000
00000200
00000008
00000002
00000000
00000000
00000000
00000000
00000000
00000000
00000000
00000000
00000000
00000000
00000000
00000000
00000000
00000000
00000000
00000000
00000000
70000000
00000000
00000000
00000000
00000000
00000000
00000000
00000000
00000000
00000000
00000000
00000000
00000000
00000000
00000000
00000000
00000000
10000014
00000001
01000000
00000001
02340000
00003200
30000000
10000014
00000001
01040000
00000001
02343200
00003200
30000000
10000014
00000001
01080000
00000001
02346400
00003200
30000000
10000014
00000001
010c0000
00000001
02349600
00003200
30000000
10000014
00000001
01100000
00000001
0234c800
00003200
30000000
10000014
00000001
01140000
00000001
0234fa00
00003200
30000000
10000014
00000001
01180000
00000001
02352c00
00003200
30000000
10000014
00000001
011c0000
00000001
02355e00
00003200
30000000
21000030
00000001
00340000
00000000
00000008
00000014
00000014
00000110
00000010
001a0000
00000040
00000000
00000000
40000000
21000030
00000001
00343200
00000000
00000008
00000014
00000014
00000130
00000030
001a0020
00000040
00000000
00000000
40000000
21000030
00000001
00346400
00000000
00000008
00000014
00000014
00000150
00000050
001a0040
00000040
00000000
00000000
40000000
21000030
00000001
00349600
00000000
00000008
00000014
00000014
00000170
00000070
001a0060
00000040
00000000
00000000
40000000
21000030
00000001
0034c800
00000000
00000008
00000014
00000014
00000190
00000090
001a0080
00000040
00000000
00000000
40000000
21000030
00000001
0034fa00
00000000
00000008
00000014
00000014
000001b0
000000b0
001a00a0
00000040
00000000
00000000
40000000
21000030
00000001
00352c00
00000000
00000008
00000014
00000014
000001d0
000000d0
001a00c0
00000040
00000000
00000000
40000000
21000030
00000001
00355e00
00000000
00000008
00000014
00000014
000001f0
000000f0
001a00e0
00000040
00000000
00000000
40000000
10000014
00000001
027c17a0
00000001
03000000
00000210
30000000
10000014
00000000
0024c000
00000001
00000000
00002400
30000000
10000014
00000000
0024e400
00000001
00080000
00002400
30000000
10000014
00000000
00250800
00000001
00100000
00002400
30000000
10000014
00000000
00252c00
00000001
00180000
00002400
30000000
10000014
00000000
00255000
00000001
00200000
00002400
30000000
10000014
00000000
00257400
00000001
00280000
00002400
30000000
10000014
00000000
00259800
00000001
00300000
00002400
30000000
10000014
00000000
0025bc00
00000001
00380000
00002400
30000000
22000030
00000003
001a0000
00000000
00000040
00000014
00000014
00000000
00000000
001a0000
00000000
00000000
00000000
40000000
22000030
00000007
001a0000
00000000
00000040
00000014
00000014
00000000
00000000
00340000
03031111
00000013
00000014
40000000
10000014
00000001
02340000
00000001
00012000
0006ae00
30000000
10000014
00000001
02340000
00000001
00092000
0006ae00
30000000
10000014
00000001
02340000
00000001
00112000
0006ae00
30000000
10000014
00000001
02340000
00000001
00192000
0006ae00
30000000
10000014
00000001
02340000
00000001
00212000
0006ae00
30000000
10000014
00000001
02340000
00000001
00292000
0006ae00
30000000
10000014
00000001
02340000
00000001
00312000
0006ae00
30000000
10000014
00000001
02340000
00000001
00392000
0006ae00
30000000
90000060
0000017c
00000907
000000ff
00000000
00001200
00000048
00000002
00000000
00000000
00000000
00000000
00000000
00000000
00000000
00000000
00000000
00000000
00000000
00000000
00000000
00000000
00000000
00000000
00000000
70000000
00000000
00000000
00000000
00000000
00000000
00000000
00000000
00000000
00000000
00000000
00000000
00000000
00000000
00000000
00000000
00000000
10000014
00000001
01000000
00000001
02340000
00002f80
30000000
10000014
00000001
01040000
00000001
02342f80
00002f80
30000000
10000014
00000001
01080000
00000001
02345f00
00002f80
30000000
10000014
00000001
010c0000
00000001
02348e80
00002f80
30000000
10000014
00000001
01100000
00000001
0234be00
00002f80
30000000
10000014
00000001
01140000
00000001
0234ed80
00002f80
30000000
10000014
00000001
01180000
00000001
02351d00
00002f80
30000000
10000014
00000001
011c0000
00000001
02354c80
00002f80
30000000
21000030
00000001
00340000
00000000
00000008
00000013
00000014
00000110
00000010
00000000
00000040
00000000
00000000
40000000
21000030
00000001
00342f80
00000000
00000008
00000013
00000014
00000130
00000030
00000020
00000040
00000000
00000000
40000000
21000030
00000001
00345f00
00000000
00000008
00000013
00000014
00000150
00000050
00000040
00000040
00000000
00000000
40000000
21000030
00000001
00348e80
00000000
00000008
00000013
00000014
00000170
00000070
00000060
00000040
00000000
00000000
40000000
21000030
00000001
0034be00
00000000
00000008
00000013
00000014
00000190
00000090
00000080
00000040
00000000
00000000
40000000
21000030
00000001
0034ed80
00000000
00000008
00000013
00000014
000001b0
000000b0
000000a0
00000040
00000000
00000000
40000000
21000030
00000001
00351d00
00000000
00000008
00000013
00000014
000001d0
000000d0
000000c0
00000040
00000000
00000000
40000000
21000030
00000001
00354c80
00000000
00000008
00000013
00000014
000001f0
000000f0
000000e0
00000040
00000000
00000000
40000000
22000030
00000007
001ab400
00000000
00000040
00000002
00000014
00000000
00000000
00340000
03031101
00000001
00000014
40000000
10000014
00000001
02340000
00000001
00012000
00005a00
30000000
10000014
00000001
02340000
00000001
00092000
00005a00
30000000
10000014
00000001
02340000
00000001
00112000
00005a00
30000000
10000014
00000001
02340000
00000001
00192000
00005a00
30000000
10000014
00000001
02340000
00000001
00212000
00005a00
30000000
10000014
00000001
02340000
00000001
00292000
00005a00
30000000
10000014
00000001
02340000
00000001
00312000
00005a00
30000000
10000014
00000001
02340000
00000001
00392000
00005a00
30000000
90000060
00000014
00000907
000000ff
00000000
00001200
00000048
00000002
00000000
00000000
00000000
00000000
00000000
00000000
00000000
00000000
00000000
00000000
00000000
00000000
00000000
00000000
00000000
00000000
00000000
70000000
00000000
00000000
00000000
00000000
00000000
00000000
00000000
00000000
00000000
00000000
00000000
00000000
00000000
00000000
00000000
00000000
10000014
00000001
01000000
00000001
02340000
00000280
30000000
10000014
00000001
01040000
00000001
02340280
00000280
30000000
10000014
00000001
01080000
00000001
02340500
00000280
30000000
10000014
00000001
010c0000
00000001
02340780
00000280
30000000
10000014
00000001
01100000
00000001
02340a00
00000280
30000000
10000014
00000001
01140000
00000001
02340c80
00000280
30000000
10000014
00000001
01180000
00000001
02340f00
00000280
30000000
10000014
00000001
011c0000
00000001
02341180
00000280
30000000
21000030
00000001
00340000
00000000
00000008
00000001
00000014
00000110
00000010
00017c00
00000040
00000000
00000000
40000000
21000030
00000001
00340280
00000000
00000008
00000001
00000014
00000130
00000030
00017c20
00000040
00000000
00000000
40000000
21000030
00000001
00340500
00000000
00000008
00000001
00000014
00000150
00000050
00017c40
00000040
00000000
00000000
40000000
21000030
00000001
00340780
00000000
00000008
00000001
00000014
00000170
00000070
00017c60
00000040
00000000
00000000
40000000
21000030
00000001
00340a00
00000000
00000008
00000001
00000014
00000190
00000090
00017c80
00000040
00000000
00000000
40000000
21000030
00000001
00340c80
00000000
00000008
00000001
00000014
000001b0
000000b0
00017ca0
00000040
00000000
00000000
40000000
21000030
00000001
00340f00
00000000
00000008
00000001
00000014
000001d0
000000d0
00017cc0
00000040
00000000
00000000
40000000
21000030
00000001
00341180
00000000
00000008
00000001
00000014
000001f0
000000f0
00017ce0
00000040
00000000
00000000
40000000
10000014
00000001
027c19b0
00000001
03000000
00000210
30000000
10000014
00000000
0025e000
00000001
00000000
00000400
30000000
10000014
00000000
0025e400
00000001
00080000
00000400
30000000
10000014
00000000
0025e800
00000001
00100000
00000400
30000000
10000014
00000000
0025ec00
00000001
00180000
00000400
30000000
10000014
00000000
0025f000
00000001
00200000
00000400
30000000
10000014
00000000
0025f400
00000001
00280000
00000400
30000000
10000014
00000000
0025f800
00000001
00300000
00000400
30000000
10000014
00000000
0025fc00
00000001
00380000
00000400
30000000
22000030
00000003
00000000
00000000
00000040
00000014
00000014
00000000
00000000
00000000
00000000
00000000
00000000
40000000
22000030
00000007
00000000
00000000
00000040
00000014
00000014
00000000
00000000
00340000
01011100
00000014
00000014
40000000
10000014
00000001
02340000
00000001
00002000
0000c800
30000000
10000014
00000001
02340000
00000001
00082000
0000c800
30000000
10000014
00000001
02340000
00000001
00102000
0000c800
30000000
10000014
00000001
02340000
00000001
00182000
0000c800
30000000
10000014
00000001
02340000
00000001
00202000
0000c800
30000000
10000014
00000001
02340000
00000001
00282000
0000c800
30000000
10000014
00000001
02340000
00000001
00302000
0000c800
30000000
10000014
00000001
02340000
00000001
00382000
0000c800
30000000
90000060
00000190
00000107
000000ff
00000000
00000200
00000008
00000002
00000000
00000000
00000000
00000000
00000000
00000000
00000000
00000000
00000000
00000000
00000000
00000000
00000000
00000000
00000000
00000000
00000000
70000000
00000000
00000000
00000000
00000000
00000000
00000000
00000000
00000000
00000000
00000000
00000000
00000000
00000000
00000000
00000000
00000000
10000014
00000001
01000000
00000001
02340000
00003200
30000000
10000014
00000001
01040000
00000001
02343200
00003200
30000000
10000014
00000001
01080000
00000001
02346400
00003200
30000000
10000014
00000001
010c0000
00000001
02349600
00003200
30000000
10000014
00000001
01100000
00000001
0234c800
00003200
30000000
10000014
00000001
01140000
00000001
0234fa00
00003200
30000000
10000014
00000001
01180000
00000001
02352c00
00003200
30000000
10000014
00000001
011c0000
00000001
02355e00
00003200
30000000
21000030
00000001
00340000
00000000
00000008
00000014
00000014
00000110
00000010
001a0000
00000040
00000000
00000000
40000000
21000030
00000001
00343200
00000000
00000008
00000014
00000014
00000130
00000030
001a0020
00000040
00000000
00000000
40000000
21000030
00000001
00346400
00000000
00000008
00000014
00000014
00000150
00000050
001a0040
00000040
00000000
00000000
40000000
21000030
00000001
00349600
00000000
00000008
00000014
00000014
00000170
00000070
001a0060
00000040
00000000
00000000
40000000
21000030
00000001
0034c800
00000000
00000008
00000014
00000014
00000190
00000090
001a0080
00000040
00000000
00000000
40000000
21000030
00000001
0034fa00
00000000
00000008
00000014
00000014
000001b0
000000b0
001a00a0
00000040
00000000
00000000
40000000
21000030
00000001
00352c00
00000000
00000008
00000014
00000014
000001d0
000000d0
001a00c0
00000040
00000000
00000000
40000000
21000030
00000001
00355e00
00000000
00000008
00000014
00000014
000001f0
000000f0
001a00e0
00000040
00000000
00000000
40000000
10000014
00000001
027c1bc0
00000001
03000000
00000210
30000000
10000014
00000000
00260000
00000001
00000000
00002400
30000000
10000014
00000000
00262400
00000001
00080000
00002400
30000000
10000014
00000000
00264800
00000001
00100000
00002400
30000000
10000014
00000000
00266c00
00000001
00180000
00002400
30000000
10000014
00000000
00269000
00000001
00200000
00002400
30000000
10000014
00000000
0026b400
00000001
00280000
00002400
30000000
10000014
00000000
0026d800
00000001
00300000
00002400
30000000
10000014
00000000
0026fc00
00000001
00380000
00002400
30000000
22000030
00000003
001a0000
00000000
00000040
00000014
00000014
00000000
00000000
001a0000
00000000
00000000
00000000
40000000
22000030
00000007
001a0000
00000000
00000040
00000014
00000014
00000000
00000000
00340000
03031111
00000013
00000014
40000000
10000014
00000001
02340000
00000001
00012000
0006ae00
30000000
10000014
00000001
02340000
00000001
00092000
0006ae00
30000000
10000014
00000001
02340000
00000001
00112000
0006ae00
30000000
10000014
00000001
02340000
00000001
00192000
0006ae00
30000000
10000014
00000001
02340000
00000001
00212000
0006ae00
30000000
10000014
00000001
02340000
00000001
00292000
0006ae00
30000000
10000014
00000001
02340000
00000001
00312000
0006ae00
30000000
10000014
00000001
02340000
00000001
00392000
0006ae00
30000000
90000060
0000017c
00000907
000000ff
00000000
00001200
00000048
00000002
00000000
00000000
00000000
00000000
00000000
00000000
00000000
00000000
00000000
00000000
00000000
00000000
00000000
00000000
00000000
00000000
00000000
70000000
00000000
00000000
00000000
00000000
00000000
00000000
00000000
00000000
00000000
00000000
00000000
00000000
00000000
00000000
00000000
00000000
10000014
00000001
01000000
00000001
02340000
00002f80
30000000
10000014
00000001
01040000
00000001
02342f80
00002f80
30000000
10000014
00000001
01080000
00000001
02345f00
00002f80
30000000
10000014
00000001
010c0000
00000001
02348e80
00002f80
30000000
10000014
00000001
01100000
00000001
0234be00
00002f80
30000000
10000014
00000001
01140000
00000001
0234ed80
00002f80
30000000
10000014
00000001
01180000
00000001
02351d00
00002f80
30000000
10000014
00000001
011c0000
00000001
02354c80
00002f80
30000000
21000030
00000001
00340000
00000000
00000008
00000013
00000014
00000110
00000010
00000000
00000040
00000000
00000000
40000000
21000030
00000001
00342f80
00000000
00000008
00000013
00000014
00000130
00000030
00000020
00000040
00000000
00000000
40000000
21000030
00000001
00345f00
00000000
00000008
00000013
00000014
00000150
00000050
00000040
00000040
00000000
00000000
40000000
21000030
00000001
00348e80
00000000
00000008
00000013
00000014
00000170
00000070
00000060
00000040
00000000
00000000
40000000
21000030
00000001
0034be00
00000000
00000008
00000013
00000014
00000190
00000090
00000080
00000040
00000000
00000000
40000000
21000030
00000001
0034ed80
00000000
00000008
00000013
00000014
000001b0
000000b0
000000a0
00000040
00000000
00000000
40000000
21000030
00000001
00351d00
00000000
00000008
00000013
00000014
000001d0
000000d0
000000c0
00000040
00000000
00000000
40000000
21000030
00000001
00354c80
00000000
00000008
00000013
00000014
000001f0
000000f0
000000e0
00000040
00000000
00000000
40000000
22000030
00000007
001ab400
00000000
00000040
00000002
00000014
00000000
00000000
00340000
03031101
00000001
00000014
40000000
10000014
00000001
02340000
00000001
00012000
00005a00
30000000
10000014
00000001
02340000
00000001
00092000
00005a00
30000000
10000014
00000001
02340000
00000001
00112000
00005a00
30000000
10000014
00000001
02340000
00000001
00192000
00005a00
30000000
10000014
00000001
02340000
00000001
00212000
00005a00
30000000
10000014
00000001
02340000
00000001
00292000
00005a00
30000000
10000014
00000001
02340000
00000001
00312000
00005a00
30000000
10000014
00000001
02340000
00000001
00392000
00005a00
30000000
90000060
00000014
00000907
000000ff
00000000
00001200
00000048
00000002
00000000
00000000
00000000
00000000
00000000
00000000
00000000
00000000
00000000
00000000
00000000
00000000
00000000
00000000
00000000
00000000
00000000
70000000
00000000
00000000
00000000
00000000
00000000
00000000
00000000
00000000
00000000
00000000
00000000
00000000
00000000
00000000
00000000
00000000
10000014
00000001
01000000
00000001
02340000
00000280
30000000
10000014
00000001
01040000
00000001
02340280
00000280
30000000
10000014
00000001
01080000
00000001
02340500
00000280
30000000
10000014
00000001
010c0000
00000001
02340780
00000280
30000000
10000014
00000001
01100000
00000001
02340a00
00000280
30000000
10000014
00000001
01140000
00000001
02340c80
00000280
30000000
10000014
00000001
01180000
00000001
02340f00
00000280
30000000
10000014
00000001
011c0000
00000001
02341180
00000280
30000000
21000030
00000001
00340000
00000000
00000008
00000001
00000014
00000110
00000010
00017c00
00000040
00000000
00000000
40000000
21000030
00000001
00340280
00000000
00000008
00000001
00000014
00000130
00000030
00017c20
00000040
00000000
00000000
40000000
21000030
00000001
00340500
00000000
00000008
00000001
00000014
00000150
00000050
00017c40
00000040
00000000
00000000
40000000
21000030
00000001
00340780
00000000
00000008
00000001
00000014
00000170
00000070
00017c60
00000040
00000000
00000000
40000000
21000030
00000001
00340a00
00000000
00000008
00000001
00000014
00000190
00000090
00017c80
00000040
00000000
00000000
40000000
21000030
00000001
00340c80
00000000
00000008
00000001
00000014
000001b0
000000b0
00017ca0
00000040
00000000
00000000
40000000
21000030
00000001
00340f00
00000000
00000008
00000001
00000014
000001d0
000000d0
00017cc0
00000040
00000000
00000000
40000000
21000030
00000001
00341180
00000000
00000008
00000001
00000014
000001f0
000000f0
00017ce0
00000040
00000000
00000000
40000000
10000014
00000001
027c1dd0
00000001
03000000
00000210
30000000
10000014
00000000
00272000
00000001
00000000
00000400
30000000
10000014
00000000
00272400
00000001
00080000
00000400
30000000
10000014
00000000
00272800
00000001
00100000
00000400
30000000
10000014
00000000
00272c00
00000001
00180000
00000400
30000000
10000014
00000000
00273000
00000001
00200000
00000400
30000000
10000014
00000000
00273400
00000001
00280000
00000400
30000000
10000014
00000000
00273800
00000001
00300000
00000400
30000000
10000014
00000000
00273c00
00000001
00380000
00000400
30000000
22000030
00000003
00000000
00000000
00000040
00000014
00000014
00000000
00000000
00000000
00000000
00000000
00000000
40000000
22000030
00000007
00000000
00000000
00000040
00000014
00000014
00000000
00000000
00340000
01011100
00000014
00000014
40000000
10000014
00000001
02340000
00000001
00002000
0000c800
30000000
10000014
00000001
02340000
00000001
00082000
0000c800
30000000
10000014
00000001
02340000
00000001
00102000
0000c800
30000000
10000014
00000001
02340000
00000001
00182000
0000c800
30000000
10000014
00000001
02340000
00000001
00202000
0000c800
30000000
10000014
00000001
02340000
00000001
00282000
0000c800
30000000
10000014
00000001
02340000
00000001
00302000
0000c800
30000000
10000014
00000001
02340000
00000001
00382000
0000c800
30000000
90000060
00000190
00000107
000000ff
00000000
00000200
00000008
00000002
00000000
00000000
00000000
00000000
00000000
00000000
00000000
00000000
00000000
00000000
00000000
00000000
00000000
00000000
00000000
00000000
00000000
70000000
00000000
00000000
00000000
00000000
00000000
00000000
00000000
00000000
00000000
00000000
00000000
00000000
00000000
00000000
00000000
00000000
10000014
00000001
01000000
00000001
02340000
00003200
30000000
10000014
00000001
01040000
00000001
02343200
00003200
30000000
10000014
00000001
01080000
00000001
02346400
00003200
30000000
10000014
00000001
010c0000
00000001
02349600
00003200
30000000
10000014
00000001
01100000
00000001
0234c800
00003200
30000000
10000014
00000001
01140000
00000001
0234fa00
00003200
30000000
10000014
00000001
01180000
00000001
02352c00
00003200
30000000
10000014
00000001
011c0000
00000001
02355e00
00003200
30000000
21000030
00000001
00340000
00000000
00000008
00000014
00000014
00000110
00000010
001a0000
00000040
00000000
00000000
40000000
21000030
00000001
00343200
00000000
00000008
00000014
00000014
00000130
00000030
001a0020
00000040
00000000
00000000
40000000
21000030
00000001
00346400
00000000
00000008
00000014
00000014
00000150
00000050
001a0040
00000040
00000000
00000000
40000000
21000030
00000001
00349600
00000000
00000008
00000014
00000014
00000170
00000070
001a0060
00000040
00000000
00000000
40000000
21000030
00000001
0034c800
00000000
00000008
00000014
00000014
00000190
00000090
001a0080
00000040
00000000
00000000
40000000
21000030
00000001
0034fa00
00000000
00000008
00000014
00000014
000001b0
000000b0
001a00a0
00000040
00000000
00000000
40000000
21000030
00000001
00352c00
00000000
00000008
00000014
00000014
000001d0
000000d0
001a00c0
00000040
00000000
00000000
40000000
21000030
00000001
00355e00
00000000
00000008
00000014
00000014
000001f0
000000f0
001a00e0
00000040
00000000
00000000
40000000
10000014
00000001
027c1fe0
00000001
03000000
00000210
30000000
10000014
00000000
00274000
00000001
00000000
00002400
30000000
10000014
00000000
00276400
00000001
00080000
00002400
30000000
10000014
00000000
00278800
00000001
00100000
00002400
30000000
10000014
00000000
0027ac00
00000001
00180000
00002400
30000000
10000014
00000000
0027d000
00000001
00200000
00002400
30000000
10000014
00000000
0027f400
00000001
00280000
00002400
30000000
10000014
00000000
00281800
00000001
00300000
00002400
30000000
10000014
00000000
00283c00
00000001
00380000
00002400
30000000
22000030
00000003
001a0000
00000000
00000040
00000014
00000014
00000000
00000000
001a0000
00000000
00000000
00000000
40000000
22000030
00000007
001a0000
00000000
00000040
00000014
00000014
00000000
00000000
00340000
03031111
00000013
00000014
40000000
10000014
00000001
02340000
00000001
00012000
0006ae00
30000000
10000014
00000001
02340000
00000001
00092000
0006ae00
30000000
10000014
00000001
02340000
00000001
00112000
0006ae00
30000000
10000014
00000001
02340000
00000001
00192000
0006ae00
30000000
10000014
00000001
02340000
00000001
00212000
0006ae00
30000000
10000014
00000001
02340000
00000001
00292000
0006ae00
30000000
10000014
00000001
02340000
00000001
00312000
0006ae00
30000000
10000014
00000001
02340000
00000001
00392000
0006ae00
30000000
90000060
0000017c
00000907
000000ff
00000000
00001200
00000048
00000002
00000000
00000000
00000000
00000000
00000000
00000000
00000000
00000000
00000000
00000000
00000000
00000000
00000000
00000000
00000000
00000000
00000000
70000000
00000000
00000000
00000000
00000000
00000000
00000000
00000000
00000000
00000000
00000000
00000000
00000000
00000000
00000000
00000000
00000000
10000014
00000001
01000000
00000001
02340000
00002f80
30000000
10000014
00000001
01040000
00000001
02342f80
00002f80
30000000
10000014
00000001
01080000
00000001
02345f00
00002f80
30000000
10000014
00000001
010c0000
00000001
02348e80
00002f80
30000000
10000014
00000001
01100000
00000001
0234be00
00002f80
30000000
10000014
00000001
01140000
00000001
0234ed80
00002f80
30000000
10000014
00000001
01180000
00000001
02351d00
00002f80
30000000
10000014
00000001
011c0000
00000001
02354c80
00002f80
30000000
21000030
00000001
00340000
00000000
00000008
00000013
00000014
00000110
00000010
00686000
00000040
00000000
00000000
40000000
21000030
00000001
00342f80
00000000
00000008
00000013
00000014
00000130
00000030
00686020
00000040
00000000
00000000
40000000
21000030
00000001
00345f00
00000000
00000008
00000013
00000014
00000150
00000050
00686040
00000040
00000000
00000000
40000000
21000030
00000001
00348e80
00000000
00000008
00000013
00000014
00000170
00000070
00686060
00000040
00000000
00000000
40000000
21000030
00000001
0034be00
00000000
00000008
00000013
00000014
00000190
00000090
00686080
00000040
00000000
00000000
40000000
21000030
00000001
0034ed80
00000000
00000008
00000013
00000014
000001b0
000000b0
006860a0
00000040
00000000
00000000
40000000
21000030
00000001
00351d00
00000000
00000008
00000013
00000014
000001d0
000000d0
006860c0
00000040
00000000
00000000
40000000
21000030
00000001
00354c80
00000000
00000008
00000013
00000014
000001f0
000000f0
006860e0
00000040
00000000
00000000
40000000
22000030
00000007
001ab400
00000000
00000040
00000002
00000014
00000000
00000000
00340000
03031101
00000001
00000014
40000000
10000014
00000001
02340000
00000001
00012000
00005a00
30000000
10000014
00000001
02340000
00000001
00092000
00005a00
30000000
10000014
00000001
02340000
00000001
00112000
00005a00
30000000
10000014
00000001
02340000
00000001
00192000
00005a00
30000000
10000014
00000001
02340000
00000001
00212000
00005a00
30000000
10000014
00000001
02340000
00000001
00292000
00005a00
30000000
10000014
00000001
02340000
00000001
00312000
00005a00
30000000
10000014
00000001
02340000
00000001
00392000
00005a00
30000000
90000060
00000014
00000907
000000ff
00000000
00001200
00000048
00000002
00000000
00000000
00000000
00000000
00000000
00000000
00000000
00000000
00000000
00000000
00000000
00000000
00000000
00000000
00000000
00000000
00000000
70000000
00000000
00000000
00000000
00000000
00000000
00000000
00000000
00000000
00000000
00000000
00000000
00000000
00000000
00000000
00000000
00000000
10000014
00000001
01000000
00000001
02340000
00000280
30000000
10000014
00000001
01040000
00000001
02340280
00000280
30000000
10000014
00000001
01080000
00000001
02340500
00000280
30000000
10000014
00000001
010c0000
00000001
02340780
00000280
30000000
10000014
00000001
01100000
00000001
02340a00
00000280
30000000
10000014
00000001
01140000
00000001
02340c80
00000280
30000000
10000014
00000001
01180000
00000001
02340f00
00000280
30000000
10000014
00000001
011c0000
00000001
02341180
00000280
30000000
21000030
00000001
00340000
00000000
00000008
00000001
00000014
00000110
00000010
0069dc00
00000040
00000000
00000000
40000000
21000030
00000001
00340280
00000000
00000008
00000001
00000014
00000130
00000030
0069dc20
00000040
00000000
00000000
40000000
21000030
00000001
00340500
00000000
00000008
00000001
00000014
00000150
00000050
0069dc40
00000040
00000000
00000000
40000000
21000030
00000001
00340780
00000000
00000008
00000001
00000014
00000170
00000070
0069dc60
00000040
00000000
00000000
40000000
21000030
00000001
00340a00
00000000
00000008
00000001
00000014
00000190
00000090
0069dc80
00000040
00000000
00000000
40000000
21000030
00000001
00340c80
00000000
00000008
00000001
00000014
000001b0
000000b0
0069dca0
00000040
00000000
00000000
40000000
21000030
00000001
00340f00
00000000
00000008
00000001
00000014
000001d0
000000d0
0069dcc0
00000040
00000000
00000000
40000000
21000030
00000001
00341180
00000000
00000008
00000001
00000014
000001f0
000000f0
0069dce0
00000040
00000000
00000000
40000000
10000014
00000001
027c21f0
00000001
03000000
00000210
30000000
10000014
00000000
00286000
00000001
00000000
00000800
30000000
10000014
00000000
00286800
00000001
00080000
00000800
30000000
10000014
00000000
00287000
00000001
00100000
00000800
30000000
10000014
00000000
00287800
00000001
00180000
00000800
30000000
10000014
00000000
00288000
00000001
00200000
00000800
30000000
10000014
00000000
00288800
00000001
00280000
00000800
30000000
10000014
00000000
00289000
00000001
00300000
00000800
30000000
10000014
00000000
00289800
00000001
00380000
00000800
30000000
22000030
00000003
00654000
00000000
00000080
00000014
00000014
00000000
00000000
00000000
00000000
00000000
00000000
40000000
22000030
00000007
00000000
00000000
00000080
00000014
00000014
00000000
00000000
00340000
01011100
00000014
00000014
40000000
10000014
00000001
02340000
00000001
00004000
00019000
30000000
10000014
00000001
02340000
00000001
00084000
00019000
30000000
10000014
00000001
02340000
00000001
00104000
00019000
30000000
10000014
00000001
02340000
00000001
00184000
00019000
30000000
10000014
00000001
02340000
00000001
00204000
00019000
30000000
10000014
00000001
02340000
00000001
00284000
00019000
30000000
10000014
00000001
02340000
00000001
00304000
00019000
30000000
10000014
00000001
02340000
00000001
00384000
00019000
30000000
90000060
00000190
00000207
000000ff
00000000
00000400
00000010
00000002
00000000
00000000
00000000
00000000
00000000
00000000
00000000
00000000
00000000
00000000
00000000
00000000
00000000
00000000
00000000
00000000
00000000
70000000
00000000
00000000
00000000
00000000
00000000
00000000
00000000
00000000
00000000
00000000
00000000
00000000
00000000
00000000
00000000
00000000
10000014
00000001
01000000
00000001
02340000
00003200
30000000
10000014
00000001
01040000
00000001
02343200
00003200
30000000
10000014
00000001
01080000
00000001
02346400
00003200
30000000
10000014
00000001
010c0000
00000001
02349600
00003200
30000000
10000014
00000001
01100000
00000001
0234c800
00003200
30000000
10000014
00000001
01140000
00000001
0234fa00
00003200
30000000
10000014
00000001
01180000
00000001
02352c00
00003200
30000000
10000014
00000001
011c0000
00000001
02355e00
00003200
30000000
21000030
00000001
00340000
00000000
00000008
00000014
00000014
00000110
00000010
0069f000
00000040
00000000
00000000
40000000
21000030
00000001
00343200
00000000
00000008
00000014
00000014
00000130
00000030
0069f020
00000040
00000000
00000000
40000000
21000030
00000001
00346400
00000000
00000008
00000014
00000014
00000150
00000050
0069f040
00000040
00000000
00000000
40000000
21000030
00000001
00349600
00000000
00000008
00000014
00000014
00000170
00000070
0069f060
00000040
00000000
00000000
40000000
21000030
00000001
0034c800
00000000
00000008
00000014
00000014
00000190
00000090
0069f080
00000040
00000000
00000000
40000000
21000030
00000001
0034fa00
00000000
00000008
00000014
00000014
000001b0
000000b0
0069f0a0
00000040
00000000
00000000
40000000
21000030
00000001
00352c00
00000000
00000008
00000014
00000014
000001d0
000000d0
0069f0c0
00000040
00000000
00000000
40000000
21000030
00000001
00355e00
00000000
00000008
00000014
00000014
000001f0
000000f0
0069f0e0
00000040
00000000
00000000
40000000
a0000020
00000001
02686000
00000001
02000000
00000040
00000100
00000200
00000190
30000000
a0000020
00000001
02686040
00000001
02000040
00000040
00000100
00000200
00000190
30000000
a0000020
00000001
02686080
00000001
02000080
00000040
00000100
00000200
00000190
30000000
a0000020
00000001
026860c0
00000001
020000c0
00000040
00000100
00000200
00000190
30000000
a0000020
00000001
0269f000
00000001
02000100
00000040
00000100
00000200
00000190
30000000
a0000020
00000001
0269f040
00000001
02000140
00000040
00000100
00000200
00000190
30000000
a0000020
00000001
0269f080
00000001
02000180
00000040
00000100
00000200
00000190
30000000
a0000020
00000001
0269f0c0
00000001
020001c0
00000040
00000100
00000200
00000190
30000000
10000014
00000001
027c2400
00000001
03000000
00000410
30000000
10000014
00000000
0028a000
00000001
00000000
00000800
30000000
10000014
00000000
0028a800
00000001
00080000
00000800
30000000
10000014
00000000
0028b000
00000001
00100000
00000800
30000000
10000014
00000000
0028b800
00000001
00180000
00000800
30000000
10000014
00000000
0028c000
00000001
00200000
00000800
30000000
10000014
00000000
0028c800
00000001
00280000
00000800
30000000
10000014
00000000
0028d000
00000001
00300000
00000800
30000000
10000014
00000000
0028d800
00000001
00380000
00000800
30000000
22000030
00000003
00000000
00000000
00000080
00000014
00000014
00000000
00000000
00000000
00000000
00000000
00000000
40000000
22000030
00000007
00000000
00000000
00000080
00000014
00000014
00000000
00000000
00340000
01011100
00000014
00000014
40000000
10000014
00000001
02340000
00000001
00004000
00019000
30000000
10000014
00000001
02340000
00000001
00084000
00019000
30000000
10000014
00000001
02340000
00000001
00104000
00019000
30000000
10000014
00000001
02340000
00000001
00184000
00019000
30000000
10000014
00000001
02340000
00000001
00204000
00019000
30000000
10000014
00000001
02340000
00000001
00284000
00019000
30000000
10000014
00000001
02340000
00000001
00304000
00019000
30000000
10000014
00000001
02340000
00000001
00384000
00019000
30000000
90000060
00000190
00000207
000000ff
00000000
00000400
00000010
00000002
00000000
00000000
00000000
00000000
00000000
00000000
00000000
00000000
00000000
00000000
00000000
00000000
00000000
00000000
00000000
00000000
00000000
70000000
00000000
00000000
00000000
00000000
00000000
00000000
00000000
00000000
00000000
00000000
00000000
00000000
00000000
00000000
00000000
00000000
10000014
00000001
01000000
00000001
02340000
00003200
30000000
10000014
00000001
01040000
00000001
02343200
00003200
30000000
10000014
00000001
01080000
00000001
02346400
00003200
30000000
10000014
00000001
010c0000
00000001
02349600
00003200
30000000
10000014
00000001
01100000
00000001
0234c800
00003200
30000000
10000014
00000001
01140000
00000001
0234fa00
00003200
30000000
10000014
00000001
01180000
00000001
02352c00
00003200
30000000
10000014
00000001
011c0000
00000001
02355e00
00003200
30000000
21000030
00000001
00340000
00000000
00000008
00000014
00000014
00000210
00000010
00654000
00000080
00000000
00000000
40000000
21000030
00000001
00343200
00000000
00000008
00000014
00000014
00000230
00000030
00654020
00000080
00000000
00000000
40000000
21000030
00000001
00346400
00000000
00000008
00000014
00000014
00000250
00000050
00654040
00000080
00000000
00000000
40000000
21000030
00000001
00349600
00000000
00000008
00000014
00000014
00000270
00000070
00654060
00000080
00000000
00000000
40000000
21000030
00000001
0034c800
00000000
00000008
00000014
00000014
00000290
00000090
00654080
00000080
00000000
00000000
40000000
21000030
00000001
0034fa00
00000000
00000008
00000014
00000014
000002b0
000000b0
006540a0
00000080
00000000
00000000
40000000
21000030
00000001
00352c00
00000000
00000008
00000014
00000014
000002d0
000000d0
006540c0
00000080
00000000
00000000
40000000
21000030
00000001
00355e00
00000000
00000008
00000014
00000014
000002f0
000000f0
006540e0
00000080
00000000
00000000
40000000
10000014
00000001
027c2400
00000001
03000000
00000410
30000000
10000014
00000000
0028e000
00000001
00000000
00000800
30000000
10000014
00000000
0028e800
00000001
00080000
00000800
30000000
10000014
00000000
0028f000
00000001
00100000
00000800
30000000
10000014
00000000
0028f800
00000001
00180000
00000800
30000000
10000014
00000000
00290000
00000001
00200000
00000800
30000000
10000014
00000000
00290800
00000001
00280000
00000800
30000000
10000014
00000000
00291000
00000001
00300000
00000800
30000000
10000014
00000000
00291800
00000001
00380000
00000800
30000000
22000030
00000007
00000000
00000000
00000080
00000014
00000014
00000000
00000000
00340000
01011100
00000014
00000014
40000000
10000014
00000001
02340000
00000001
00004000
00019000
30000000
10000014
00000001
02340000
00000001
00084000
00019000
30000000
10000014
00000001
02340000
00000001
00104000
00019000
30000000
10000014
00000001
02340000
00000001
00184000
00019000
30000000
10000014
00000001
02340000
00000001
00204000
00019000
30000000
10000014
00000001
02340000
00000001
00284000
00019000
30000000
10000014
00000001
02340000
00000001
00304000
00019000
30000000
10000014
00000001
02340000
00000001
00384000
00019000
30000000
90000060
00000190
00000207
000000ff
00000000
00000400
00000010
00000002
00000000
00000000
00000000
00000000
00000000
00000000
00000000
00000000
00000000
00000000
00000000
00000000
00000000
00000000
00000000
00000000
00000000
70000000
00000000
00000000
00000000
00000000
00000000
00000000
00000000
00000000
00000000
00000000
00000000
00000000
00000000
00000000
00000000
00000000
10000014
00000001
01000000
00000001
02340000
00003200
30000000
10000014
00000001
01040000
00000001
02343200
00003200
30000000
10000014
00000001
01080000
00000001
02346400
00003200
30000000
10000014
00000001
010c0000
00000001
02349600
00003200
30000000
10000014
00000001
01100000
00000001
0234c800
00003200
30000000
10000014
00000001
01140000
00000001
0234fa00
00003200
30000000
10000014
00000001
01180000
00000001
02352c00
00003200
30000000
10000014
00000001
011c0000
00000001
02355e00
00003200
30000000
21000030
00000001
00340000
00000000
00000008
00000014
00000014
00000310
00000110
00654100
00000080
00000000
00000000
40000000
21000030
00000001
00343200
00000000
00000008
00000014
00000014
00000330
00000130
00654120
00000080
00000000
00000000
40000000
21000030
00000001
00346400
00000000
00000008
00000014
00000014
00000350
00000150
00654140
00000080
00000000
00000000
40000000
21000030
00000001
00349600
00000000
00000008
00000014
00000014
00000370
00000170
00654160
00000080
00000000
00000000
40000000
21000030
00000001
0034c800
00000000
00000008
00000014
00000014
00000390
00000190
00654180
00000080
00000000
00000000
40000000
21000030
00000001
0034fa00
00000000
00000008
00000014
00000014
000003b0
000001b0
006541a0
00000080
00000000
00000000
40000000
21000030
00000001
00352c00
00000000
00000008
00000014
00000014
000003d0
000001d0
006541c0
00000080
00000000
00000000
40000000
21000030
00000001
00355e00
00000000
00000008
00000014
00000014
000003f0
000001f0
006541e0
00000080
00000000
00000000
40000000
10000014
00000001
027c2810
00000001
03000000
00000810
30000000
10000014
00000000
00292000
00000001
00000000
00004800
30000000
10000014
00000000
00296800
00000001
00080000
00004800
30000000
10000014
00000000
0029b000
00000001
00100000
00004800
30000000
10000014
00000000
0029f800
00000001
00180000
00004800
30000000
10000014
00000000
002a4000
00000001
00200000
00004800
30000000
10000014
00000000
002a8800
00000001
00280000
00004800
30000000
10000014
00000000
002ad000
00000001
00300000
00004800
30000000
10000014
00000000
002b1800
00000001
00380000
00004800
30000000
22000030
00000003
00654000
00000000
00000080
00000014
00000014
00000000
00000000
00000000
00000000
00000000
00000000
40000000
22000030
00000007
00000000
00000000
00000080
00000014
00000014
00000000
00000000
00340000
03032211
0000000a
0000000a
40000000
10000014
00000001
02340000
00000001
00024000
00038400
30000000
10000014
00000001
02340000
00000001
000a4000
00038400
30000000
10000014
00000001
02340000
00000001
00124000
00038400
30000000
10000014
00000001
02340000
00000001
001a4000
00038400
30000000
10000014
00000001
02340000
00000001
00224000
00038400
30000000
10000014
00000001
02340000
00000001
002a4000
00038400
30000000
10000014
00000001
02340000
00000001
00324000
00038400
30000000
10000014
00000001
02340000
00000001
003a4000
00038400
30000000
90000060
00000064
00001207
000000ff
00000000
00002400
00000090
00000002
00000000
00000000
00000000
00000000
00000000
00000000
00000000
00000000
00000000
00000000
00000000
00000000
00000000
00000000
00000000
00000000
00000000
70000000
00000000
00000000
00000000
00000000
00000000
00000000
00000000
00000000
00000000
00000000
00000000
00000000
00000000
00000000
00000000
00000000
10000014
00000001
01000000
00000001
02340000
00000c80
30000000
10000014
00000001
01040000
00000001
02340c80
00000c80
30000000
10000014
00000001
01080000
00000001
02341900
00000c80
30000000
10000014
00000001
010c0000
00000001
02342580
00000c80
30000000
10000014
00000001
01100000
00000001
02343200
00000c80
30000000
10000014
00000001
01140000
00000001
02343e80
00000c80
30000000
10000014
00000001
01180000
00000001
02344b00
00000c80
30000000
10000014
00000001
011c0000
00000001
02345780
00000c80
30000000
21000030
00000001
00340000
00000000
00000008
0000000a
0000000a
00000410
00000010
00686000
00000100
00000000
00000000
40000000
21000030
00000001
00340c80
00000000
00000008
0000000a
0000000a
00000430
00000030
00686020
00000100
00000000
00000000
40000000
21000030
00000001
00341900
00000000
00000008
0000000a
0000000a
00000450
00000050
00686040
00000100
00000000
00000000
40000000
21000030
00000001
00342580
00000000
00000008
0000000a
0000000a
00000470
00000070
00686060
00000100
00000000
00000000
40000000
21000030
00000001
00343200
00000000
00000008
0000000a
0000000a
00000490
00000090
00686080
00000100
00000000
00000000
40000000
21000030
00000001
00343e80
00000000
00000008
0000000a
0000000a
000004b0
000000b0
006860a0
00000100
00000000
00000000
40000000
21000030
00000001
00344b00
00000000
00000008
0000000a
0000000a
000004d0
000000d0
006860c0
00000100
00000000
00000000
40000000
21000030
00000001
00345780
00000000
00000008
0000000a
0000000a
000004f0
000000f0
006860e0
00000100
00000000
00000000
40000000
10000014
00000001
027c2810
00000001
03000000
00000810
30000000
10000014
00000000
002b6000
00000001
00000000
00004800
30000000
10000014
00000000
002ba800
00000001
00080000
00004800
30000000
10000014
00000000
002bf000
00000001
00100000
00004800
30000000
10000014
00000000
002c3800
00000001
00180000
00004800
30000000
10000014
00000000
002c8000
00000001
00200000
00004800
30000000
10000014
00000000
002cc800
00000001
00280000
00004800
30000000
10000014
00000000
002d1000
00000001
00300000
00004800
30000000
10000014
00000000
002d5800
00000001
00380000
00004800
30000000
22000030
00000007
00000000
00000000
00000080
00000014
00000014
00000000
00000000
00340000
03032211
0000000a
0000000a
40000000
10000014
00000001
02340000
00000001
00024000
00038400
30000000
10000014
00000001
02340000
00000001
000a4000
00038400
30000000
10000014
00000001
02340000
00000001
00124000
00038400
30000000
10000014
00000001
02340000
00000001
001a4000
00038400
30000000
10000014
00000001
02340000
00000001
00224000
00038400
30000000
10000014
00000001
02340000
00000001
002a4000
00038400
30000000
10000014
00000001
02340000
00000001
00324000
00038400
30000000
10000014
00000001
02340000
00000001
003a4000
00038400
30000000
90000060
00000064
00001207
000000ff
00000000
00002400
00000090
00000002
00000000
00000000
00000000
00000000
00000000
00000000
00000000
00000000
00000000
00000000
00000000
00000000
00000000
00000000
00000000
00000000
00000000
70000000
00000000
00000000
00000000
00000000
00000000
00000000
00000000
00000000
00000000
00000000
00000000
00000000
00000000
00000000
00000000
00000000
10000014
00000001
01000000
00000001
02340000
00000c80
30000000
10000014
00000001
01040000
00000001
02340c80
00000c80
30000000
10000014
00000001
01080000
00000001
02341900
00000c80
30000000
10000014
00000001
010c0000
00000001
02342580
00000c80
30000000
10000014
00000001
01100000
00000001
02343200
00000c80
30000000
10000014
00000001
01140000
00000001
02343e80
00000c80
30000000
10000014
00000001
01180000
00000001
02344b00
00000c80
30000000
10000014
00000001
011c0000
00000001
02345780
00000c80
30000000
21000030
00000001
00340000
00000000
00000008
0000000a
0000000a
00000510
00000110
00686100
00000100
00000000
00000000
40000000
21000030
00000001
00340c80
00000000
00000008
0000000a
0000000a
00000530
00000130
00686120
00000100
00000000
00000000
40000000
21000030
00000001
00341900
00000000
00000008
0000000a
0000000a
00000550
00000150
00686140
00000100
00000000
00000000
40000000
21000030
00000001
00342580
00000000
00000008
0000000a
0000000a
00000570
00000170
00686160
00000100
00000000
00000000
40000000
21000030
00000001
00343200
00000000
00000008
0000000a
0000000a
00000590
00000190
00686180
00000100
00000000
00000000
40000000
21000030
00000001
00343e80
00000000
00000008
0000000a
0000000a
000005b0
000001b0
006861a0
00000100
00000000
00000000
40000000
21000030
00000001
00344b00
00000000
00000008
0000000a
0000000a
000005d0
000001d0
006861c0
00000100
00000000
00000000
40000000
21000030
00000001
00345780
00000000
00000008
0000000a
0000000a
000005f0
000001f0
006861e0
00000100
00000000
00000000
40000000
10000014
00000001
027c2810
00000001
03000000
00000810
30000000
10000014
00000000
002da000
00000001
00000000
00004800
30000000
10000014
00000000
002de800
00000001
00080000
00004800
30000000
10000014
00000000
002e3000
00000001
00100000
00004800
30000000
10000014
00000000
002e7800
00000001
00180000
00004800
30000000
10000014
00000000
002ec000
00000001
00200000
00004800
30000000
10000014
00000000
002f0800
00000001
00280000
00004800
30000000
10000014
00000000
002f5000
00000001
00300000
00004800
30000000
10000014
00000000
002f9800
00000001
00380000
00004800
30000000
22000030
00000007
00000000
00000000
00000080
00000014
00000014
00000000
00000000
00340000
03032211
0000000a
0000000a
40000000
10000014
00000001
02340000
00000001
00024000
00038400
30000000
10000014
00000001
02340000
00000001
000a4000
00038400
30000000
10000014
00000001
02340000
00000001
00124000
00038400
30000000
10000014
00000001
02340000
00000001
001a4000
00038400
30000000
10000014
00000001
02340000
00000001
00224000
00038400
30000000
10000014
00000001
02340000
00000001
002a4000
00038400
30000000
10000014
00000001
02340000
00000001
00324000
00038400
30000000
10000014
00000001
02340000
00000001
003a4000
00038400
30000000
90000060
00000064
00001207
000000ff
00000000
00002400
00000090
00000002
00000000
00000000
00000000
00000000
00000000
00000000
00000000
00000000
00000000
00000000
00000000
00000000
00000000
00000000
00000000
00000000
00000000
70000000
00000000
00000000
00000000
00000000
00000000
00000000
00000000
00000000
00000000
00000000
00000000
00000000
00000000
00000000
00000000
00000000
10000014
00000001
01000000
00000001
02340000
00000c80
30000000
10000014
00000001
01040000
00000001
02340c80
00000c80
30000000
10000014
00000001
01080000
00000001
02341900
00000c80
30000000
10000014
00000001
010c0000
00000001
02342580
00000c80
30000000
10000014
00000001
01100000
00000001
02343200
00000c80
30000000
10000014
00000001
01140000
00000001
02343e80
00000c80
30000000
10000014
00000001
01180000
00000001
02344b00
00000c80
30000000
10000014
00000001
011c0000
00000001
02345780
00000c80
30000000
21000030
00000001
00340000
00000000
00000008
0000000a
0000000a
00000610
00000210
00686200
00000100
00000000
00000000
40000000
21000030
00000001
00340c80
00000000
00000008
0000000a
0000000a
00000630
00000230
00686220
00000100
00000000
00000000
40000000
21000030
00000001
00341900
00000000
00000008
0000000a
0000000a
00000650
00000250
00686240
00000100
00000000
00000000
40000000
21000030
00000001
00342580
00000000
00000008
0000000a
0000000a
00000670
00000270
00686260
00000100
00000000
00000000
40000000
21000030
00000001
00343200
00000000
00000008
0000000a
0000000a
00000690
00000290
00686280
00000100
00000000
00000000
40000000
21000030
00000001
00343e80
00000000
00000008
0000000a
0000000a
000006b0
000002b0
006862a0
00000100
00000000
00000000
40000000
21000030
00000001
00344b00
00000000
00000008
0000000a
0000000a
000006d0
000002d0
006862c0
00000100
00000000
00000000
40000000
21000030
00000001
00345780
00000000
00000008
0000000a
0000000a
000006f0
000002f0
006862e0
00000100
00000000
00000000
40000000
10000014
00000001
027c2810
00000001
03000000
00000810
30000000
10000014
00000000
002fe000
00000001
00000000
00004800
30000000
10000014
00000000
00302800
00000001
00080000
00004800
30000000
10000014
00000000
00307000
00000001
00100000
00004800
30000000
10000014
00000000
0030b800
00000001
00180000
00004800
30000000
10000014
00000000
00310000
00000001
00200000
00004800
30000000
10000014
00000000
00314800
00000001
00280000
00004800
30000000
10000014
00000000
00319000
00000001
00300000
00004800
30000000
10000014
00000000
0031d800
00000001
00380000
00004800
30000000
22000030
00000007
00000000
00000000
00000080
00000014
00000014
00000000
00000000
00340000
03032211
0000000a
0000000a
40000000
10000014
00000001
02340000
00000001
00024000
00038400
30000000
10000014
00000001
02340000
00000001
000a4000
00038400
30000000
10000014
00000001
02340000
00000001
00124000
00038400
30000000
10000014
00000001
02340000
00000001
001a4000
00038400
30000000
10000014
00000001
02340000
00000001
00224000
00038400
30000000
10000014
00000001
02340000
00000001
002a4000
00038400
30000000
10000014
00000001
02340000
00000001
00324000
00038400
30000000
10000014
00000001
02340000
00000001
003a4000
00038400
30000000
90000060
00000064
00001207
000000ff
00000000
00002400
00000090
00000002
00000000
00000000
00000000
00000000
00000000
00000000
00000000
00000000
00000000
00000000
00000000
00000000
00000000
00000000
00000000
00000000
00000000
70000000
00000000
00000000
00000000
00000000
00000000
00000000
00000000
00000000
00000000
00000000
00000000
00000000
00000000
00000000
00000000
00000000
10000014
00000001
01000000
00000001
02340000
00000c80
30000000
10000014
00000001
01040000
00000001
02340c80
00000c80
30000000
10000014
00000001
01080000
00000001
02341900
00000c80
30000000
10000014
00000001
010c0000
00000001
02342580
00000c80
30000000
10000014
00000001
01100000
00000001
02343200
00000c80
30000000
10000014
00000001
01140000
00000001
02343e80
00000c80
30000000
10000014
00000001
01180000
00000001
02344b00
00000c80
30000000
10000014
00000001
011c0000
00000001
02345780
00000c80
30000000
21000030
00000001
00340000
00000000
00000008
0000000a
0000000a
00000710
00000310
00686300
00000100
00000000
00000000
40000000
21000030
00000001
00340c80
00000000
00000008
0000000a
0000000a
00000730
00000330
00686320
00000100
00000000
00000000
40000000
21000030
00000001
00341900
00000000
00000008
0000000a
0000000a
00000750
00000350
00686340
00000100
00000000
00000000
40000000
21000030
00000001
00342580
00000000
00000008
0000000a
0000000a
00000770
00000370
00686360
00000100
00000000
00000000
40000000
21000030
00000001
00343200
00000000
00000008
0000000a
0000000a
00000790
00000390
00686380
00000100
00000000
00000000
40000000
21000030
00000001
00343e80
00000000
00000008
0000000a
0000000a
000007b0
000003b0
006863a0
00000100
00000000
00000000
40000000
21000030
00000001
00344b00
00000000
00000008
0000000a
0000000a
000007d0
000003d0
006863c0
00000100
00000000
00000000
40000000
21000030
00000001
00345780
00000000
00000008
0000000a
0000000a
000007f0
000003f0
006863e0
00000100
00000000
00000000
40000000
10000014
00000001
027c3020
00000001
03000000
00000410
30000000
10000014
00000000
00322000
00000001
00000000
00001000
30000000
10000014
00000000
00323000
00000001
00080000
00001000
30000000
10000014
00000000
00324000
00000001
00100000
00001000
30000000
10000014
00000000
00325000
00000001
00180000
00001000
30000000
10000014
00000000
00326000
00000001
00200000
00001000
30000000
10000014
00000000
00327000
00000001
00280000
00001000
30000000
10000014
00000000
00328000
00000001
00300000
00001000
30000000
10000014
00000000
00329000
00000001
00380000
00001000
30000000
22000030
00000003
00686000
00000000
00000100
0000000a
0000000a
00000000
00000000
0069f000
00000000
00000000
00000000
40000000
22000030
00000007
0069f000
00000000
00000100
0000000a
0000000a
00000000
00000000
00340000
01011100
0000000a
0000000a
40000000
10000014
00000001
02340000
00000001
00008000
0000c800
30000000
10000014
00000001
02340000
00000001
00088000
0000c800
30000000
10000014
00000001
02340000
00000001
00108000
0000c800
30000000
10000014
00000001
02340000
00000001
00188000
0000c800
30000000
10000014
00000001
02340000
00000001
00208000
0000c800
30000000
10000014
00000001
02340000
00000001
00288000
0000c800
30000000
10000014
00000001
02340000
00000001
00308000
0000c800
30000000
10000014
00000001
02340000
00000001
00388000
0000c800
30000000
90000060
00000064
00000407
000000ff
00000000
00000800
00000020
00000002
00000000
00000000
00000000
00000000
00000000
00000000
00000000
00000000
00000000
00000000
00000000
00000000
00000000
00000000
00000000
00000000
00000000
70000000
00000000
00000000
00000000
00000000
00000000
00000000
00000000
00000000
00000000
00000000
00000000
00000000
00000000
00000000
00000000
00000000
10000014
00000001
01000000
00000001
02340000
00000c80
30000000
10000014
00000001
01040000
00000001
02340c80
00000c80
30000000
10000014
00000001
01080000
00000001
02341900
00000c80
30000000
10000014
00000001
010c0000
00000001
02342580
00000c80
30000000
10000014
00000001
01100000
00000001
02343200
00000c80
30000000
10000014
00000001
01140000
00000001
02343e80
00000c80
30000000
10000014
00000001
01180000
00000001
02344b00
00000c80
30000000
10000014
00000001
011c0000
00000001
02345780
00000c80
30000000
21000030
00000001
00340000
00000000
00000008
0000000a
0000000a
00000210
00000010
00000000
00000080
00000000
00000000
40000000
21000030
00000001
00340c80
00000000
00000008
0000000a
0000000a
00000230
00000030
00000020
00000080
00000000
00000000
40000000
21000030
00000001
00341900
00000000
00000008
0000000a
0000000a
00000250
00000050
00000040
00000080
00000000
00000000
40000000
21000030
00000001
00342580
00000000
00000008
0000000a
0000000a
00000270
00000070
00000060
00000080
00000000
00000000
40000000
21000030
00000001
00343200
00000000
00000008
0000000a
0000000a
00000290
00000090
00000080
00000080
00000000
00000000
40000000
21000030
00000001
00343e80
00000000
00000008
0000000a
0000000a
000002b0
000000b0
000000a0
00000080
00000000
00000000
40000000
21000030
00000001
00344b00
00000000
00000008
0000000a
0000000a
000002d0
000000d0
000000c0
00000080
00000000
00000000
40000000
21000030
00000001
00345780
00000000
00000008
0000000a
0000000a
000002f0
000000f0
000000e0
00000080
00000000
00000000
40000000
10000014
00000001
027c3020
00000001
03000000
00000410
30000000
10000014
00000000
0032a000
00000001
00000000
00001000
30000000
10000014
00000000
0032b000
00000001
00080000
00001000
30000000
10000014
00000000
0032c000
00000001
00100000
00001000
30000000
10000014
00000000
0032d000
00000001
00180000
00001000
30000000
10000014
00000000
0032e000
00000001
00200000
00001000
30000000
10000014
00000000
0032f000
00000001
00280000
00001000
30000000
10000014
00000000
00330000
00000001
00300000
00001000
30000000
10000014
00000000
00331000
00000001
00380000
00001000
30000000
22000030
00000007
0069f000
00000000
00000100
0000000a
0000000a
00000000
00000000
00340000
01011100
0000000a
0000000a
40000000
10000014
00000001
02340000
00000001
00008000
0000c800
30000000
10000014
00000001
02340000
00000001
00088000
0000c800
30000000
10000014
00000001
02340000
00000001
00108000
0000c800
30000000
10000014
00000001
02340000
00000001
00188000
0000c800
30000000
10000014
00000001
02340000
00000001
00208000
0000c800
30000000
10000014
00000001
02340000
00000001
00288000
0000c800
30000000
10000014
00000001
02340000
00000001
00308000
0000c800
30000000
10000014
00000001
02340000
00000001
00388000
0000c800
30000000
90000060
00000064
00000407
000000ff
00000000
00000800
00000020
00000002
00000000
00000000
00000000
00000000
00000000
00000000
00000000
00000000
00000000
00000000
00000000
00000000
00000000
00000000
00000000
00000000
00000000
70000000
00000000
00000000
00000000
00000000
00000000
00000000
00000000
00000000
00000000
00000000
00000000
00000000
00000000
00000000
00000000
00000000
10000014
00000001
01000000
00000001
02340000
00000c80
30000000
10000014
00000001
01040000
00000001
02340c80
00000c80
30000000
10000014
00000001
01080000
00000001
02341900
00000c80
30000000
10000014
00000001
010c0000
00000001
02342580
00000c80
30000000
10000014
00000001
01100000
00000001
02343200
00000c80
30000000
10000014
00000001
01140000
00000001
02343e80
00000c80
30000000
10000014
00000001
01180000
00000001
02344b00
00000c80
30000000
10000014
00000001
011c0000
00000001
02345780
00000c80
30000000
21000030
00000001
00340000
00000000
00000008
0000000a
0000000a
00000310
00000110
00000100
00000080
00000000
00000000
40000000
21000030
00000001
00340c80
00000000
00000008
0000000a
0000000a
00000330
00000130
00000120
00000080
00000000
00000000
40000000
21000030
00000001
00341900
00000000
00000008
0000000a
0000000a
00000350
00000150
00000140
00000080
00000000
00000000
40000000
21000030
00000001
00342580
00000000
00000008
0000000a
0000000a
00000370
00000170
00000160
00000080
00000000
00000000
40000000
21000030
00000001
00343200
00000000
00000008
0000000a
0000000a
00000390
00000190
00000180
00000080
00000000
00000000
40000000
21000030
00000001
00343e80
00000000
00000008
0000000a
0000000a
000003b0
000001b0
000001a0
00000080
00000000
00000000
40000000
21000030
00000001
00344b00
00000000
00000008
0000000a
0000000a
000003d0
000001d0
000001c0
00000080
00000000
00000000
40000000
21000030
00000001
00345780
00000000
00000008
0000000a
0000000a
000003f0
000001f0
000001e0
00000080
00000000
00000000
40000000
10000014
00000001
027c3430
00000001
03000000
00000410
30000000
10000014
00000000
00332000
00000001
00000000
00000800
30000000
10000014
00000000
00332800
00000001
00080000
00000800
30000000
10000014
00000000
00333000
00000001
00100000
00000800
30000000
10000014
00000000
00333800
00000001
00180000
00000800
30000000
10000014
00000000
00334000
00000001
00200000
00000800
30000000
10000014
00000000
00334800
00000001
00280000
00000800
30000000
10000014
00000000
00335000
00000001
00300000
00000800
30000000
10000014
00000000
00335800
00000001
00380000
00000800
30000000
22000030
00000003
00000000
00000000
00000080
0000000a
0000000a
00000000
00000000
00000000
00000000
00000000
00000000
40000000
22000030
00000007
00000000
00000000
00000080
0000000a
0000000a
00000000
00000000
00340000
01011100
0000000a
0000000a
40000000
10000014
00000001
02340000
00000001
00004000
00006400
30000000
10000014
00000001
02340000
00000001
00084000
00006400
30000000
10000014
00000001
02340000
00000001
00104000
00006400
30000000
10000014
00000001
02340000
00000001
00184000
00006400
30000000
10000014
00000001
02340000
00000001
00204000
00006400
30000000
10000014
00000001
02340000
00000001
00284000
00006400
30000000
10000014
00000001
02340000
00000001
00304000
00006400
30000000
10000014
00000001
02340000
00000001
00384000
00006400
30000000
90000060
00000064
00000207
000000ff
00000000
00000400
00000010
00000002
00000000
00000000
00000000
00000000
00000000
00000000
00000000
00000000
00000000
00000000
00000000
00000000
00000000
00000000
00000000
00000000
00000000
70000000
00000000
00000000
00000000
00000000
00000000
00000000
00000000
00000000
00000000
00000000
00000000
00000000
00000000
00000000
00000000
00000000
10000014
00000001
01000000
00000001
02340000
00000c80
30000000
10000014
00000001
01040000
00000001
02340c80
00000c80
30000000
10000014
00000001
01080000
00000001
02341900
00000c80
30000000
10000014
00000001
010c0000
00000001
02342580
00000c80
30000000
10000014
00000001
01100000
00000001
02343200
00000c80
30000000
10000014
00000001
01140000
00000001
02343e80
00000c80
30000000
10000014
00000001
01180000
00000001
02344b00
00000c80
30000000
10000014
00000001
011c0000
00000001
02345780
00000c80
30000000
21000030
00000001
00340000
00000000
00000008
0000000a
0000000a
00000210
00000010
001a0000
00000080
00000000
00000000
40000000
21000030
00000001
00340c80
00000000
00000008
0000000a
0000000a
00000230
00000030
001a0020
00000080
00000000
00000000
40000000
21000030
00000001
00341900
00000000
00000008
0000000a
0000000a
00000250
00000050
001a0040
00000080
00000000
00000000
40000000
21000030
00000001
00342580
00000000
00000008
0000000a
0000000a
00000270
00000070
001a0060
00000080
00000000
00000000
40000000
21000030
00000001
00343200
00000000
00000008
0000000a
0000000a
00000290
00000090
001a0080
00000080
00000000
00000000
40000000
21000030
00000001
00343e80
00000000
00000008
0000000a
0000000a
000002b0
000000b0
001a00a0
00000080
00000000
00000000
40000000
21000030
00000001
00344b00
00000000
00000008
0000000a
0000000a
000002d0
000000d0
001a00c0
00000080
00000000
00000000
40000000
21000030
00000001
00345780
00000000
00000008
0000000a
0000000a
000002f0
000000f0
001a00e0
00000080
00000000
00000000
40000000
10000014
00000001
027c3430
00000001
03000000
00000410
30000000
10000014
00000000
00336000
00000001
00000000
00000800
30000000
10000014
00000000
00336800
00000001
00080000
00000800
30000000
10000014
00000000
00337000
00000001
00100000
00000800
30000000
10000014
00000000
00337800
00000001
00180000
00000800
30000000
10000014
00000000
00338000
00000001
00200000
00000800
30000000
10000014
00000000
00338800
00000001
00280000
00000800
30000000
10000014
00000000
00339000
00000001
00300000
00000800
30000000
10000014
00000000
00339800
00000001
00380000
00000800
30000000
22000030
00000007
00000000
00000000
00000080
0000000a
0000000a
00000000
00000000
00340000
01011100
0000000a
0000000a
40000000
10000014
00000001
02340000
00000001
00004000
00006400
30000000
10000014
00000001
02340000
00000001
00084000
00006400
30000000
10000014
00000001
02340000
00000001
00104000
00006400
30000000
10000014
00000001
02340000
00000001
00184000
00006400
30000000
10000014
00000001
02340000
00000001
00204000
00006400
30000000
10000014
00000001
02340000
00000001
00284000
00006400
30000000
10000014
00000001
02340000
00000001
00304000
00006400
30000000
10000014
00000001
02340000
00000001
00384000
00006400
30000000
90000060
00000064
00000207
000000ff
00000000
00000400
00000010
00000002
00000000
00000000
00000000
00000000
00000000
00000000
00000000
00000000
00000000
00000000
00000000
00000000
00000000
00000000
00000000
00000000
00000000
70000000
00000000
00000000
00000000
00000000
00000000
00000000
00000000
00000000
00000000
00000000
00000000
00000000
00000000
00000000
00000000
00000000
10000014
00000001
01000000
00000001
02340000
00000c80
30000000
10000014
00000001
01040000
00000001
02340c80
00000c80
30000000
10000014
00000001
01080000
00000001
02341900
00000c80
30000000
10000014
00000001
010c0000
00000001
02342580
00000c80
30000000
10000014
00000001
01100000
00000001
02343200
00000c80
30000000
10000014
00000001
01140000
00000001
02343e80
00000c80
30000000
10000014
00000001
01180000
00000001
02344b00
00000c80
30000000
10000014
00000001
011c0000
00000001
02345780
00000c80
30000000
21000030
00000001
00340000
00000000
00000008
0000000a
0000000a
00000310
00000110
001a0100
00000080
00000000
00000000
40000000
21000030
00000001
00340c80
00000000
00000008
0000000a
0000000a
00000330
00000130
001a0120
00000080
00000000
00000000
40000000
21000030
00000001
00341900
00000000
00000008
0000000a
0000000a
00000350
00000150
001a0140
00000080
00000000
00000000
40000000
21000030
00000001
00342580
00000000
00000008
0000000a
0000000a
00000370
00000170
001a0160
00000080
00000000
00000000
40000000
21000030
00000001
00343200
00000000
00000008
0000000a
0000000a
00000390
00000190
001a0180
00000080
00000000
00000000
40000000
21000030
00000001
00343e80
00000000
00000008
0000000a
0000000a
000003b0
000001b0
001a01a0
00000080
00000000
00000000
40000000
21000030
00000001
00344b00
00000000
00000008
0000000a
0000000a
000003d0
000001d0
001a01c0
00000080
00000000
00000000
40000000
21000030
00000001
00345780
00000000
00000008
0000000a
0000000a
000003f0
000001f0
001a01e0
00000080
00000000
00000000
40000000
10000014
00000001
027c3840
00000001
03000000
00000410
30000000
10000014
00000000
0033a000
00000001
00000000
00004800
30000000
10000014
00000000
0033e800
00000001
00080000
00004800
30000000
10000014
00000000
00343000
00000001
00100000
00004800
30000000
10000014
00000000
00347800
00000001
00180000
00004800
30000000
10000014
00000000
0034c000
00000001
00200000
00004800
30000000
10000014
00000000
00350800
00000001
00280000
00004800
30000000
10000014
00000000
00355000
00000001
00300000
00004800
30000000
10000014
00000000
00359800
00000001
00380000
00004800
30000000
22000030
00000003
001a0000
00000000
00000080
0000000a
0000000a
00000000
00000000
001a0000
00000000
00000000
00000000
40000000
22000030
00000007
001a0000
00000000
00000080
0000000a
0000000a
00000000
00000000
00340000
03031111
0000000a
0000000a
40000000
10000014
00000001
02340000
00000001
00024000
00038400
30000000
10000014
00000001
02340000
00000001
000a4000
00038400
30000000
10000014
00000001
02340000
00000001
00124000
00038400
30000000
10000014
00000001
02340000
00000001
001a4000
00038400
30000000
10000014
00000001
02340000
00000001
00224000
00038400
30000000
10000014
00000001
02340000
00000001
002a4000
00038400
30000000
10000014
00000001
02340000
00000001
00324000
00038400
30000000
10000014
00000001
02340000
00000001
003a4000
00038400
30000000
90000060
00000064
00001207
000000ff
00000000
00002400
00000090
00000002
00000000
00000000
00000000
00000000
00000000
00000000
00000000
00000000
00000000
00000000
00000000
00000000
00000000
00000000
00000000
00000000
00000000
70000000
00000000
00000000
00000000
00000000
00000000
00000000
00000000
00000000
00000000
00000000
00000000
00000000
00000000
00000000
00000000
00000000
10000014
00000001
01000000
00000001
02340000
00000c80
30000000
10000014
00000001
01040000
00000001
02340c80
00000c80
30000000
10000014
00000001
01080000
00000001
02341900
00000c80
30000000
10000014
00000001
010c0000
00000001
02342580
00000c80
30000000
10000014
00000001
01100000
00000001
02343200
00000c80
30000000
10000014
00000001
01140000
00000001
02343e80
00000c80
30000000
10000014
00000001
01180000
00000001
02344b00
00000c80
30000000
10000014
00000001
011c0000
00000001
02345780
00000c80
30000000
21000030
00000001
00340000
00000000
00000008
0000000a
0000000a
00000210
00000010
0069f000
00000080
00000000
00000000
40000000
21000030
00000001
00340c80
00000000
00000008
0000000a
0000000a
00000230
00000030
0069f020
00000080
00000000
00000000
40000000
21000030
00000001
00341900
00000000
00000008
0000000a
0000000a
00000250
00000050
0069f040
00000080
00000000
00000000
40000000
21000030
00000001
00342580
00000000
00000008
0000000a
0000000a
00000270
00000070
0069f060
00000080
00000000
00000000
40000000
21000030
00000001
00343200
00000000
00000008
0000000a
0000000a
00000290
00000090
0069f080
00000080
00000000
00000000
40000000
21000030
00000001
00343e80
00000000
00000008
0000000a
0000000a
000002b0
000000b0
0069f0a0
00000080
00000000
00000000
40000000
21000030
00000001
00344b00
00000000
00000008
0000000a
0000000a
000002d0
000000d0
0069f0c0
00000080
00000000
00000000
40000000
21000030
00000001
00345780
00000000
00000008
0000000a
0000000a
000002f0
000000f0
0069f0e0
00000080
00000000
00000000
40000000
10000014
00000001
027c3840
00000001
03000000
00000410
30000000
10000014
00000000
0035e000
00000001
00000000
00004800
30000000
10000014
00000000
00362800
00000001
00080000
00004800
30000000
10000014
00000000
00367000
00000001
00100000
00004800
30000000
10000014
00000000
0036b800
00000001
00180000
00004800
30000000
10000014
00000000
00370000
00000001
00200000
00004800
30000000
10000014
00000000
00374800
00000001
00280000
00004800
30000000
10000014
00000000
00379000
00000001
00300000
00004800
30000000
10000014
00000000
0037d800
00000001
00380000
00004800
30000000
22000030
00000007
001a0000
00000000
00000080
0000000a
0000000a
00000000
00000000
00340000
03031111
0000000a
0000000a
40000000
10000014
00000001
02340000
00000001
00024000
00038400
30000000
10000014
00000001
02340000
00000001
000a4000
00038400
30000000
10000014
00000001
02340000
00000001
00124000
00038400
30000000
10000014
00000001
02340000
00000001
001a4000
00038400
30000000
10000014
00000001
02340000
00000001
00224000
00038400
30000000
10000014
00000001
02340000
00000001
002a4000
00038400
30000000
10000014
00000001
02340000
00000001
00324000
00038400
30000000
10000014
00000001
02340000
00000001
003a4000
00038400
30000000
90000060
00000064
00001207
000000ff
00000000
00002400
00000090
00000002
00000000
00000000
00000000
00000000
00000000
00000000
00000000
00000000
00000000
00000000
00000000
00000000
00000000
00000000
00000000
00000000
00000000
70000000
00000000
00000000
00000000
00000000
00000000
00000000
00000000
00000000
00000000
00000000
00000000
00000000
00000000
00000000
00000000
00000000
10000014
00000001
01000000
00000001
02340000
00000c80
30000000
10000014
00000001
01040000
00000001
02340c80
00000c80
30000000
10000014
00000001
01080000
00000001
02341900
00000c80
30000000
10000014
00000001
010c0000
00000001
02342580
00000c80
30000000
10000014
00000001
01100000
00000001
02343200
00000c80
30000000
10000014
00000001
01140000
00000001
02343e80
00000c80
30000000
10000014
00000001
01180000
00000001
02344b00
00000c80
30000000
10000014
00000001
011c0000
00000001
02345780
00000c80
30000000
21000030
00000001
00340000
00000000
00000008
0000000a
0000000a
00000310
00000110
0069f100
00000080
00000000
00000000
40000000
21000030
00000001
00340c80
00000000
00000008
0000000a
0000000a
00000330
00000130
0069f120
00000080
00000000
00000000
40000000
21000030
00000001
00341900
00000000
00000008
0000000a
0000000a
00000350
00000150
0069f140
00000080
00000000
00000000
40000000
21000030
00000001
00342580
00000000
00000008
0000000a
0000000a
00000370
00000170
0069f160
00000080
00000000
00000000
40000000
21000030
00000001
00343200
00000000
00000008
0000000a
0000000a
00000390
00000190
0069f180
00000080
00000000
00000000
40000000
21000030
00000001
00343e80
00000000
00000008
0000000a
0000000a
000003b0
000001b0
0069f1a0
00000080
00000000
00000000
40000000
21000030
00000001
00344b00
00000000
00000008
0000000a
0000000a
000003d0
000001d0
0069f1c0
00000080
00000000
00000000
40000000
21000030
00000001
00345780
00000000
00000008
0000000a
0000000a
000003f0
000001f0
0069f1e0
00000080
00000000
00000000
40000000
10000014
00000001
027c3c50
00000001
03000000
00000410
30000000
10000014
00000000
00382000
00000001
00000000
00001000
30000000
10000014
00000000
00383000
00000001
00080000
00001000
30000000
10000014
00000000
00384000
00000001
00100000
00001000
30000000
10000014
00000000
00385000
00000001
00180000
00001000
30000000
10000014
00000000
00386000
00000001
00200000
00001000
30000000
10000014
00000000
00387000
00000001
00280000
00001000
30000000
10000014
00000000
00388000
00000001
00300000
00001000
30000000
10000014
00000000
00389000
00000001
00380000
00001000
30000000
22000030
00000003
00686000
00000000
00000100
0000000a
0000000a
00000000
00000000
00000000
00000000
00000000
00000000
40000000
22000030
00000007
00000000
00000000
00000100
0000000a
0000000a
00000000
00000000
00340000
01011100
0000000a
0000000a
40000000
10000014
00000001
02340000
00000001
00008000
0000c800
30000000
10000014
00000001
02340000
00000001
00088000
0000c800
30000000
10000014
00000001
02340000
00000001
00108000
0000c800
30000000
10000014
00000001
02340000
00000001
00188000
0000c800
30000000
10000014
00000001
02340000
00000001
00208000
0000c800
30000000
10000014
00000001
02340000
00000001
00288000
0000c800
30000000
10000014
00000001
02340000
00000001
00308000
0000c800
30000000
10000014
00000001
02340000
00000001
00388000
0000c800
30000000
90000060
00000064
00000407
000000ff
00000000
00000800
00000020
00000002
00000000
00000000
00000000
00000000
00000000
00000000
00000000
00000000
00000000
00000000
00000000
00000000
00000000
00000000
00000000
00000000
00000000
70000000
00000000
00000000
00000000
00000000
00000000
00000000
00000000
00000000
00000000
00000000
00000000
00000000
00000000
00000000
00000000
00000000
10000014
00000001
01000000
00000001
02340000
00000c80
30000000
10000014
00000001
01040000
00000001
02340c80
00000c80
30000000
10000014
00000001
01080000
00000001
02341900
00000c80
30000000
10000014
00000001
010c0000
00000001
02342580
00000c80
30000000
10000014
00000001
01100000
00000001
02343200
00000c80
30000000
10000014
00000001
01140000
00000001
02343e80
00000c80
30000000
10000014
00000001
01180000
00000001
02344b00
00000c80
30000000
10000014
00000001
011c0000
00000001
02345780
00000c80
30000000
21000030
00000001
00340000
00000000
00000008
0000000a
0000000a
00000210
00000010
006ab800
00000080
00000000
00000000
40000000
21000030
00000001
00340c80
00000000
00000008
0000000a
0000000a
00000230
00000030
006ab820
00000080
00000000
00000000
40000000
21000030
00000001
00341900
00000000
00000008
0000000a
0000000a
00000250
00000050
006ab840
00000080
00000000
00000000
40000000
21000030
00000001
00342580
00000000
00000008
0000000a
0000000a
00000270
00000070
006ab860
00000080
00000000
00000000
40000000
21000030
00000001
00343200
00000000
00000008
0000000a
0000000a
00000290
00000090
006ab880
00000080
00000000
00000000
40000000
21000030
00000001
00343e80
00000000
00000008
0000000a
0000000a
000002b0
000000b0
006ab8a0
00000080
00000000
00000000
40000000
21000030
00000001
00344b00
00000000
00000008
0000000a
0000000a
000002d0
000000d0
006ab8c0
00000080
00000000
00000000
40000000
21000030
00000001
00345780
00000000
00000008
0000000a
0000000a
000002f0
000000f0
006ab8e0
00000080
00000000
00000000
40000000
10000014
00000001
027c3c50
00000001
03000000
00000410
30000000
10000014
00000000
0038a000
00000001
00000000
00001000
30000000
10000014
00000000
0038b000
00000001
00080000
00001000
30000000
10000014
00000000
0038c000
00000001
00100000
00001000
30000000
10000014
00000000
0038d000
00000001
00180000
00001000
30000000
10000014
00000000
0038e000
00000001
00200000
00001000
30000000
10000014
00000000
0038f000
00000001
00280000
00001000
30000000
10000014
00000000
00390000
00000001
00300000
00001000
30000000
10000014
00000000
00391000
00000001
00380000
00001000
30000000
22000030
00000007
00000000
00000000
00000100
0000000a
0000000a
00000000
00000000
00340000
01011100
0000000a
0000000a
40000000
10000014
00000001
02340000
00000001
00008000
0000c800
30000000
10000014
00000001
02340000
00000001
00088000
0000c800
30000000
10000014
00000001
02340000
00000001
00108000
0000c800
30000000
10000014
00000001
02340000
00000001
00188000
0000c800
30000000
10000014
00000001
02340000
00000001
00208000
0000c800
30000000
10000014
00000001
02340000
00000001
00288000
0000c800
30000000
10000014
00000001
02340000
00000001
00308000
0000c800
30000000
10000014
00000001
02340000
00000001
00388000
0000c800
30000000
90000060
00000064
00000407
000000ff
00000000
00000800
00000020
00000002
00000000
00000000
00000000
00000000
00000000
00000000
00000000
00000000
00000000
00000000
00000000
00000000
00000000
00000000
00000000
00000000
00000000
70000000
00000000
00000000
00000000
00000000
00000000
00000000
00000000
00000000
00000000
00000000
00000000
00000000
00000000
00000000
00000000
00000000
10000014
00000001
01000000
00000001
02340000
00000c80
30000000
10000014
00000001
01040000
00000001
02340c80
00000c80
30000000
10000014
00000001
01080000
00000001
02341900
00000c80
30000000
10000014
00000001
010c0000
00000001
02342580
00000c80
30000000
10000014
00000001
01100000
00000001
02343200
00000c80
30000000
10000014
00000001
01140000
00000001
02343e80
00000c80
30000000
10000014
00000001
01180000
00000001
02344b00
00000c80
30000000
10000014
00000001
011c0000
00000001
02345780
00000c80
30000000
21000030
00000001
00340000
00000000
00000008
0000000a
0000000a
00000310
00000110
006ab900
00000080
00000000
00000000
40000000
21000030
00000001
00340c80
00000000
00000008
0000000a
0000000a
00000330
00000130
006ab920
00000080
00000000
00000000
40000000
21000030
00000001
00341900
00000000
00000008
0000000a
0000000a
00000350
00000150
006ab940
00000080
00000000
00000000
40000000
21000030
00000001
00342580
00000000
00000008
0000000a
0000000a
00000370
00000170
006ab960
00000080
00000000
00000000
40000000
21000030
00000001
00343200
00000000
00000008
0000000a
0000000a
00000390
00000190
006ab980
00000080
00000000
00000000
40000000
21000030
00000001
00343e80
00000000
00000008
0000000a
0000000a
000003b0
000001b0
006ab9a0
00000080
00000000
00000000
40000000
21000030
00000001
00344b00
00000000
00000008
0000000a
0000000a
000003d0
000001d0
006ab9c0
00000080
00000000
00000000
40000000
21000030
00000001
00345780
00000000
00000008
0000000a
0000000a
000003f0
000001f0
006ab9e0
00000080
00000000
00000000
40000000
a0000020
00000001
0269f000
00000001
02000000
00000040
00000200
00000400
00000064
30000000
a0000020
00000001
0269f040
00000001
02000040
00000040
00000200
00000400
00000064
30000000
a0000020
00000001
0269f080
00000001
02000080
00000040
00000200
00000400
00000064
30000000
a0000020
00000001
0269f0c0
00000001
020000c0
00000040
00000200
00000400
00000064
30000000
a0000020
00000001
0269f100
00000001
02000100
00000040
00000200
00000400
00000064
30000000
a0000020
00000001
0269f140
00000001
02000140
00000040
00000200
00000400
00000064
30000000
a0000020
00000001
0269f180
00000001
02000180
00000040
00000200
00000400
00000064
30000000
a0000020
00000001
0269f1c0
00000001
020001c0
00000040
00000200
00000400
00000064
30000000
a0000020
00000001
026ab800
00000001
02000200
00000040
00000200
00000400
00000064
30000000
a0000020
00000001
026ab840
00000001
02000240
00000040
00000200
00000400
00000064
30000000
a0000020
00000001
026ab880
00000001
02000280
00000040
00000200
00000400
00000064
30000000
a0000020
00000001
026ab8c0
00000001
020002c0
00000040
00000200
00000400
00000064
30000000
a0000020
00000001
026ab900
00000001
02000300
00000040
00000200
00000400
00000064
30000000
a0000020
00000001
026ab940
00000001
02000340
00000040
00000200
00000400
00000064
30000000
a0000020
00000001
026ab980
00000001
02000380
00000040
00000200
00000400
00000064
30000000
a0000020
00000001
026ab9c0
00000001
020003c0
00000040
00000200
00000400
00000064
30000000
10000014
00000001
027c4060
00000001
03000000
00000810
30000000
10000014
00000000
00392000
00000001
00000000
00001000
30000000
10000014
00000000
00393000
00000001
00080000
00001000
30000000
10000014
00000000
00394000
00000001
00100000
00001000
30000000
10000014
00000000
00395000
00000001
00180000
00001000
30000000
10000014
00000000
00396000
00000001
00200000
00001000
30000000
10000014
00000000
00397000
00000001
00280000
00001000
30000000
10000014
00000000
00398000
00000001
00300000
00001000
30000000
10000014
00000000
00399000
00000001
00380000
00001000
30000000
22000030
00000003
00000000
00000000
00000100
0000000a
0000000a
00000000
00000000
00000000
00000000
00000000
00000000
40000000
22000030
00000007
00000000
00000000
00000100
0000000a
0000000a
00000000
00000000
00340000
01011100
0000000a
0000000a
40000000
10000014
00000001
02340000
00000001
00008000
0000c800
30000000
10000014
00000001
02340000
00000001
00088000
0000c800
30000000
10000014
00000001
02340000
00000001
00108000
0000c800
30000000
10000014
00000001
02340000
00000001
00188000
0000c800
30000000
10000014
00000001
02340000
00000001
00208000
0000c800
30000000
10000014
00000001
02340000
00000001
00288000
0000c800
30000000
10000014
00000001
02340000
00000001
00308000
0000c800
30000000
10000014
00000001
02340000
00000001
00388000
0000c800
30000000
90000060
00000064
00000407
000000ff
00000000
00000800
00000020
00000002
00000000
00000000
00000000
00000000
00000000
00000000
00000000
00000000
00000000
00000000
00000000
00000000
00000000
00000000
00000000
00000000
00000000
70000000
00000000
00000000
00000000
00000000
00000000
00000000
00000000
00000000
00000000
00000000
00000000
00000000
00000000
00000000
00000000
00000000
10000014
00000001
01000000
00000001
02340000
00000c80
30000000
10000014
00000001
01040000
00000001
02340c80
00000c80
30000000
10000014
00000001
01080000
00000001
02341900
00000c80
30000000
10000014
00000001
010c0000
00000001
02342580
00000c80
30000000
10000014
00000001
01100000
00000001
02343200
00000c80
30000000
10000014
00000001
01140000
00000001
02343e80
00000c80
30000000
10000014
00000001
01180000
00000001
02344b00
00000c80
30000000
10000014
00000001
011c0000
00000001
02345780
00000c80
30000000
21000030
00000001
00340000
00000000
00000008
0000000a
0000000a
00000410
00000010
001a0000
00000100
00000000
00000000
40000000
21000030
00000001
00340c80
00000000
00000008
0000000a
0000000a
00000430
00000030
001a0020
00000100
00000000
00000000
40000000
21000030
00000001
00341900
00000000
00000008
0000000a
0000000a
00000450
00000050
001a0040
00000100
00000000
00000000
40000000
21000030
00000001
00342580
00000000
00000008
0000000a
0000000a
00000470
00000070
001a0060
00000100
00000000
00000000
40000000
21000030
00000001
00343200
00000000
00000008
0000000a
0000000a
00000490
00000090
001a0080
00000100
00000000
00000000
40000000
21000030
00000001
00343e80
00000000
00000008
0000000a
0000000a
000004b0
000000b0
001a00a0
00000100
00000000
00000000
40000000
21000030
00000001
00344b00
00000000
00000008
0000000a
0000000a
000004d0
000000d0
001a00c0
00000100
00000000
00000000
40000000
21000030
00000001
00345780
00000000
00000008
0000000a
0000000a
000004f0
000000f0
001a00e0
00000100
00000000
00000000
40000000
10000014
00000001
027c4060
00000001
03000000
00000810
30000000
10000014
00000000
0039a000
00000001
00000000
00001000
30000000
10000014
00000000
0039b000
00000001
00080000
00001000
30000000
10000014
00000000
0039c000
00000001
00100000
00001000
30000000
10000014
00000000
0039d000
00000001
00180000
00001000
30000000
10000014
00000000
0039e000
00000001
00200000
00001000
30000000
10000014
00000000
0039f000
00000001
00280000
00001000
30000000
10000014
00000000
003a0000
00000001
00300000
00001000
30000000
10000014
00000000
003a1000
00000001
00380000
00001000
30000000
22000030
00000007
00000000
00000000
00000100
0000000a
0000000a
00000000
00000000
00340000
01011100
0000000a
0000000a
40000000
10000014
00000001
02340000
00000001
00008000
0000c800
30000000
10000014
00000001
02340000
00000001
00088000
0000c800
30000000
10000014
00000001
02340000
00000001
00108000
0000c800
30000000
10000014
00000001
02340000
00000001
00188000
0000c800
30000000
10000014
00000001
02340000
00000001
00208000
0000c800
30000000
10000014
00000001
02340000
00000001
00288000
0000c800
30000000
10000014
00000001
02340000
00000001
00308000
0000c800
30000000
10000014
00000001
02340000
00000001
00388000
0000c800
30000000
90000060
00000064
00000407
000000ff
00000000
00000800
00000020
00000002
00000000
00000000
00000000
00000000
00000000
00000000
00000000
00000000
00000000
00000000
00000000
00000000
00000000
00000000
00000000
00000000
00000000
70000000
00000000
00000000
00000000
00000000
00000000
00000000
00000000
00000000
00000000
00000000
00000000
00000000
00000000
00000000
00000000
00000000
10000014
00000001
01000000
00000001
02340000
00000c80
30000000
10000014
00000001
01040000
00000001
02340c80
00000c80
30000000
10000014
00000001
01080000
00000001
02341900
00000c80
30000000
10000014
00000001
010c0000
00000001
02342580
00000c80
30000000
10000014
00000001
01100000
00000001
02343200
00000c80
30000000
10000014
00000001
01140000
00000001
02343e80
00000c80
30000000
10000014
00000001
01180000
00000001
02344b00
00000c80
30000000
10000014
00000001
011c0000
00000001
02345780
00000c80
30000000
21000030
00000001
00340000
00000000
00000008
0000000a
0000000a
00000510
00000110
001a0100
00000100
00000000
00000000
40000000
21000030
00000001
00340c80
00000000
00000008
0000000a
0000000a
00000530
00000130
001a0120
00000100
00000000
00000000
40000000
21000030
00000001
00341900
00000000
00000008
0000000a
0000000a
00000550
00000150
001a0140
00000100
00000000
00000000
40000000
21000030
00000001
00342580
00000000
00000008
0000000a
0000000a
00000570
00000170
001a0160
00000100
00000000
00000000
40000000
21000030
00000001
00343200
00000000
00000008
0000000a
0000000a
00000590
00000190
001a0180
00000100
00000000
00000000
40000000
21000030
00000001
00343e80
00000000
00000008
0000000a
0000000a
000005b0
000001b0
001a01a0
00000100
00000000
00000000
40000000
21000030
00000001
00344b00
00000000
00000008
0000000a
0000000a
000005d0
000001d0
001a01c0
00000100
00000000
00000000
40000000
21000030
00000001
00345780
00000000
00000008
0000000a
0000000a
000005f0
000001f0
001a01e0
00000100
00000000
00000000
40000000
10000014
00000001
027c4060
00000001
03000000
00000810
30000000
10000014
00000000
003a2000
00000001
00000000
00001000
30000000
10000014
00000000
003a3000
00000001
00080000
00001000
30000000
10000014
00000000
003a4000
00000001
00100000
00001000
30000000
10000014
00000000
003a5000
00000001
00180000
00001000
30000000
10000014
00000000
003a6000
00000001
00200000
00001000
30000000
10000014
00000000
003a7000
00000001
00280000
00001000
30000000
10000014
00000000
003a8000
00000001
00300000
00001000
30000000
10000014
00000000
003a9000
00000001
00380000
00001000
30000000
22000030
00000007
00000000
00000000
00000100
0000000a
0000000a
00000000
00000000
00340000
01011100
0000000a
0000000a
40000000
10000014
00000001
02340000
00000001
00008000
0000c800
30000000
10000014
00000001
02340000
00000001
00088000
0000c800
30000000
10000014
00000001
02340000
00000001
00108000
0000c800
30000000
10000014
00000001
02340000
00000001
00188000
0000c800
30000000
10000014
00000001
02340000
00000001
00208000
0000c800
30000000
10000014
00000001
02340000
00000001
00288000
0000c800
30000000
10000014
00000001
02340000
00000001
00308000
0000c800
30000000
10000014
00000001
02340000
00000001
00388000
0000c800
30000000
90000060
00000064
00000407
000000ff
00000000
00000800
00000020
00000002
00000000
00000000
00000000
00000000
00000000
00000000
00000000
00000000
00000000
00000000
00000000
00000000
00000000
00000000
00000000
00000000
00000000
70000000
00000000
00000000
00000000
00000000
00000000
00000000
00000000
00000000
00000000
00000000
00000000
00000000
00000000
00000000
00000000
00000000
10000014
00000001
01000000
00000001
02340000
00000c80
30000000
10000014
00000001
01040000
00000001
02340c80
00000c80
30000000
10000014
00000001
01080000
00000001
02341900
00000c80
30000000
10000014
00000001
010c0000
00000001
02342580
00000c80
30000000
10000014
00000001
01100000
00000001
02343200
00000c80
30000000
10000014
00000001
01140000
00000001
02343e80
00000c80
30000000
10000014
00000001
01180000
00000001
02344b00
00000c80
30000000
10000014
00000001
011c0000
00000001
02345780
00000c80
30000000
21000030
00000001
00340000
00000000
00000008
0000000a
0000000a
00000610
00000210
001a0200
00000100
00000000
00000000
40000000
21000030
00000001
00340c80
00000000
00000008
0000000a
0000000a
00000630
00000230
001a0220
00000100
00000000
00000000
40000000
21000030
00000001
00341900
00000000
00000008
0000000a
0000000a
00000650
00000250
001a0240
00000100
00000000
00000000
40000000
21000030
00000001
00342580
00000000
00000008
0000000a
0000000a
00000670
00000270
001a0260
00000100
00000000
00000000
40000000
21000030
00000001
00343200
00000000
00000008
0000000a
0000000a
00000690
00000290
001a0280
00000100
00000000
00000000
40000000
21000030
00000001
00343e80
00000000
00000008
0000000a
0000000a
000006b0
000002b0
001a02a0
00000100
00000000
00000000
40000000
21000030
00000001
00344b00
00000000
00000008
0000000a
0000000a
000006d0
000002d0
001a02c0
00000100
00000000
00000000
40000000
21000030
00000001
00345780
00000000
00000008
0000000a
0000000a
000006f0
000002f0
001a02e0
00000100
00000000
00000000
40000000
10000014
00000001
027c4060
00000001
03000000
00000810
30000000
10000014
00000000
003aa000
00000001
00000000
00001000
30000000
10000014
00000000
003ab000
00000001
00080000
00001000
30000000
10000014
00000000
003ac000
00000001
00100000
00001000
30000000
10000014
00000000
003ad000
00000001
00180000
00001000
30000000
10000014
00000000
003ae000
00000001
00200000
00001000
30000000
10000014
00000000
003af000
00000001
00280000
00001000
30000000
10000014
00000000
003b0000
00000001
00300000
00001000
30000000
10000014
00000000
003b1000
00000001
00380000
00001000
30000000
22000030
00000007
00000000
00000000
00000100
0000000a
0000000a
00000000
00000000
00340000
01011100
0000000a
0000000a
40000000
10000014
00000001
02340000
00000001
00008000
0000c800
30000000
10000014
00000001
02340000
00000001
00088000
0000c800
30000000
10000014
00000001
02340000
00000001
00108000
0000c800
30000000
10000014
00000001
02340000
00000001
00188000
0000c800
30000000
10000014
00000001
02340000
00000001
00208000
0000c800
30000000
10000014
00000001
02340000
00000001
00288000
0000c800
30000000
10000014
00000001
02340000
00000001
00308000
0000c800
30000000
10000014
00000001
02340000
00000001
00388000
0000c800
30000000
90000060
00000064
00000407
000000ff
00000000
00000800
00000020
00000002
00000000
00000000
00000000
00000000
00000000
00000000
00000000
00000000
00000000
00000000
00000000
00000000
00000000
00000000
00000000
00000000
00000000
70000000
00000000
00000000
00000000
00000000
00000000
00000000
00000000
00000000
00000000
00000000
00000000
00000000
00000000
00000000
00000000
00000000
10000014
00000001
01000000
00000001
02340000
00000c80
30000000
10000014
00000001
01040000
00000001
02340c80
00000c80
30000000
10000014
00000001
01080000
00000001
02341900
00000c80
30000000
10000014
00000001
010c0000
00000001
02342580
00000c80
30000000
10000014
00000001
01100000
00000001
02343200
00000c80
30000000
10000014
00000001
01140000
00000001
02343e80
00000c80
30000000
10000014
00000001
01180000
00000001
02344b00
00000c80
30000000
10000014
00000001
011c0000
00000001
02345780
00000c80
30000000
21000030
00000001
00340000
00000000
00000008
0000000a
0000000a
00000710
00000310
001a0300
00000100
00000000
00000000
40000000
21000030
00000001
00340c80
00000000
00000008
0000000a
0000000a
00000730
00000330
001a0320
00000100
00000000
00000000
40000000
21000030
00000001
00341900
00000000
00000008
0000000a
0000000a
00000750
00000350
001a0340
00000100
00000000
00000000
40000000
21000030
00000001
00342580
00000000
00000008
0000000a
0000000a
00000770
00000370
001a0360
00000100
00000000
00000000
40000000
21000030
00000001
00343200
00000000
00000008
0000000a
0000000a
00000790
00000390
001a0380
00000100
00000000
00000000
40000000
21000030
00000001
00343e80
00000000
00000008
0000000a
0000000a
000007b0
000003b0
001a03a0
00000100
00000000
00000000
40000000
21000030
00000001
00344b00
00000000
00000008
0000000a
0000000a
000007d0
000003d0
001a03c0
00000100
00000000
00000000
40000000
21000030
00000001
00345780
00000000
00000008
0000000a
0000000a
000007f0
000003f0
001a03e0
00000100
00000000
00000000
40000000
10000014
00000001
027c4870
00000001
03000000
00000410
30000000
10000014
00000000
003b2000
00000001
00000000
00001000
30000000
10000014
00000000
003b3000
00000001
00080000
00001000
30000000
10000014
00000000
003b4000
00000001
00100000
00001000
30000000
10000014
00000000
003b5000
00000001
00180000
00001000
30000000
10000014
00000000
003b6000
00000001
00200000
00001000
30000000
10000014
00000000
003b7000
00000001
00280000
00001000
30000000
10000014
00000000
003b8000
00000001
00300000
00001000
30000000
10000014
00000000
003b9000
00000001
00380000
00001000
30000000
22000030
00000003
001a0000
00000000
00000100
0000000a
0000000a
00000000
00000000
001a0000
00000000
00000000
00000000
40000000
22000030
00000007
001a0000
00000000
00000100
0000000a
0000000a
00000000
00000000
00340000
01011100
0000000a
0000000a
40000000
10000014
00000001
02340000
00000001
00008000
0000c800
30000000
10000014
00000001
02340000
00000001
00088000
0000c800
30000000
10000014
00000001
02340000
00000001
00108000
0000c800
30000000
10000014
00000001
02340000
00000001
00188000
0000c800
30000000
10000014
00000001
02340000
00000001
00208000
0000c800
30000000
10000014
00000001
02340000
00000001
00288000
0000c800
30000000
10000014
00000001
02340000
00000001
00308000
0000c800
30000000
10000014
00000001
02340000
00000001
00388000
0000c800
30000000
90000060
00000064
00000407
000000ff
00000000
00000800
00000020
00000002
00000000
00000000
00000000
00000000
00000000
00000000
00000000
00000000
00000000
00000000
00000000
00000000
00000000
00000000
00000000
00000000
00000000
70000000
00000000
00000000
00000000
00000000
00000000
00000000
00000000
00000000
00000000
00000000
00000000
00000000
00000000
00000000
00000000
00000000
10000014
00000001
01000000
00000001
02340000
00000c80
30000000
10000014
00000001
01040000
00000001
02340c80
00000c80
30000000
10000014
00000001
01080000
00000001
02341900
00000c80
30000000
10000014
00000001
010c0000
00000001
02342580
00000c80
30000000
10000014
00000001
01100000
00000001
02343200
00000c80
30000000
10000014
00000001
01140000
00000001
02343e80
00000c80
30000000
10000014
00000001
01180000
00000001
02344b00
00000c80
30000000
10000014
00000001
011c0000
00000001
02345780
00000c80
30000000
21000030
00000001
00340000
00000000
00000008
0000000a
0000000a
00000210
00000010
00686000
00000080
00000000
00000000
40000000
21000030
00000001
00340c80
00000000
00000008
0000000a
0000000a
00000230
00000030
00686020
00000080
00000000
00000000
40000000
21000030
00000001
00341900
00000000
00000008
0000000a
0000000a
00000250
00000050
00686040
00000080
00000000
00000000
40000000
21000030
00000001
00342580
00000000
00000008
0000000a
0000000a
00000270
00000070
00686060
00000080
00000000
00000000
40000000
21000030
00000001
00343200
00000000
00000008
0000000a
0000000a
00000290
00000090
00686080
00000080
00000000
00000000
40000000
21000030
00000001
00343e80
00000000
00000008
0000000a
0000000a
000002b0
000000b0
006860a0
00000080
00000000
00000000
40000000
21000030
00000001
00344b00
00000000
00000008
0000000a
0000000a
000002d0
000000d0
006860c0
00000080
00000000
00000000
40000000
21000030
00000001
00345780
00000000
00000008
0000000a
0000000a
000002f0
000000f0
006860e0
00000080
00000000
00000000
40000000
10000014
00000001
027c4870
00000001
03000000
00000410
30000000
10000014
00000000
003ba000
00000001
00000000
00001000
30000000
10000014
00000000
003bb000
00000001
00080000
00001000
30000000
10000014
00000000
003bc000
00000001
00100000
00001000
30000000
10000014
00000000
003bd000
00000001
00180000
00001000
30000000
10000014
00000000
003be000
00000001
00200000
00001000
30000000
10000014
00000000
003bf000
00000001
00280000
00001000
30000000
10000014
00000000
003c0000
00000001
00300000
00001000
30000000
10000014
00000000
003c1000
00000001
00380000
00001000
30000000
22000030
00000007
001a0000
00000000
00000100
0000000a
0000000a
00000000
00000000
00340000
01011100
0000000a
0000000a
40000000
10000014
00000001
02340000
00000001
00008000
0000c800
30000000
10000014
00000001
02340000
00000001
00088000
0000c800
30000000
10000014
00000001
02340000
00000001
00108000
0000c800
30000000
10000014
00000001
02340000
00000001
00188000
0000c800
30000000
10000014
00000001
02340000
00000001
00208000
0000c800
30000000
10000014
00000001
02340000
00000001
00288000
0000c800
30000000
10000014
00000001
02340000
00000001
00308000
0000c800
30000000
10000014
00000001
02340000
00000001
00388000
0000c800
30000000
90000060
00000064
00000407
000000ff
00000000
00000800
00000020
00000002
00000000
00000000
00000000
00000000
00000000
00000000
00000000
00000000
00000000
00000000
00000000
00000000
00000000
00000000
00000000
00000000
00000000
70000000
00000000
00000000
00000000
00000000
00000000
00000000
00000000
00000000
00000000
00000000
00000000
00000000
00000000
00000000
00000000
00000000
10000014
00000001
01000000
00000001
02340000
00000c80
30000000
10000014
00000001
01040000
00000001
02340c80
00000c80
30000000
10000014
00000001
01080000
00000001
02341900
00000c80
30000000
10000014
00000001
010c0000
00000001
02342580
00000c80
30000000
10000014
00000001
01100000
00000001
02343200
00000c80
30000000
10000014
00000001
01140000
00000001
02343e80
00000c80
30000000
10000014
00000001
01180000
00000001
02344b00
00000c80
30000000
10000014
00000001
011c0000
00000001
02345780
00000c80
30000000
21000030
00000001
00340000
00000000
00000008
0000000a
0000000a
00000310
00000110
00686100
00000080
00000000
00000000
40000000
21000030
00000001
00340c80
00000000
00000008
0000000a
0000000a
00000330
00000130
00686120
00000080
00000000
00000000
40000000
21000030
00000001
00341900
00000000
00000008
0000000a
0000000a
00000350
00000150
00686140
00000080
00000000
00000000
40000000
21000030
00000001
00342580
00000000
00000008
0000000a
0000000a
00000370
00000170
00686160
00000080
00000000
00000000
40000000
21000030
00000001
00343200
00000000
00000008
0000000a
0000000a
00000390
00000190
00686180
00000080
00000000
00000000
40000000
21000030
00000001
00343e80
00000000
00000008
0000000a
0000000a
000003b0
000001b0
006861a0
00000080
00000000
00000000
40000000
21000030
00000001
00344b00
00000000
00000008
0000000a
0000000a
000003d0
000001d0
006861c0
00000080
00000000
00000000
40000000
21000030
00000001
00345780
00000000
00000008
0000000a
0000000a
000003f0
000001f0
006861e0
00000080
00000000
00000000
40000000
20000030
00000004
00686000
00000000
00000080
0000000a
0000000a
00000000
00000000
00692800
00000000
00000000
00000000
40000000
20000030
00000004
00692800
00000000
00000080
0000000a
0000000a
00000000
00000000
0069f000
00000000
00000000
00000000
40000000
20000030
00000004
0069f000
00000000
00000080
0000000a
0000000a
00000000
00000000
006ab800
00000000
00000000
00000000
40000000
a0000020
00000001
02686000
00000001
02000000
00000040
00000200
00000800
00000064
30000000
a0000020
00000001
02686040
00000001
02000040
00000040
00000200
00000800
00000064
30000000
a0000020
00000001
02686080
00000001
02000080
00000040
00000200
00000800
00000064
30000000
a0000020
00000001
026860c0
00000001
020000c0
00000040
00000200
00000800
00000064
30000000
a0000020
00000001
02686100
00000001
02000100
00000040
00000200
00000800
00000064
30000000
a0000020
00000001
02686140
00000001
02000140
00000040
00000200
00000800
00000064
30000000
a0000020
00000001
02686180
00000001
02000180
00000040
00000200
00000800
00000064
30000000
a0000020
00000001
026861c0
00000001
020001c0
00000040
00000200
00000800
00000064
30000000
a0000020
00000001
02692800
00000001
02000200
00000040
00000200
00000800
00000064
30000000
a0000020
00000001
02692840
00000001
02000240
00000040
00000200
00000800
00000064
30000000
a0000020
00000001
02692880
00000001
02000280
00000040
00000200
00000800
00000064
30000000
a0000020
00000001
026928c0
00000001
020002c0
00000040
00000200
00000800
00000064
30000000
a0000020
00000001
02692900
00000001
02000300
00000040
00000200
00000800
00000064
30000000
a0000020
00000001
02692940
00000001
02000340
00000040
00000200
00000800
00000064
30000000
a0000020
00000001
02692980
00000001
02000380
00000040
00000200
00000800
00000064
30000000
a0000020
00000001
026929c0
00000001
020003c0
00000040
00000200
00000800
00000064
30000000
a0000020
00000001
0269f000
00000001
02000400
00000040
00000200
00000800
00000064
30000000
a0000020
00000001
0269f040
00000001
02000440
00000040
00000200
00000800
00000064
30000000
a0000020
00000001
0269f080
00000001
02000480
00000040
00000200
00000800
00000064
30000000
a0000020
00000001
0269f0c0
00000001
020004c0
00000040
00000200
00000800
00000064
30000000
a0000020
00000001
0269f100
00000001
02000500
00000040
00000200
00000800
00000064
30000000
a0000020
00000001
0269f140
00000001
02000540
00000040
00000200
00000800
00000064
30000000
a0000020
00000001
0269f180
00000001
02000580
00000040
00000200
00000800
00000064
30000000
a0000020
00000001
0269f1c0
00000001
020005c0
00000040
00000200
00000800
00000064
30000000
a0000020
00000001
026ab800
00000001
02000600
00000040
00000200
00000800
00000064
30000000
a0000020
00000001
026ab840
00000001
02000640
00000040
00000200
00000800
00000064
30000000
a0000020
00000001
026ab880
00000001
02000680
00000040
00000200
00000800
00000064
30000000
a0000020
00000001
026ab8c0
00000001
020006c0
00000040
00000200
00000800
00000064
30000000
a0000020
00000001
026ab900
00000001
02000700
00000040
00000200
00000800
00000064
30000000
a0000020
00000001
026ab940
00000001
02000740
00000040
00000200
00000800
00000064
30000000
a0000020
00000001
026ab980
00000001
02000780
00000040
00000200
00000800
00000064
30000000
a0000020
00000001
026ab9c0
00000001
020007c0
00000040
00000200
00000800
00000064
30000000
10000014
00000001
027c4c80
00000001
03000000
00000810
30000000
10000014
00000000
003c2000
00000001
00000000
00002000
30000000
10000014
00000000
003c4000
00000001
00080000
00002000
30000000
10000014
00000000
003c6000
00000001
00100000
00002000
30000000
10000014
00000000
003c8000
00000001
00180000
00002000
30000000
10000014
00000000
003ca000
00000001
00200000
00002000
30000000
10000014
00000000
003cc000
00000001
00280000
00002000
30000000
10000014
00000000
003ce000
00000001
00300000
00002000
30000000
10000014
00000000
003d0000
00000001
00380000
00002000
30000000
22000030
00000003
00000000
00000000
00000200
0000000a
0000000a
00000000
00000000
00000000
00000000
00000000
00000000
40000000
22000030
00000007
00000000
00000000
00000200
0000000a
0000000a
00000000
00000000
00340000
01011100
0000000a
0000000a
40000000
10000014
00000001
02340000
00000001
00010000
00019000
30000000
10000014
00000001
02340000
00000001
00090000
00019000
30000000
10000014
00000001
02340000
00000001
00110000
00019000
30000000
10000014
00000001
02340000
00000001
00190000
00019000
30000000
10000014
00000001
02340000
00000001
00210000
00019000
30000000
10000014
00000001
02340000
00000001
00290000
00019000
30000000
10000014
00000001
02340000
00000001
00310000
00019000
30000000
10000014
00000001
02340000
00000001
00390000
00019000
30000000
90000060
00000064
00000807
000000ff
00000000
00001000
00000040
00000002
00000000
00000000
00000000
00000000
00000000
00000000
00000000
00000000
00000000
00000000
00000000
00000000
00000000
00000000
00000000
00000000
00000000
70000000
00000000
00000000
00000000
00000000
00000000
00000000
00000000
00000000
00000000
00000000
00000000
00000000
00000000
00000000
00000000
00000000
10000014
00000001
01000000
00000001
02340000
00000c80
30000000
10000014
00000001
01040000
00000001
02340c80
00000c80
30000000
10000014
00000001
01080000
00000001
02341900
00000c80
30000000
10000014
00000001
010c0000
00000001
02342580
00000c80
30000000
10000014
00000001
01100000
00000001
02343200
00000c80
30000000
10000014
00000001
01140000
00000001
02343e80
00000c80
30000000
10000014
00000001
01180000
00000001
02344b00
00000c80
30000000
10000014
00000001
011c0000
00000001
02345780
00000c80
30000000
21000030
00000001
00340000
00000000
00000008
0000000a
0000000a
00000410
00000010
001a0000
00000100
00000000
00000000
40000000
21000030
00000001
00340c80
00000000
00000008
0000000a
0000000a
00000430
00000030
001a0020
00000100
00000000
00000000
40000000
21000030
00000001
00341900
00000000
00000008
0000000a
0000000a
00000450
00000050
001a0040
00000100
00000000
00000000
40000000
21000030
00000001
00342580
00000000
00000008
0000000a
0000000a
00000470
00000070
001a0060
00000100
00000000
00000000
40000000
21000030
00000001
00343200
00000000
00000008
0000000a
0000000a
00000490
00000090
001a0080
00000100
00000000
00000000
40000000
21000030
00000001
00343e80
00000000
00000008
0000000a
0000000a
000004b0
000000b0
001a00a0
00000100
00000000
00000000
40000000
21000030
00000001
00344b00
00000000
00000008
0000000a
0000000a
000004d0
000000d0
001a00c0
00000100
00000000
00000000
40000000
21000030
00000001
00345780
00000000
00000008
0000000a
0000000a
000004f0
000000f0
001a00e0
00000100
00000000
00000000
40000000
10000014
00000001
027c4c80
00000001
03000000
00000810
30000000
10000014
00000000
003d2000
00000001
00000000
00002000
30000000
10000014
00000000
003d4000
00000001
00080000
00002000
30000000
10000014
00000000
003d6000
00000001
00100000
00002000
30000000
10000014
00000000
003d8000
00000001
00180000
00002000
30000000
10000014
00000000
003da000
00000001
00200000
00002000
30000000
10000014
00000000
003dc000
00000001
00280000
00002000
30000000
10000014
00000000
003de000
00000001
00300000
00002000
30000000
10000014
00000000
003e0000
00000001
00380000
00002000
30000000
22000030
00000007
00000000
00000000
00000200
0000000a
0000000a
00000000
00000000
00340000
01011100
0000000a
0000000a
40000000
10000014
00000001
02340000
00000001
00010000
00019000
30000000
10000014
00000001
02340000
00000001
00090000
00019000
30000000
10000014
00000001
02340000
00000001
00110000
00019000
30000000
10000014
00000001
02340000
00000001
00190000
00019000
30000000
10000014
00000001
02340000
00000001
00210000
00019000
30000000
10000014
00000001
02340000
00000001
00290000
00019000
30000000
10000014
00000001
02340000
00000001
00310000
00019000
30000000
10000014
00000001
02340000
00000001
00390000
00019000
30000000
90000060
00000064
00000807
000000ff
00000000
00001000
00000040
00000002
00000000
00000000
00000000
00000000
00000000
00000000
00000000
00000000
00000000
00000000
00000000
00000000
00000000
00000000
00000000
00000000
00000000
70000000
00000000
00000000
00000000
00000000
00000000
00000000
00000000
00000000
00000000
00000000
00000000
00000000
00000000
00000000
00000000
00000000
10000014
00000001
01000000
00000001
02340000
00000c80
30000000
10000014
00000001
01040000
00000001
02340c80
00000c80
30000000
10000014
00000001
01080000
00000001
02341900
00000c80
30000000
10000014
00000001
010c0000
00000001
02342580
00000c80
30000000
10000014
00000001
01100000
00000001
02343200
00000c80
30000000
10000014
00000001
01140000
00000001
02343e80
00000c80
30000000
10000014
00000001
01180000
00000001
02344b00
00000c80
30000000
10000014
00000001
011c0000
00000001
02345780
00000c80
30000000
21000030
00000001
00340000
00000000
00000008
0000000a
0000000a
00000510
00000110
001a0100
00000100
00000000
00000000
40000000
21000030
00000001
00340c80
00000000
00000008
0000000a
0000000a
00000530
00000130
001a0120
00000100
00000000
00000000
40000000
21000030
00000001
00341900
00000000
00000008
0000000a
0000000a
00000550
00000150
001a0140
00000100
00000000
00000000
40000000
21000030
00000001
00342580
00000000
00000008
0000000a
0000000a
00000570
00000170
001a0160
00000100
00000000
00000000
40000000
21000030
00000001
00343200
00000000
00000008
0000000a
0000000a
00000590
00000190
001a0180
00000100
00000000
00000000
40000000
21000030
00000001
00343e80
00000000
00000008
0000000a
0000000a
000005b0
000001b0
001a01a0
00000100
00000000
00000000
40000000
21000030
00000001
00344b00
00000000
00000008
0000000a
0000000a
000005d0
000001d0
001a01c0
00000100
00000000
00000000
40000000
21000030
00000001
00345780
00000000
00000008
0000000a
0000000a
000005f0
000001f0
001a01e0
00000100
00000000
00000000
40000000
10000014
00000001
027c4c80
00000001
03000000
00000810
30000000
10000014
00000000
003e2000
00000001
00000000
00002000
30000000
10000014
00000000
003e4000
00000001
00080000
00002000
30000000
10000014
00000000
003e6000
00000001
00100000
00002000
30000000
10000014
00000000
003e8000
00000001
00180000
00002000
30000000
10000014
00000000
003ea000
00000001
00200000
00002000
30000000
10000014
00000000
003ec000
00000001
00280000
00002000
30000000
10000014
00000000
003ee000
00000001
00300000
00002000
30000000
10000014
00000000
003f0000
00000001
00380000
00002000
30000000
22000030
00000007
00000000
00000000
00000200
0000000a
0000000a
00000000
00000000
00340000
01011100
0000000a
0000000a
40000000
10000014
00000001
02340000
00000001
00010000
00019000
30000000
10000014
00000001
02340000
00000001
00090000
00019000
30000000
10000014
00000001
02340000
00000001
00110000
00019000
30000000
10000014
00000001
02340000
00000001
00190000
00019000
30000000
10000014
00000001
02340000
00000001
00210000
00019000
30000000
10000014
00000001
02340000
00000001
00290000
00019000
30000000
10000014
00000001
02340000
00000001
00310000
00019000
30000000
10000014
00000001
02340000
00000001
00390000
00019000
30000000
90000060
00000064
00000807
000000ff
00000000
00001000
00000040
00000002
00000000
00000000
00000000
00000000
00000000
00000000
00000000
00000000
00000000
00000000
00000000
00000000
00000000
00000000
00000000
00000000
00000000
70000000
00000000
00000000
00000000
00000000
00000000
00000000
00000000
00000000
00000000
00000000
00000000
00000000
00000000
00000000
00000000
00000000
10000014
00000001
01000000
00000001
02340000
00000c80
30000000
10000014
00000001
01040000
00000001
02340c80
00000c80
30000000
10000014
00000001
01080000
00000001
02341900
00000c80
30000000
10000014
00000001
010c0000
00000001
02342580
00000c80
30000000
10000014
00000001
01100000
00000001
02343200
00000c80
30000000
10000014
00000001
01140000
00000001
02343e80
00000c80
30000000
10000014
00000001
01180000
00000001
02344b00
00000c80
30000000
10000014
00000001
011c0000
00000001
02345780
00000c80
30000000
21000030
00000001
00340000
00000000
00000008
0000000a
0000000a
00000610
00000210
001a0200
00000100
00000000
00000000
40000000
21000030
00000001
00340c80
00000000
00000008
0000000a
0000000a
00000630
00000230
001a0220
00000100
00000000
00000000
40000000
21000030
00000001
00341900
00000000
00000008
0000000a
0000000a
00000650
00000250
001a0240
00000100
00000000
00000000
40000000
21000030
00000001
00342580
00000000
00000008
0000000a
0000000a
00000670
00000270
001a0260
00000100
00000000
00000000
40000000
21000030
00000001
00343200
00000000
00000008
0000000a
0000000a
00000690
00000290
001a0280
00000100
00000000
00000000
40000000
21000030
00000001
00343e80
00000000
00000008
0000000a
0000000a
000006b0
000002b0
001a02a0
00000100
00000000
00000000
40000000
21000030
00000001
00344b00
00000000
00000008
0000000a
0000000a
000006d0
000002d0
001a02c0
00000100
00000000
00000000
40000000
21000030
00000001
00345780
00000000
00000008
0000000a
0000000a
000006f0
000002f0
001a02e0
00000100
00000000
00000000
40000000
10000014
00000001
027c4c80
00000001
03000000
00000810
30000000
10000014
00000000
003f2000
00000001
00000000
00002000
30000000
10000014
00000000
003f4000
00000001
00080000
00002000
30000000
10000014
00000000
003f6000
00000001
00100000
00002000
30000000
10000014
00000000
003f8000
00000001
00180000
00002000
30000000
10000014
00000000
003fa000
00000001
00200000
00002000
30000000
10000014
00000000
003fc000
00000001
00280000
00002000
30000000
10000014
00000000
003fe000
00000001
00300000
00002000
30000000
10000014
00000000
00400000
00000001
00380000
00002000
30000000
22000030
00000007
00000000
00000000
00000200
0000000a
0000000a
00000000
00000000
00340000
01011100
0000000a
0000000a
40000000
10000014
00000001
02340000
00000001
00010000
00019000
30000000
10000014
00000001
02340000
00000001
00090000
00019000
30000000
10000014
00000001
02340000
00000001
00110000
00019000
30000000
10000014
00000001
02340000
00000001
00190000
00019000
30000000
10000014
00000001
02340000
00000001
00210000
00019000
30000000
10000014
00000001
02340000
00000001
00290000
00019000
30000000
10000014
00000001
02340000
00000001
00310000
00019000
30000000
10000014
00000001
02340000
00000001
00390000
00019000
30000000
90000060
00000064
00000807
000000ff
00000000
00001000
00000040
00000002
00000000
00000000
00000000
00000000
00000000
00000000
00000000
00000000
00000000
00000000
00000000
00000000
00000000
00000000
00000000
00000000
00000000
70000000
00000000
00000000
00000000
00000000
00000000
00000000
00000000
00000000
00000000
00000000
00000000
00000000
00000000
00000000
00000000
00000000
10000014
00000001
01000000
00000001
02340000
00000c80
30000000
10000014
00000001
01040000
00000001
02340c80
00000c80
30000000
10000014
00000001
01080000
00000001
02341900
00000c80
30000000
10000014
00000001
010c0000
00000001
02342580
00000c80
30000000
10000014
00000001
01100000
00000001
02343200
00000c80
30000000
10000014
00000001
01140000
00000001
02343e80
00000c80
30000000
10000014
00000001
01180000
00000001
02344b00
00000c80
30000000
10000014
00000001
011c0000
00000001
02345780
00000c80
30000000
21000030
00000001
00340000
00000000
00000008
0000000a
0000000a
00000710
00000310
001a0300
00000100
00000000
00000000
40000000
21000030
00000001
00340c80
00000000
00000008
0000000a
0000000a
00000730
00000330
001a0320
00000100
00000000
00000000
40000000
21000030
00000001
00341900
00000000
00000008
0000000a
0000000a
00000750
00000350
001a0340
00000100
00000000
00000000
40000000
21000030
00000001
00342580
00000000
00000008
0000000a
0000000a
00000770
00000370
001a0360
00000100
00000000
00000000
40000000
21000030
00000001
00343200
00000000
00000008
0000000a
0000000a
00000790
00000390
001a0380
00000100
00000000
00000000
40000000
21000030
00000001
00343e80
00000000
00000008
0000000a
0000000a
000007b0
000003b0
001a03a0
00000100
00000000
00000000
40000000
21000030
00000001
00344b00
00000000
00000008
0000000a
0000000a
000007d0
000003d0
001a03c0
00000100
00000000
00000000
40000000
21000030
00000001
00345780
00000000
00000008
0000000a
0000000a
000007f0
000003f0
001a03e0
00000100
00000000
00000000
40000000
10000014
00000001
027c5490
00000001
03000000
00000410
30000000
10000014
00000000
00402000
00000001
00000000
00001000
30000000
10000014
00000000
00403000
00000001
00080000
00001000
30000000
10000014
00000000
00404000
00000001
00100000
00001000
30000000
10000014
00000000
00405000
00000001
00180000
00001000
30000000
10000014
00000000
00406000
00000001
00200000
00001000
30000000
10000014
00000000
00407000
00000001
00280000
00001000
30000000
10000014
00000000
00408000
00000001
00300000
00001000
30000000
10000014
00000000
00409000
00000001
00380000
00001000
30000000
22000030
00000003
001a0000
00000000
00000100
0000000a
0000000a
00000000
00000000
001a0000
00000000
00000000
00000000
40000000
22000030
00000007
001a0000
00000000
00000100
0000000a
0000000a
00000000
00000000
00340000
01011100
0000000a
0000000a
40000000
10000014
00000001
02340000
00000001
00008000
0000c800
30000000
10000014
00000001
02340000
00000001
00088000
0000c800
30000000
10000014
00000001
02340000
00000001
00108000
0000c800
30000000
10000014
00000001
02340000
00000001
00188000
0000c800
30000000
10000014
00000001
02340000
00000001
00208000
0000c800
30000000
10000014
00000001
02340000
00000001
00288000
0000c800
30000000
10000014
00000001
02340000
00000001
00308000
0000c800
30000000
10000014
00000001
02340000
00000001
00388000
0000c800
30000000
90000060
00000064
00000407
000000ff
00000000
00000800
00000020
00000002
00000000
00000000
00000000
00000000
00000000
00000000
00000000
00000000
00000000
00000000
00000000
00000000
00000000
00000000
00000000
00000000
00000000
70000000
00000000
00000000
00000000
00000000
00000000
00000000
00000000
00000000
00000000
00000000
00000000
00000000
00000000
00000000
00000000
00000000
10000014
00000001
01000000
00000001
02340000
00000c80
30000000
10000014
00000001
01040000
00000001
02340c80
00000c80
30000000
10000014
00000001
01080000
00000001
02341900
00000c80
30000000
10000014
00000001
010c0000
00000001
02342580
00000c80
30000000
10000014
00000001
01100000
00000001
02343200
00000c80
30000000
10000014
00000001
01140000
00000001
02343e80
00000c80
30000000
10000014
00000001
01180000
00000001
02344b00
00000c80
30000000
10000014
00000001
011c0000
00000001
02345780
00000c80
30000000
21000030
00000001
00340000
00000000
00000008
0000000a
0000000a
00000210
00000010
00686000
00000080
00000000
00000000
40000000
21000030
00000001
00340c80
00000000
00000008
0000000a
0000000a
00000230
00000030
00686020
00000080
00000000
00000000
40000000
21000030
00000001
00341900
00000000
00000008
0000000a
0000000a
00000250
00000050
00686040
00000080
00000000
00000000
40000000
21000030
00000001
00342580
00000000
00000008
0000000a
0000000a
00000270
00000070
00686060
00000080
00000000
00000000
40000000
21000030
00000001
00343200
00000000
00000008
0000000a
0000000a
00000290
00000090
00686080
00000080
00000000
00000000
40000000
21000030
00000001
00343e80
00000000
00000008
0000000a
0000000a
000002b0
000000b0
006860a0
00000080
00000000
00000000
40000000
21000030
00000001
00344b00
00000000
00000008
0000000a
0000000a
000002d0
000000d0
006860c0
00000080
00000000
00000000
40000000
21000030
00000001
00345780
00000000
00000008
0000000a
0000000a
000002f0
000000f0
006860e0
00000080
00000000
00000000
40000000
10000014
00000001
027c5490
00000001
03000000
00000410
30000000
10000014
00000000
0040a000
00000001
00000000
00001000
30000000
10000014
00000000
0040b000
00000001
00080000
00001000
30000000
10000014
00000000
0040c000
00000001
00100000
00001000
30000000
10000014
00000000
0040d000
00000001
00180000
00001000
30000000
10000014
00000000
0040e000
00000001
00200000
00001000
30000000
10000014
00000000
0040f000
00000001
00280000
00001000
30000000
10000014
00000000
00410000
00000001
00300000
00001000
30000000
10000014
00000000
00411000
00000001
00380000
00001000
30000000
22000030
00000007
001a0000
00000000
00000100
0000000a
0000000a
00000000
00000000
00340000
01011100
0000000a
0000000a
40000000
10000014
00000001
02340000
00000001
00008000
0000c800
30000000
10000014
00000001
02340000
00000001
00088000
0000c800
30000000
10000014
00000001
02340000
00000001
00108000
0000c800
30000000
10000014
00000001
02340000
00000001
00188000
0000c800
30000000
10000014
00000001
02340000
00000001
00208000
0000c800
30000000
10000014
00000001
02340000
00000001
00288000
0000c800
30000000
10000014
00000001
02340000
00000001
00308000
0000c800
30000000
10000014
00000001
02340000
00000001
00388000
0000c800
30000000
90000060
00000064
00000407
000000ff
00000000
00000800
00000020
00000002
00000000
00000000
00000000
00000000
00000000
00000000
00000000
00000000
00000000
00000000
00000000
00000000
00000000
00000000
00000000
00000000
00000000
70000000
00000000
00000000
00000000
00000000
00000000
00000000
00000000
00000000
00000000
00000000
00000000
00000000
00000000
00000000
00000000
00000000
10000014
00000001
01000000
00000001
02340000
00000c80
30000000
10000014
00000001
01040000
00000001
02340c80
00000c80
30000000
10000014
00000001
01080000
00000001
02341900
00000c80
30000000
10000014
00000001
010c0000
00000001
02342580
00000c80
30000000
10000014
00000001
01100000
00000001
02343200
00000c80
30000000
10000014
00000001
01140000
00000001
02343e80
00000c80
30000000
10000014
00000001
01180000
00000001
02344b00
00000c80
30000000
10000014
00000001
011c0000
00000001
02345780
00000c80
30000000
21000030
00000001
00340000
00000000
00000008
0000000a
0000000a
00000310
00000110
00686100
00000080
00000000
00000000
40000000
21000030
00000001
00340c80
00000000
00000008
0000000a
0000000a
00000330
00000130
00686120
00000080
00000000
00000000
40000000
21000030
00000001
00341900
00000000
00000008
0000000a
0000000a
00000350
00000150
00686140
00000080
00000000
00000000
40000000
21000030
00000001
00342580
00000000
00000008
0000000a
0000000a
00000370
00000170
00686160
00000080
00000000
00000000
40000000
21000030
00000001
00343200
00000000
00000008
0000000a
0000000a
00000390
00000190
00686180
00000080
00000000
00000000
40000000
21000030
00000001
00343e80
00000000
00000008
0000000a
0000000a
000003b0
000001b0
006861a0
00000080
00000000
00000000
40000000
21000030
00000001
00344b00
00000000
00000008
0000000a
0000000a
000003d0
000001d0
006861c0
00000080
00000000
00000000
40000000
21000030
00000001
00345780
00000000
00000008
0000000a
0000000a
000003f0
000001f0
006861e0
00000080
00000000
00000000
40000000
20000030
00000005
00686000
00000000
00000080
0000000a
0000000a
00000000
00000000
00692800
00000000
00000000
00000000
40000000
a0000020
00000001
02692800
00000001
026c4800
00000040
00000200
00000400
00000190
30000000
a0000020
00000001
02692840
00000001
026c4840
00000040
00000200
00000400
00000190
30000000
a0000020
00000001
02692880
00000001
026c4880
00000040
00000200
00000400
00000190
30000000
a0000020
00000001
026928c0
00000001
026c48c0
00000040
00000200
00000400
00000190
30000000
a0000020
00000001
02692900
00000001
026c4900
00000040
00000200
00000400
00000190
30000000
a0000020
00000001
02692940
00000001
026c4940
00000040
00000200
00000400
00000190
30000000
a0000020
00000001
02692980
00000001
026c4980
00000040
00000200
00000400
00000190
30000000
a0000020
00000001
026929c0
00000001
026c49c0
00000040
00000200
00000400
00000190
30000000
a0000020
00000001
02654000
00000001
026c4a00
00000040
00000200
00000400
00000190
30000000
a0000020
00000001
02654040
00000001
026c4a40
00000040
00000200
00000400
00000190
30000000
a0000020
00000001
02654080
00000001
026c4a80
00000040
00000200
00000400
00000190
30000000
a0000020
00000001
026540c0
00000001
026c4ac0
00000040
00000200
00000400
00000190
30000000
a0000020
00000001
02654100
00000001
026c4b00
00000040
00000200
00000400
00000190
30000000
a0000020
00000001
02654140
00000001
026c4b40
00000040
00000200
00000400
00000190
30000000
a0000020
00000001
02654180
00000001
026c4b80
00000040
00000200
00000400
00000190
30000000
a0000020
00000001
026541c0
00000001
026c4bc0
00000040
00000200
00000400
00000190
30000000
10000014
00000001
027c58a0
00000001
03000000
00000210
30000000
10000014
00000000
00412000
00000001
00000000
00001000
30000000
10000014
00000000
00413000
00000001
00080000
00001000
30000000
10000014
00000000
00414000
00000001
00100000
00001000
30000000
10000014
00000000
00415000
00000001
00180000
00001000
30000000
10000014
00000000
00416000
00000001
00200000
00001000
30000000
10000014
00000000
00417000
00000001
00280000
00001000
30000000
10000014
00000000
00418000
00000001
00300000
00001000
30000000
10000014
00000000
00419000
00000001
00380000
00001000
30000000
22000030
00000003
006c4800
00000000
00000100
00000014
00000014
00000000
00000000
00654000
00000000
00000000
00000000
40000000
22000030
00000007
00654000
00000000
00000100
00000014
00000014
00000000
00000000
00340000
01011100
00000014
00000014
40000000
10000014
00000001
02340000
00000001
00008000
00032000
30000000
10000014
00000001
02340000
00000001
00088000
00032000
30000000
10000014
00000001
02340000
00000001
00108000
00032000
30000000
10000014
00000001
02340000
00000001
00188000
00032000
30000000
10000014
00000001
02340000
00000001
00208000
00032000
30000000
10000014
00000001
02340000
00000001
00288000
00032000
30000000
10000014
00000001
02340000
00000001
00308000
00032000
30000000
10000014
00000001
02340000
00000001
00388000
00032000
30000000
90000060
00000190
00000407
000000ff
00000000
00000800
00000020
00000002
00000000
00000000
00000000
00000000
00000000
00000000
00000000
00000000
00000000
00000000
00000000
00000000
00000000
00000000
00000000
00000000
00000000
70000000
00000000
00000000
00000000
00000000
00000000
00000000
00000000
00000000
00000000
00000000
00000000
00000000
00000000
00000000
00000000
00000000
10000014
00000001
01000000
00000001
02340000
00003200
30000000
10000014
00000001
01040000
00000001
02343200
00003200
30000000
10000014
00000001
01080000
00000001
02346400
00003200
30000000
10000014
00000001
010c0000
00000001
02349600
00003200
30000000
10000014
00000001
01100000
00000001
0234c800
00003200
30000000
10000014
00000001
01140000
00000001
0234fa00
00003200
30000000
10000014
00000001
01180000
00000001
02352c00
00003200
30000000
10000014
00000001
011c0000
00000001
02355e00
00003200
30000000
21000030
00000001
00340000
00000000
00000008
00000014
00000014
00000110
00000010
00000000
00000040
00000000
00000000
40000000
21000030
00000001
00343200
00000000
00000008
00000014
00000014
00000130
00000030
00000020
00000040
00000000
00000000
40000000
21000030
00000001
00346400
00000000
00000008
00000014
00000014
00000150
00000050
00000040
00000040
00000000
00000000
40000000
21000030
00000001
00349600
00000000
00000008
00000014
00000014
00000170
00000070
00000060
00000040
00000000
00000000
40000000
21000030
00000001
0034c800
00000000
00000008
00000014
00000014
00000190
00000090
00000080
00000040
00000000
00000000
40000000
21000030
00000001
0034fa00
00000000
00000008
00000014
00000014
000001b0
000000b0
000000a0
00000040
00000000
00000000
40000000
21000030
00000001
00352c00
00000000
00000008
00000014
00000014
000001d0
000000d0
000000c0
00000040
00000000
00000000
40000000
21000030
00000001
00355e00
00000000
00000008
00000014
00000014
000001f0
000000f0
000000e0
00000040
00000000
00000000
40000000
10000014
00000001
027c5ab0
00000001
03000000
00000210
30000000
10000014
00000000
0041a000
00000001
00000000
00000400
30000000
10000014
00000000
0041a400
00000001
00080000
00000400
30000000
10000014
00000000
0041a800
00000001
00100000
00000400
30000000
10000014
00000000
0041ac00
00000001
00180000
00000400
30000000
10000014
00000000
0041b000
00000001
00200000
00000400
30000000
10000014
00000000
0041b400
00000001
00280000
00000400
30000000
10000014
00000000
0041b800
00000001
00300000
00000400
30000000
10000014
00000000
0041bc00
00000001
00380000
00000400
30000000
22000030
00000003
00000000
00000000
00000040
00000014
00000014
00000000
00000000
00000000
00000000
00000000
00000000
40000000
22000030
00000007
00000000
00000000
00000040
00000014
00000014
00000000
00000000
00340000
01011100
00000014
00000014
40000000
10000014
00000001
02340000
00000001
00002000
0000c800
30000000
10000014
00000001
02340000
00000001
00082000
0000c800
30000000
10000014
00000001
02340000
00000001
00102000
0000c800
30000000
10000014
00000001
02340000
00000001
00182000
0000c800
30000000
10000014
00000001
02340000
00000001
00202000
0000c800
30000000
10000014
00000001
02340000
00000001
00282000
0000c800
30000000
10000014
00000001
02340000
00000001
00302000
0000c800
30000000
10000014
00000001
02340000
00000001
00382000
0000c800
30000000
90000060
00000190
00000107
000000ff
00000000
00000200
00000008
00000002
00000000
00000000
00000000
00000000
00000000
00000000
00000000
00000000
00000000
00000000
00000000
00000000
00000000
00000000
00000000
00000000
00000000
70000000
00000000
00000000
00000000
00000000
00000000
00000000
00000000
00000000
00000000
00000000
00000000
00000000
00000000
00000000
00000000
00000000
10000014
00000001
01000000
00000001
02340000
00003200
30000000
10000014
00000001
01040000
00000001
02343200
00003200
30000000
10000014
00000001
01080000
00000001
02346400
00003200
30000000
10000014
00000001
010c0000
00000001
02349600
00003200
30000000
10000014
00000001
01100000
00000001
0234c800
00003200
30000000
10000014
00000001
01140000
00000001
0234fa00
00003200
30000000
10000014
00000001
01180000
00000001
02352c00
00003200
30000000
10000014
00000001
011c0000
00000001
02355e00
00003200
30000000
21000030
00000001
00340000
00000000
00000008
00000014
00000014
00000110
00000010
001a0000
00000040
00000000
00000000
40000000
21000030
00000001
00343200
00000000
00000008
00000014
00000014
00000130
00000030
001a0020
00000040
00000000
00000000
40000000
21000030
00000001
00346400
00000000
00000008
00000014
00000014
00000150
00000050
001a0040
00000040
00000000
00000000
40000000
21000030
00000001
00349600
00000000
00000008
00000014
00000014
00000170
00000070
001a0060
00000040
00000000
00000000
40000000
21000030
00000001
0034c800
00000000
00000008
00000014
00000014
00000190
00000090
001a0080
00000040
00000000
00000000
40000000
21000030
00000001
0034fa00
00000000
00000008
00000014
00000014
000001b0
000000b0
001a00a0
00000040
00000000
00000000
40000000
21000030
00000001
00352c00
00000000
00000008
00000014
00000014
000001d0
000000d0
001a00c0
00000040
00000000
00000000
40000000
21000030
00000001
00355e00
00000000
00000008
00000014
00000014
000001f0
000000f0
001a00e0
00000040
00000000
00000000
40000000
10000014
00000001
027c5cc0
00000001
03000000
00000210
30000000
10000014
00000000
0041c000
00000001
00000000
00002400
30000000
10000014
00000000
0041e400
00000001
00080000
00002400
30000000
10000014
00000000
00420800
00000001
00100000
00002400
30000000
10000014
00000000
00422c00
00000001
00180000
00002400
30000000
10000014
00000000
00425000
00000001
00200000
00002400
30000000
10000014
00000000
00427400
00000001
00280000
00002400
30000000
10000014
00000000
00429800
00000001
00300000
00002400
30000000
10000014
00000000
0042bc00
00000001
00380000
00002400
30000000
22000030
00000003
001a0000
00000000
00000040
00000014
00000014
00000000
00000000
001a0000
00000000
00000000
00000000
40000000
22000030
00000007
001a0000
00000000
00000040
00000014
00000014
00000000
00000000
00340000
03031111
00000013
00000014
40000000
10000014
00000001
02340000
00000001
00012000
0006ae00
30000000
10000014
00000001
02340000
00000001
00092000
0006ae00
30000000
10000014
00000001
02340000
00000001
00112000
0006ae00
30000000
10000014
00000001
02340000
00000001
00192000
0006ae00
30000000
10000014
00000001
02340000
00000001
00212000
0006ae00
30000000
10000014
00000001
02340000
00000001
00292000
0006ae00
30000000
10000014
00000001
02340000
00000001
00312000
0006ae00
30000000
10000014
00000001
02340000
00000001
00392000
0006ae00
30000000
90000060
0000017c
00000907
000000ff
00000000
00001200
00000048
00000002
00000000
00000000
00000000
00000000
00000000
00000000
00000000
00000000
00000000
00000000
00000000
00000000
00000000
00000000
00000000
00000000
00000000
70000000
00000000
00000000
00000000
00000000
00000000
00000000
00000000
00000000
00000000
00000000
00000000
00000000
00000000
00000000
00000000
00000000
10000014
00000001
01000000
00000001
02340000
00002f80
30000000
10000014
00000001
01040000
00000001
02342f80
00002f80
30000000
10000014
00000001
01080000
00000001
02345f00
00002f80
30000000
10000014
00000001
010c0000
00000001
02348e80
00002f80
30000000
10000014
00000001
01100000
00000001
0234be00
00002f80
30000000
10000014
00000001
01140000
00000001
0234ed80
00002f80
30000000
10000014
00000001
01180000
00000001
02351d00
00002f80
30000000
10000014
00000001
011c0000
00000001
02354c80
00002f80
30000000
21000030
00000001
00340000
00000000
00000008
00000013
00000014
00000110
00000010
00654000
00000040
00000000
00000000
40000000
21000030
00000001
00342f80
00000000
00000008
00000013
00000014
00000130
00000030
00654020
00000040
00000000
00000000
40000000
21000030
00000001
00345f00
00000000
00000008
00000013
00000014
00000150
00000050
00654040
00000040
00000000
00000000
40000000
21000030
00000001
00348e80
00000000
00000008
00000013
00000014
00000170
00000070
00654060
00000040
00000000
00000000
40000000
21000030
00000001
0034be00
00000000
00000008
00000013
00000014
00000190
00000090
00654080
00000040
00000000
00000000
40000000
21000030
00000001
0034ed80
00000000
00000008
00000013
00000014
000001b0
000000b0
006540a0
00000040
00000000
00000000
40000000
21000030
00000001
00351d00
00000000
00000008
00000013
00000014
000001d0
000000d0
006540c0
00000040
00000000
00000000
40000000
21000030
00000001
00354c80
00000000
00000008
00000013
00000014
000001f0
000000f0
006540e0
00000040
00000000
00000000
40000000
22000030
00000007
001ab400
00000000
00000040
00000002
00000014
00000000
00000000
00340000
03031101
00000001
00000014
40000000
10000014
00000001
02340000
00000001
00012000
00005a00
30000000
10000014
00000001
02340000
00000001
00092000
00005a00
30000000
10000014
00000001
02340000
00000001
00112000
00005a00
30000000
10000014
00000001
02340000
00000001
00192000
00005a00
30000000
10000014
00000001
02340000
00000001
00212000
00005a00
30000000
10000014
00000001
02340000
00000001
00292000
00005a00
30000000
10000014
00000001
02340000
00000001
00312000
00005a00
30000000
10000014
00000001
02340000
00000001
00392000
00005a00
30000000
90000060
00000014
00000907
000000ff
00000000
00001200
00000048
00000002
00000000
00000000
00000000
00000000
00000000
00000000
00000000
00000000
00000000
00000000
00000000
00000000
00000000
00000000
00000000
00000000
00000000
70000000
00000000
00000000
00000000
00000000
00000000
00000000
00000000
00000000
00000000
00000000
00000000
00000000
00000000
00000000
00000000
00000000
10000014
00000001
01000000
00000001
02340000
00000280
30000000
10000014
00000001
01040000
00000001
02340280
00000280
30000000
10000014
00000001
01080000
00000001
02340500
00000280
30000000
10000014
00000001
010c0000
00000001
02340780
00000280
30000000
10000014
00000001
01100000
00000001
02340a00
00000280
30000000
10000014
00000001
01140000
00000001
02340c80
00000280
30000000
10000014
00000001
01180000
00000001
02340f00
00000280
30000000
10000014
00000001
011c0000
00000001
02341180
00000280
30000000
21000030
00000001
00340000
00000000
00000008
00000001
00000014
00000110
00000010
0066bc00
00000040
00000000
00000000
40000000
21000030
00000001
00340280
00000000
00000008
00000001
00000014
00000130
00000030
0066bc20
00000040
00000000
00000000
40000000
21000030
00000001
00340500
00000000
00000008
00000001
00000014
00000150
00000050
0066bc40
00000040
00000000
00000000
40000000
21000030
00000001
00340780
00000000
00000008
00000001
00000014
00000170
00000070
0066bc60
00000040
00000000
00000000
40000000
21000030
00000001
00340a00
00000000
00000008
00000001
00000014
00000190
00000090
0066bc80
00000040
00000000
00000000
40000000
21000030
00000001
00340c80
00000000
00000008
00000001
00000014
000001b0
000000b0
0066bca0
00000040
00000000
00000000
40000000
21000030
00000001
00340f00
00000000
00000008
00000001
00000014
000001d0
000000d0
0066bcc0
00000040
00000000
00000000
40000000
21000030
00000001
00341180
00000000
00000008
00000001
00000014
000001f0
000000f0
0066bce0
00000040
00000000
00000000
40000000
10000014
00000001
027c5ed0
00000001
03000000
00000210
30000000
10000014
00000000
0042e000
00000001
00000000
00001000
30000000
10000014
00000000
0042f000
00000001
00080000
00001000
30000000
10000014
00000000
00430000
00000001
00100000
00001000
30000000
10000014
00000000
00431000
00000001
00180000
00001000
30000000
10000014
00000000
00432000
00000001
00200000
00001000
30000000
10000014
00000000
00433000
00000001
00280000
00001000
30000000
10000014
00000000
00434000
00000001
00300000
00001000
30000000
10000014
00000000
00435000
00000001
00380000
00001000
30000000
22000030
00000003
006c4800
00000000
00000100
00000014
00000014
00000000
00000000
00000000
00000000
00000000
00000000
40000000
22000030
00000007
00000000
00000000
00000100
00000014
00000014
00000000
00000000
00340000
01011100
00000014
00000014
40000000
10000014
00000001
02340000
00000001
00008000
00032000
30000000
10000014
00000001
02340000
00000001
00088000
00032000
30000000
10000014
00000001
02340000
00000001
00108000
00032000
30000000
10000014
00000001
02340000
00000001
00188000
00032000
30000000
10000014
00000001
02340000
00000001
00208000
00032000
30000000
10000014
00000001
02340000
00000001
00288000
00032000
30000000
10000014
00000001
02340000
00000001
00308000
00032000
30000000
10000014
00000001
02340000
00000001
00388000
00032000
30000000
90000060
00000190
00000407
000000ff
00000000
00000800
00000020
00000002
00000000
00000000
00000000
00000000
00000000
00000000
00000000
00000000
00000000
00000000
00000000
00000000
00000000
00000000
00000000
00000000
00000000
70000000
00000000
00000000
00000000
00000000
00000000
00000000
00000000
00000000
00000000
00000000
00000000
00000000
00000000
00000000
00000000
00000000
10000014
00000001
01000000
00000001
02340000
00003200
30000000
10000014
00000001
01040000
00000001
02343200
00003200
30000000
10000014
00000001
01080000
00000001
02346400
00003200
30000000
10000014
00000001
010c0000
00000001
02349600
00003200
30000000
10000014
00000001
01100000
00000001
0234c800
00003200
30000000
10000014
00000001
01140000
00000001
0234fa00
00003200
30000000
10000014
00000001
01180000
00000001
02352c00
00003200
30000000
10000014
00000001
011c0000
00000001
02355e00
00003200
30000000
21000030
00000001
00340000
00000000
00000008
00000014
00000014
00000110
00000010
0066d000
00000040
00000000
00000000
40000000
21000030
00000001
00343200
00000000
00000008
00000014
00000014
00000130
00000030
0066d020
00000040
00000000
00000000
40000000
21000030
00000001
00346400
00000000
00000008
00000014
00000014
00000150
00000050
0066d040
00000040
00000000
00000000
40000000
21000030
00000001
00349600
00000000
00000008
00000014
00000014
00000170
00000070
0066d060
00000040
00000000
00000000
40000000
21000030
00000001
0034c800
00000000
00000008
00000014
00000014
00000190
00000090
0066d080
00000040
00000000
00000000
40000000
21000030
00000001
0034fa00
00000000
00000008
00000014
00000014
000001b0
000000b0
0066d0a0
00000040
00000000
00000000
40000000
21000030
00000001
00352c00
00000000
00000008
00000014
00000014
000001d0
000000d0
0066d0c0
00000040
00000000
00000000
40000000
21000030
00000001
00355e00
00000000
00000008
00000014
00000014
000001f0
000000f0
0066d0e0
00000040
00000000
00000000
40000000
a0000020
00000001
02654000
00000001
02000000
00000040
00000100
00000200
00000190
30000000
a0000020
00000001
02654040
00000001
02000040
00000040
00000100
00000200
00000190
30000000
a0000020
00000001
02654080
00000001
02000080
00000040
00000100
00000200
00000190
30000000
a0000020
00000001
026540c0
00000001
020000c0
00000040
00000100
00000200
00000190
30000000
a0000020
00000001
0266d000
00000001
02000100
00000040
00000100
00000200
00000190
30000000
a0000020
00000001
0266d040
00000001
02000140
00000040
00000100
00000200
00000190
30000000
a0000020
00000001
0266d080
00000001
02000180
00000040
00000100
00000200
00000190
30000000
a0000020
00000001
0266d0c0
00000001
020001c0
00000040
00000100
00000200
00000190
30000000
10000014
00000001
027c60e0
00000001
03000000
00000410
30000000
10000014
00000000
00436000
00000001
00000000
00000800
30000000
10000014
00000000
00436800
00000001
00080000
00000800
30000000
10000014
00000000
00437000
00000001
00100000
00000800
30000000
10000014
00000000
00437800
00000001
00180000
00000800
30000000
10000014
00000000
00438000
00000001
00200000
00000800
30000000
10000014
00000000
00438800
00000001
00280000
00000800
30000000
10000014
00000000
00439000
00000001
00300000
00000800
30000000
10000014
00000000
00439800
00000001
00380000
00000800
30000000
22000030
00000003
00000000
00000000
00000080
00000014
00000014
00000000
00000000
00000000
00000000
00000000
00000000
40000000
22000030
00000007
00000000
00000000
00000080
00000014
00000014
00000000
00000000
00340000
01011100
00000014
00000014
40000000
10000014
00000001
02340000
00000001
00004000
00019000
30000000
10000014
00000001
02340000
00000001
00084000
00019000
30000000
10000014
00000001
02340000
00000001
00104000
00019000
30000000
10000014
00000001
02340000
00000001
00184000
00019000
30000000
10000014
00000001
02340000
00000001
00204000
00019000
30000000
10000014
00000001
02340000
00000001
00284000
00019000
30000000
10000014
00000001
02340000
00000001
00304000
00019000
30000000
10000014
00000001
02340000
00000001
00384000
00019000
30000000
90000060
00000190
00000207
000000ff
00000000
00000400
00000010
00000002
00000000
00000000
00000000
00000000
00000000
00000000
00000000
00000000
00000000
00000000
00000000
00000000
00000000
00000000
00000000
00000000
00000000
70000000
00000000
00000000
00000000
00000000
00000000
00000000
00000000
00000000
00000000
00000000
00000000
00000000
00000000
00000000
00000000
00000000
10000014
00000001
01000000
00000001
02340000
00003200
30000000
10000014
00000001
01040000
00000001
02343200
00003200
30000000
10000014
00000001
01080000
00000001
02346400
00003200
30000000
10000014
00000001
010c0000
00000001
02349600
00003200
30000000
10000014
00000001
01100000
00000001
0234c800
00003200
30000000
10000014
00000001
01140000
00000001
0234fa00
00003200
30000000
10000014
00000001
01180000
00000001
02352c00
00003200
30000000
10000014
00000001
011c0000
00000001
02355e00
00003200
30000000
21000030
00000001
00340000
00000000
00000008
00000014
00000014
00000210
00000010
001a0000
00000080
00000000
00000000
40000000
21000030
00000001
00343200
00000000
00000008
00000014
00000014
00000230
00000030
001a0020
00000080
00000000
00000000
40000000
21000030
00000001
00346400
00000000
00000008
00000014
00000014
00000250
00000050
001a0040
00000080
00000000
00000000
40000000
21000030
00000001
00349600
00000000
00000008
00000014
00000014
00000270
00000070
001a0060
00000080
00000000
00000000
40000000
21000030
00000001
0034c800
00000000
00000008
00000014
00000014
00000290
00000090
001a0080
00000080
00000000
00000000
40000000
21000030
00000001
0034fa00
00000000
00000008
00000014
00000014
000002b0
000000b0
001a00a0
00000080
00000000
00000000
40000000
21000030
00000001
00352c00
00000000
00000008
00000014
00000014
000002d0
000000d0
001a00c0
00000080
00000000
00000000
40000000
21000030
00000001
00355e00
00000000
00000008
00000014
00000014
000002f0
000000f0
001a00e0
00000080
00000000
00000000
40000000
10000014
00000001
027c60e0
00000001
03000000
00000410
30000000
10000014
00000000
0043a000
00000001
00000000
00000800
30000000
10000014
00000000
0043a800
00000001
00080000
00000800
30000000
10000014
00000000
0043b000
00000001
00100000
00000800
30000000
10000014
00000000
0043b800
00000001
00180000
00000800
30000000
10000014
00000000
0043c000
00000001
00200000
00000800
30000000
10000014
00000000
0043c800
00000001
00280000
00000800
30000000
10000014
00000000
0043d000
00000001
00300000
00000800
30000000
10000014
00000000
0043d800
00000001
00380000
00000800
30000000
22000030
00000007
00000000
00000000
00000080
00000014
00000014
00000000
00000000
00340000
01011100
00000014
00000014
40000000
10000014
00000001
02340000
00000001
00004000
00019000
30000000
10000014
00000001
02340000
00000001
00084000
00019000
30000000
10000014
00000001
02340000
00000001
00104000
00019000
30000000
10000014
00000001
02340000
00000001
00184000
00019000
30000000
10000014
00000001
02340000
00000001
00204000
00019000
30000000
10000014
00000001
02340000
00000001
00284000
00019000
30000000
10000014
00000001
02340000
00000001
00304000
00019000
30000000
10000014
00000001
02340000
00000001
00384000
00019000
30000000
90000060
00000190
00000207
000000ff
00000000
00000400
00000010
00000002
00000000
00000000
00000000
00000000
00000000
00000000
00000000
00000000
00000000
00000000
00000000
00000000
00000000
00000000
00000000
00000000
00000000
70000000
00000000
00000000
00000000
00000000
00000000
00000000
00000000
00000000
00000000
00000000
00000000
00000000
00000000
00000000
00000000
00000000
10000014
00000001
01000000
00000001
02340000
00003200
30000000
10000014
00000001
01040000
00000001
02343200
00003200
30000000
10000014
00000001
01080000
00000001
02346400
00003200
30000000
10000014
00000001
010c0000
00000001
02349600
00003200
30000000
10000014
00000001
01100000
00000001
0234c800
00003200
30000000
10000014
00000001
01140000
00000001
0234fa00
00003200
30000000
10000014
00000001
01180000
00000001
02352c00
00003200
30000000
10000014
00000001
011c0000
00000001
02355e00
00003200
30000000
21000030
00000001
00340000
00000000
00000008
00000014
00000014
00000310
00000110
001a0100
00000080
00000000
00000000
40000000
21000030
00000001
00343200
00000000
00000008
00000014
00000014
00000330
00000130
001a0120
00000080
00000000
00000000
40000000
21000030
00000001
00346400
00000000
00000008
00000014
00000014
00000350
00000150
001a0140
00000080
00000000
00000000
40000000
21000030
00000001
00349600
00000000
00000008
00000014
00000014
00000370
00000170
001a0160
00000080
00000000
00000000
40000000
21000030
00000001
0034c800
00000000
00000008
00000014
00000014
00000390
00000190
001a0180
00000080
00000000
00000000
40000000
21000030
00000001
0034fa00
00000000
00000008
00000014
00000014
000003b0
000001b0
001a01a0
00000080
00000000
00000000
40000000
21000030
00000001
00352c00
00000000
00000008
00000014
00000014
000003d0
000001d0
001a01c0
00000080
00000000
00000000
40000000
21000030
00000001
00355e00
00000000
00000008
00000014
00000014
000003f0
000001f0
001a01e0
00000080
00000000
00000000
40000000
10000014
00000001
027c64f0
00000001
03000000
00000210
30000000
10000014
00000000
0043e000
00000001
00000000
00000800
30000000
10000014
00000000
0043e800
00000001
00080000
00000800
30000000
10000014
00000000
0043f000
00000001
00100000
00000800
30000000
10000014
00000000
0043f800
00000001
00180000
00000800
30000000
10000014
00000000
00440000
00000001
00200000
00000800
30000000
10000014
00000000
00440800
00000001
00280000
00000800
30000000
10000014
00000000
00441000
00000001
00300000
00000800
30000000
10000014
00000000
00441800
00000001
00380000
00000800
30000000
22000030
00000003
001a0000
00000000
00000080
00000014
00000014
00000000
00000000
001a0000
00000000
00000000
00000000
40000000
22000030
00000007
001a0000
00000000
00000080
00000014
00000014
00000000
00000000
00340000
01011100
00000014
00000014
40000000
10000014
00000001
02340000
00000001
00004000
00019000
30000000
10000014
00000001
02340000
00000001
00084000
00019000
30000000
10000014
00000001
02340000
00000001
00104000
00019000
30000000
10000014
00000001
02340000
00000001
00184000
00019000
30000000
10000014
00000001
02340000
00000001
00204000
00019000
30000000
10000014
00000001
02340000
00000001
00284000
00019000
30000000
10000014
00000001
02340000
00000001
00304000
00019000
30000000
10000014
00000001
02340000
00000001
00384000
00019000
30000000
90000060
00000190
00000207
000000ff
00000000
00000400
00000010
00000002
00000000
00000000
00000000
00000000
00000000
00000000
00000000
00000000
00000000
00000000
00000000
00000000
00000000
00000000
00000000
00000000
00000000
70000000
00000000
00000000
00000000
00000000
00000000
00000000
00000000
00000000
00000000
00000000
00000000
00000000
00000000
00000000
00000000
00000000
10000014
00000001
01000000
00000001
02340000
00003200
30000000
10000014
00000001
01040000
00000001
02343200
00003200
30000000
10000014
00000001
01080000
00000001
02346400
00003200
30000000
10000014
00000001
010c0000
00000001
02349600
00003200
30000000
10000014
00000001
01100000
00000001
0234c800
00003200
30000000
10000014
00000001
01140000
00000001
0234fa00
00003200
30000000
10000014
00000001
01180000
00000001
02352c00
00003200
30000000
10000014
00000001
011c0000
00000001
02355e00
00003200
30000000
21000030
00000001
00340000
00000000
00000008
00000014
00000014
00000110
00000010
00654000
00000040
00000000
00000000
40000000
21000030
00000001
00343200
00000000
00000008
00000014
00000014
00000130
00000030
00654020
00000040
00000000
00000000
40000000
21000030
00000001
00346400
00000000
00000008
00000014
00000014
00000150
00000050
00654040
00000040
00000000
00000000
40000000
21000030
00000001
00349600
00000000
00000008
00000014
00000014
00000170
00000070
00654060
00000040
00000000
00000000
40000000
21000030
00000001
0034c800
00000000
00000008
00000014
00000014
00000190
00000090
00654080
00000040
00000000
00000000
40000000
21000030
00000001
0034fa00
00000000
00000008
00000014
00000014
000001b0
000000b0
006540a0
00000040
00000000
00000000
40000000
21000030
00000001
00352c00
00000000
00000008
00000014
00000014
000001d0
000000d0
006540c0
00000040
00000000
00000000
40000000
21000030
00000001
00355e00
00000000
00000008
00000014
00000014
000001f0
000000f0
006540e0
00000040
00000000
00000000
40000000
20000030
00000005
00654000
00000000
00000040
00000014
00000014
00000000
00000000
00692800
00000000
00000000
00000000
40000000
a0000020
00000001
02692800
00000001
026f6800
00000040
00000100
00000200
00000640
30000000
a0000020
00000001
02692840
00000001
026f6840
00000040
00000100
00000200
00000640
30000000
a0000020
00000001
02692880
00000001
026f6880
00000040
00000100
00000200
00000640
30000000
a0000020
00000001
026928c0
00000001
026f68c0
00000040
00000100
00000200
00000640
30000000
a0000020
00000001
025f0000
00000001
026f6900
00000040
00000100
00000200
00000640
30000000
a0000020
00000001
025f0040
00000001
026f6940
00000040
00000100
00000200
00000640
30000000
a0000020
00000001
025f0080
00000001
026f6980
00000040
00000100
00000200
00000640
30000000
a0000020
00000001
025f00c0
00000001
026f69c0
00000040
00000100
00000200
00000640
30000000
10000014
00000001
027c6700
00000001
03000000
00000110
30000000
10000014
00000000
00442000
00000001
00000000
00000800
30000000
10000014
00000000
00442800
00000001
00080000
00000800
30000000
10000014
00000000
00443000
00000001
00100000
00000800
30000000
10000014
00000000
00443800
00000001
00180000
00000800
30000000
22000030
00000003
006f6800
00000000
00000080
00000028
00000028
00000000
00000000
005f0000
00000000
00000000
00000000
40000000
22000030
00000007
005f0000
00000000
00000080
00000028
00000028
00000000
00000000
00340000
01011100
00000028
00000028
40000000
10000014
00000001
02340000
00000001
00002000
00064000
30000000
10000014
00000001
02340000
00000001
00082000
00064000
30000000
10000014
00000001
02340000
00000001
00102000
00064000
30000000
10000014
00000001
02340000
00000001
00182000
00064000
30000000
90000060
00000640
00000207
0000000f
00000000
00000200
00000010
00000002
00000000
00000000
00000000
00000000
00000000
00000000
00000000
00000000
00000000
00000000
00000000
00000000
00000000
00000000
00000000
00000000
00000000
70000000
00000000
00000000
00000000
00000000
00000000
00000000
00000000
00000000
00000000
00000000
00000000
00000000
00000000
00000000
00000000
00000000
10000014
00000001
01000000
00000001
02340000
0000c800
30000000
10000014
00000001
01040000
00000001
0234c800
0000c800
30000000
10000014
00000001
01080000
00000001
02359000
0000c800
30000000
10000014
00000001
010c0000
00000001
02365800
0000c800
30000000
21000030
00000001
00340000
00000000
00000008
00000028
00000028
00000090
00000010
00000000
00000020
00000000
00000000
40000000
21000030
00000001
0034c800
00000000
00000008
00000028
00000028
000000b0
00000030
00000020
00000020
00000000
00000000
40000000
21000030
00000001
00359000
00000000
00000008
00000028
00000028
000000d0
00000050
00000040
00000020
00000000
00000000
40000000
21000030
00000001
00365800
00000000
00000008
00000028
00000028
000000f0
00000070
00000060
00000020
00000000
00000000
40000000
10000014
00000001
027c6810
00000001
03000000
00000110
30000000
10000014
00000000
00444000
00000001
00000000
00000400
30000000
10000014
00000000
00444400
00000001
00080000
00000400
30000000
10000014
00000000
00444800
00000001
00100000
00000400
30000000
10000014
00000000
00444c00
00000001
00180000
00000400
30000000
22000030
00000003
00000000
00000000
00000020
00000028
00000028
00000000
00000000
00000000
00000000
00000000
00000000
40000000
22000030
00000007
00000000
00000000
00000020
00000028
00000028
00000000
00000000
00340000
01011100
00000028
00000028
40000000
10000014
00000001
02340000
00000001
00001000
00032000
30000000
10000014
00000001
02340000
00000001
00081000
00032000
30000000
10000014
00000001
02340000
00000001
00101000
00032000
30000000
10000014
00000001
02340000
00000001
00181000
00032000
30000000
90000060
00000640
00000107
0000000f
00000000
00000100
00000008
00000002
00000000
00000000
00000000
00000000
00000000
00000000
00000000
00000000
00000000
00000000
00000000
00000000
00000000
00000000
00000000
00000000
00000000
70000000
00000000
00000000
00000000
00000000
00000000
00000000
00000000
00000000
00000000
00000000
00000000
00000000
00000000
00000000
00000000
00000000
10000014
00000001
01000000
00000001
02340000
0000c800
30000000
10000014
00000001
01040000
00000001
0234c800
0000c800
30000000
10000014
00000001
01080000
00000001
02359000
0000c800
30000000
10000014
00000001
010c0000
00000001
02365800
0000c800
30000000
21000030
00000001
00340000
00000000
00000008
00000028
00000028
00000090
00000010
001a0000
00000020
00000000
00000000
40000000
21000030
00000001
0034c800
00000000
00000008
00000028
00000028
000000b0
00000030
001a0020
00000020
00000000
00000000
40000000
21000030
00000001
00359000
00000000
00000008
00000028
00000028
000000d0
00000050
001a0040
00000020
00000000
00000000
40000000
21000030
00000001
00365800
00000000
00000008
00000028
00000028
000000f0
00000070
001a0060
00000020
00000000
00000000
40000000
10000014
00000001
027c6920
00000001
03000000
00000110
30000000
10000014
00000000
00445000
00000001
00000000
00001400
30000000
10000014
00000000
00446400
00000001
00080000
00001400
30000000
10000014
00000000
00447800
00000001
00100000
00001400
30000000
10000014
00000000
00448c00
00000001
00180000
00001400
30000000
22000030
00000003
001a0000
00000000
00000020
00000028
00000028
00000000
00000000
001a0000
00000000
00000000
00000000
40000000
22000030
00000007
001a0000
00000000
00000020
00000014
00000028
00000000
00000000
00340000
03031111
00000013
00000028
40000000
10000014
00000001
02340000
00000001
00005000
00076c00
30000000
10000014
00000001
02340000
00000001
00085000
00076c00
30000000
10000014
00000001
02340000
00000001
00105000
00076c00
30000000
10000014
00000001
02340000
00000001
00185000
00076c00
30000000
90000060
000002f8
00000507
0000000f
00000000
00000500
00000028
00000002
00000000
00000000
00000000
00000000
00000000
00000000
00000000
00000000
00000000
00000000
00000000
00000000
00000000
00000000
00000000
00000000
00000000
70000000
00000000
00000000
00000000
00000000
00000000
00000000
00000000
00000000
00000000
00000000
00000000
00000000
00000000
00000000
00000000
00000000
10000014
00000001
01000000
00000001
02340000
00005f00
30000000
10000014
00000001
01040000
00000001
02345f00
00005f00
30000000
10000014
00000001
01080000
00000001
0234be00
00005f00
30000000
10000014
00000001
010c0000
00000001
02351d00
00005f00
30000000
21000030
00000001
00340000
00000000
00000008
00000013
00000028
00000090
00000010
005f0000
00000020
00000000
00000000
40000000
21000030
00000001
00345f00
00000000
00000008
00000013
00000028
000000b0
00000030
005f0020
00000020
00000000
00000000
40000000
21000030
00000001
0034be00
00000000
00000008
00000013
00000028
000000d0
00000050
005f0040
00000020
00000000
00000000
40000000
21000030
00000001
00351d00
00000000
00000008
00000013
00000028
000000f0
00000070
005f0060
00000020
00000000
00000000
40000000
22000030
00000007
001ab400
00000000
00000020
00000015
00000028
00000000
00000000
00340000
03031101
00000013
00000028
40000000
10000014
00000001
02340000
00000001
00005000
00076c00
30000000
10000014
00000001
02340000
00000001
00085000
00076c00
30000000
10000014
00000001
02340000
00000001
00105000
00076c00
30000000
10000014
00000001
02340000
00000001
00185000
00076c00
30000000
90000060
000002f8
00000507
0000000f
00000000
00000500
00000028
00000002
00000000
00000000
00000000
00000000
00000000
00000000
00000000
00000000
00000000
00000000
00000000
00000000
00000000
00000000
00000000
00000000
00000000
70000000
00000000
00000000
00000000
00000000
00000000
00000000
00000000
00000000
00000000
00000000
00000000
00000000
00000000
00000000
00000000
00000000
10000014
00000001
01000000
00000001
02340000
00005f00
30000000
10000014
00000001
01040000
00000001
02345f00
00005f00
30000000
10000014
00000001
01080000
00000001
0234be00
00005f00
30000000
10000014
00000001
010c0000
00000001
02351d00
00005f00
30000000
21000030
00000001
00340000
00000000
00000008
00000013
00000028
00000090
00000010
00607c00
00000020
00000000
00000000
40000000
21000030
00000001
00345f00
00000000
00000008
00000013
00000028
000000b0
00000030
00607c20
00000020
00000000
00000000
40000000
21000030
00000001
0034be00
00000000
00000008
00000013
00000028
000000d0
00000050
00607c40
00000020
00000000
00000000
40000000
21000030
00000001
00351d00
00000000
00000008
00000013
00000028
000000f0
00000070
00607c60
00000020
00000000
00000000
40000000
22000030
00000007
001b7200
00000000
00000020
00000003
00000028
00000000
00000000
00340000
03031101
00000002
00000028
40000000
10000014
00000001
02340000
00000001
00005000
0000c800
30000000
10000014
00000001
02340000
00000001
00085000
0000c800
30000000
10000014
00000001
02340000
00000001
00105000
0000c800
30000000
10000014
00000001
02340000
00000001
00185000
0000c800
30000000
90000060
00000050
00000507
0000000f
00000000
00000500
00000028
00000002
00000000
00000000
00000000
00000000
00000000
00000000
00000000
00000000
00000000
00000000
00000000
00000000
00000000
00000000
00000000
00000000
00000000
70000000
00000000
00000000
00000000
00000000
00000000
00000000
00000000
00000000
00000000
00000000
00000000
00000000
00000000
00000000
00000000
00000000
10000014
00000001
01000000
00000001
02340000
00000a00
30000000
10000014
00000001
01040000
00000001
02340a00
00000a00
30000000
10000014
00000001
01080000
00000001
02341400
00000a00
30000000
10000014
00000001
010c0000
00000001
02341e00
00000a00
30000000
21000030
00000001
00340000
00000000
00000008
00000002
00000028
00000090
00000010
0061f800
00000020
00000000
00000000
40000000
21000030
00000001
00340a00
00000000
00000008
00000002
00000028
000000b0
00000030
0061f820
00000020
00000000
00000000
40000000
21000030
00000001
00341400
00000000
00000008
00000002
00000028
000000d0
00000050
0061f840
00000020
00000000
00000000
40000000
21000030
00000001
00341e00
00000000
00000008
00000002
00000028
000000f0
00000070
0061f860
00000020
00000000
00000000
40000000
10000014
00000001
027c6a30
00000001
03000000
00000110
30000000
10000014
00000000
0044a000
00000001
00000000
00000800
30000000
10000014
00000000
0044a800
00000001
00080000
00000800
30000000
10000014
00000000
0044b000
00000001
00100000
00000800
30000000
10000014
00000000
0044b800
00000001
00180000
00000800
30000000
22000030
00000003
006f6800
00000000
00000080
00000028
00000028
00000000
00000000
00000000
00000000
00000000
00000000
40000000
22000030
00000007
00000000
00000000
00000080
00000028
00000028
00000000
00000000
00340000
01011100
00000028
00000028
40000000
10000014
00000001
02340000
00000001
00002000
00064000
30000000
10000014
00000001
02340000
00000001
00082000
00064000
30000000
10000014
00000001
02340000
00000001
00102000
00064000
30000000
10000014
00000001
02340000
00000001
00182000
00064000
30000000
90000060
00000640
00000207
0000000f
00000000
00000200
00000010
00000002
00000000
00000000
00000000
00000000
00000000
00000000
00000000
00000000
00000000
00000000
00000000
00000000
00000000
00000000
00000000
00000000
00000000
70000000
00000000
00000000
00000000
00000000
00000000
00000000
00000000
00000000
00000000
00000000
00000000
00000000
00000000
00000000
00000000
00000000
10000014
00000001
01000000
00000001
02340000
0000c800
30000000
10000014
00000001
01040000
00000001
0234c800
0000c800
30000000
10000014
00000001
01080000
00000001
02359000
0000c800
30000000
10000014
00000001
010c0000
00000001
02365800
0000c800
30000000
21000030
00000001
00340000
00000000
00000008
00000028
00000028
00000090
00000010
00622000
00000020
00000000
00000000
40000000
21000030
00000001
0034c800
00000000
00000008
00000028
00000028
000000b0
00000030
00622020
00000020
00000000
00000000
40000000
21000030
00000001
00359000
00000000
00000008
00000028
00000028
000000d0
00000050
00622040
00000020
00000000
00000000
40000000
21000030
00000001
00365800
00000000
00000008
00000028
00000028
000000f0
00000070
00622060
00000020
00000000
00000000
40000000
a0000020
00000001
025f0000
00000001
02000000
00000040
00000080
00000100
00000640
30000000
a0000020
00000001
025f0040
00000001
02000040
00000040
00000080
00000100
00000640
30000000
a0000020
00000001
02622000
00000001
02000080
00000040
00000080
00000100
00000640
30000000
a0000020
00000001
02622040
00000001
020000c0
00000040
00000080
00000100
00000640
30000000
10000014
00000001
027c6b40
00000001
03000000
00000210
30000000
10000014
00000000
0044c000
00000001
00000000
00000400
30000000
10000014
00000000
0044c400
00000001
00080000
00000400
30000000
10000014
00000000
0044c800
00000001
00100000
00000400
30000000
10000014
00000000
0044cc00
00000001
00180000
00000400
30000000
10000014
00000000
0044d000
00000001
00200000
00000400
30000000
10000014
00000000
0044d400
00000001
00280000
00000400
30000000
10000014
00000000
0044d800
00000001
00300000
00000400
30000000
10000014
00000000
0044dc00
00000001
00380000
00000400
30000000
22000030
00000003
00000000
00000000
00000040
00000028
00000028
00000000
00000000
00000000
00000000
00000000
00000000
40000000
22000030
00000007
00000000
00000000
00000040
00000028
00000028
00000000
00000000
00340000
01011100
00000028
00000028
40000000
10000014
00000001
02340000
00000001
00002000
00032000
30000000
10000014
00000001
02340000
00000001
00082000
00032000
30000000
10000014
00000001
02340000
00000001
00102000
00032000
30000000
10000014
00000001
02340000
00000001
00182000
00032000
30000000
10000014
00000001
02340000
00000001
00202000
00032000
30000000
10000014
00000001
02340000
00000001
00282000
00032000
30000000
10000014
00000001
02340000
00000001
00302000
00032000
30000000
10000014
00000001
02340000
00000001
00382000
00032000
30000000
90000060
00000640
00000107
000000ff
00000000
00000200
00000008
00000002
00000000
00000000
00000000
00000000
00000000
00000000
00000000
00000000
00000000
00000000
00000000
00000000
00000000
00000000
00000000
00000000
00000000
70000000
00000000
00000000
00000000
00000000
00000000
00000000
00000000
00000000
00000000
00000000
00000000
00000000
00000000
00000000
00000000
00000000
10000014
00000001
01000000
00000001
02340000
0000c800
30000000
10000014
00000001
01040000
00000001
0234c800
0000c800
30000000
10000014
00000001
01080000
00000001
02359000
0000c800
30000000
10000014
00000001
010c0000
00000001
02365800
0000c800
30000000
10000014
00000001
01100000
00000001
02372000
0000c800
30000000
10000014
00000001
01140000
00000001
0237e800
0000c800
30000000
10000014
00000001
01180000
00000001
0238b000
0000c800
30000000
10000014
00000001
011c0000
00000001
02397800
0000c800
30000000
21000030
00000001
00340000
00000000
00000008
00000028
00000028
00000110
00000010
005f0000
00000040
00000000
00000000
40000000
21000030
00000001
0034c800
00000000
00000008
00000028
00000028
00000130
00000030
005f0020
00000040
00000000
00000000
40000000
21000030
00000001
00359000
00000000
00000008
00000028
00000028
00000150
00000050
005f0040
00000040
00000000
00000000
40000000
21000030
00000001
00365800
00000000
00000008
00000028
00000028
00000170
00000070
005f0060
00000040
00000000
00000000
40000000
21000030
00000001
00372000
00000000
00000008
00000028
00000028
00000190
00000090
005f0080
00000040
00000000
00000000
40000000
21000030
00000001
0037e800
00000000
00000008
00000028
00000028
000001b0
000000b0
005f00a0
00000040
00000000
00000000
40000000
21000030
00000001
0038b000
00000000
00000008
00000028
00000028
000001d0
000000d0
005f00c0
00000040
00000000
00000000
40000000
21000030
00000001
00397800
00000000
00000008
00000028
00000028
000001f0
000000f0
005f00e0
00000040
00000000
00000000
40000000
10000014
00000001
027c6d50
00000001
03000000
00000210
30000000
10000014
00000000
0044e000
00000001
00000000
00002400
30000000
10000014
00000000
00450400
00000001
00080000
00002400
30000000
10000014
00000000
00452800
00000001
00100000
00002400
30000000
10000014
00000000
00454c00
00000001
00180000
00002400
30000000
10000014
00000000
00457000
00000001
00200000
00002400
30000000
10000014
00000000
00459400
00000001
00280000
00002400
30000000
10000014
00000000
0045b800
00000001
00300000
00002400
30000000
10000014
00000000
0045dc00
00000001
00380000
00002400
30000000
22000030
00000003
005f0000
00000000
00000040
00000028
00000028
00000000
00000000
00000000
00000000
00000000
00000000
40000000
22000030
00000007
00000000
00000000
00000040
00000026
00000028
00000000
00000000
00340000
03032211
00000013
00000014
40000000
10000014
00000001
02340000
00000001
00012000
0006ae00
30000000
10000014
00000001
02340000
00000001
00092000
0006ae00
30000000
10000014
00000001
02340000
00000001
00112000
0006ae00
30000000
10000014
00000001
02340000
00000001
00192000
0006ae00
30000000
10000014
00000001
02340000
00000001
00212000
0006ae00
30000000
10000014
00000001
02340000
00000001
00292000
0006ae00
30000000
10000014
00000001
02340000
00000001
00312000
0006ae00
30000000
10000014
00000001
02340000
00000001
00392000
0006ae00
30000000
90000060
0000017c
00000907
000000ff
00000000
00001200
00000048
00000002
00000000
00000000
00000000
00000000
00000000
00000000
00000000
00000000
00000000
00000000
00000000
00000000
00000000
00000000
00000000
00000000
00000000
70000000
00000000
00000000
00000000
00000000
00000000
00000000
00000000
00000000
00000000
00000000
00000000
00000000
00000000
00000000
00000000
00000000
10000014
00000001
01000000
00000001
02340000
00002f80
30000000
10000014
00000001
01040000
00000001
02342f80
00002f80
30000000
10000014
00000001
01080000
00000001
02345f00
00002f80
30000000
10000014
00000001
010c0000
00000001
02348e80
00002f80
30000000
10000014
00000001
01100000
00000001
0234be00
00002f80
30000000
10000014
00000001
01140000
00000001
0234ed80
00002f80
30000000
10000014
00000001
01180000
00000001
02351d00
00002f80
30000000
10000014
00000001
011c0000
00000001
02354c80
00002f80
30000000
21000030
00000001
00340000
00000000
00000008
00000013
00000014
00000110
00000010
0066d000
00000040
00000000
00000000
40000000
21000030
00000001
00342f80
00000000
00000008
00000013
00000014
00000130
00000030
0066d020
00000040
00000000
00000000
40000000
21000030
00000001
00345f00
00000000
00000008
00000013
00000014
00000150
00000050
0066d040
00000040
00000000
00000000
40000000
21000030
00000001
00348e80
00000000
00000008
00000013
00000014
00000170
00000070
0066d060
00000040
00000000
00000000
40000000
21000030
00000001
0034be00
00000000
00000008
00000013
00000014
00000190
00000090
0066d080
00000040
00000000
00000000
40000000
21000030
00000001
0034ed80
00000000
00000008
00000013
00000014
000001b0
000000b0
0066d0a0
00000040
00000000
00000000
40000000
21000030
00000001
00351d00
00000000
00000008
00000013
00000014
000001d0
000000d0
0066d0c0
00000040
00000000
00000000
40000000
21000030
00000001
00354c80
00000000
00000008
00000013
00000014
000001f0
000000f0
0066d0e0
00000040
00000000
00000000
40000000
22000030
00000007
0002e400
00000000
00000040
00000003
00000028
00000000
00000000
00340000
03032201
00000001
00000014
40000000
10000014
00000001
02340000
00000001
00012000
00005a00
30000000
10000014
00000001
02340000
00000001
00092000
00005a00
30000000
10000014
00000001
02340000
00000001
00112000
00005a00
30000000
10000014
00000001
02340000
00000001
00192000
00005a00
30000000
10000014
00000001
02340000
00000001
00212000
00005a00
30000000
10000014
00000001
02340000
00000001
00292000
00005a00
30000000
10000014
00000001
02340000
00000001
00312000
00005a00
30000000
10000014
00000001
02340000
00000001
00392000
00005a00
30000000
90000060
00000014
00000907
000000ff
00000000
00001200
00000048
00000002
00000000
00000000
00000000
00000000
00000000
00000000
00000000
00000000
00000000
00000000
00000000
00000000
00000000
00000000
00000000
00000000
00000000
70000000
00000000
00000000
00000000
00000000
00000000
00000000
00000000
00000000
00000000
00000000
00000000
00000000
00000000
00000000
00000000
00000000
10000014
00000001
01000000
00000001
02340000
00000280
30000000
10000014
00000001
01040000
00000001
02340280
00000280
30000000
10000014
00000001
01080000
00000001
02340500
00000280
30000000
10000014
00000001
010c0000
00000001
02340780
00000280
30000000
10000014
00000001
01100000
00000001
02340a00
00000280
30000000
10000014
00000001
01140000
00000001
02340c80
00000280
30000000
10000014
00000001
01180000
00000001
02340f00
00000280
30000000
10000014
00000001
011c0000
00000001
02341180
00000280
30000000
21000030
00000001
00340000
00000000
00000008
00000001
00000014
00000110
00000010
00684c00
00000040
00000000
00000000
40000000
21000030
00000001
00340280
00000000
00000008
00000001
00000014
00000130
00000030
00684c20
00000040
00000000
00000000
40000000
21000030
00000001
00340500
00000000
00000008
00000001
00000014
00000150
00000050
00684c40
00000040
00000000
00000000
40000000
21000030
00000001
00340780
00000000
00000008
00000001
00000014
00000170
00000070
00684c60
00000040
00000000
00000000
40000000
21000030
00000001
00340a00
00000000
00000008
00000001
00000014
00000190
00000090
00684c80
00000040
00000000
00000000
40000000
21000030
00000001
00340c80
00000000
00000008
00000001
00000014
000001b0
000000b0
00684ca0
00000040
00000000
00000000
40000000
21000030
00000001
00340f00
00000000
00000008
00000001
00000014
000001d0
000000d0
00684cc0
00000040
00000000
00000000
40000000
21000030
00000001
00341180
00000000
00000008
00000001
00000014
000001f0
000000f0
00684ce0
00000040
00000000
00000000
40000000
a0000020
00000001
0266d000
00000001
02692800
00000040
00000100
00000200
00000190
30000000
a0000020
00000001
0266d040
00000001
02692840
00000040
00000100
00000200
00000190
30000000
a0000020
00000001
0266d080
00000001
02692880
00000040
00000100
00000200
00000190
30000000
a0000020
00000001
0266d0c0
00000001
026928c0
00000040
00000100
00000200
00000190
30000000
a0000020
00000001
02654000
00000001
02692900
00000040
00000100
00000200
00000190
30000000
a0000020
00000001
02654040
00000001
02692940
00000040
00000100
00000200
00000190
30000000
a0000020
00000001
02654080
00000001
02692980
00000040
00000100
00000200
00000190
30000000
a0000020
00000001
026540c0
00000001
026929c0
00000040
00000100
00000200
00000190
30000000
10000014
00000001
027c6f60
00000001
03000000
00000210
30000000
10000014
00000000
00460000
00000001
00000000
00000800
30000000
10000014
00000000
00460800
00000001
00080000
00000800
30000000
10000014
00000000
00461000
00000001
00100000
00000800
30000000
10000014
00000000
00461800
00000001
00180000
00000800
30000000
10000014
00000000
00462000
00000001
00200000
00000800
30000000
10000014
00000000
00462800
00000001
00280000
00000800
30000000
10000014
00000000
00463000
00000001
00300000
00000800
30000000
10000014
00000000
00463800
00000001
00380000
00000800
30000000
22000030
00000003
00692800
00000000
00000080
00000014
00000014
00000000
00000000
00654000
00000000
00000000
00000000
40000000
22000030
00000007
00654000
00000000
00000080
00000014
00000014
00000000
00000000
00340000
01011100
00000014
00000014
40000000
10000014
00000001
02340000
00000001
00004000
00019000
30000000
10000014
00000001
02340000
00000001
00084000
00019000
30000000
10000014
00000001
02340000
00000001
00104000
00019000
30000000
10000014
00000001
02340000
00000001
00184000
00019000
30000000
10000014
00000001
02340000
00000001
00204000
00019000
30000000
10000014
00000001
02340000
00000001
00284000
00019000
30000000
10000014
00000001
02340000
00000001
00304000
00019000
30000000
10000014
00000001
02340000
00000001
00384000
00019000
30000000
90000060
00000190
00000207
000000ff
00000000
00000400
00000010
00000002
00000000
00000000
00000000
00000000
00000000
00000000
00000000
00000000
00000000
00000000
00000000
00000000
00000000
00000000
00000000
00000000
00000000
70000000
00000000
00000000
00000000
00000000
00000000
00000000
00000000
00000000
00000000
00000000
00000000
00000000
00000000
00000000
00000000
00000000
10000014
00000001
01000000
00000001
02340000
00003200
30000000
10000014
00000001
01040000
00000001
02343200
00003200
30000000
10000014
00000001
01080000
00000001
02346400
00003200
30000000
10000014
00000001
010c0000
00000001
02349600
00003200
30000000
10000014
00000001
01100000
00000001
0234c800
00003200
30000000
10000014
00000001
01140000
00000001
0234fa00
00003200
30000000
10000014
00000001
01180000
00000001
02352c00
00003200
30000000
10000014
00000001
011c0000
00000001
02355e00
00003200
30000000
21000030
00000001
00340000
00000000
00000008
00000014
00000014
00000110
00000010
00000000
00000040
00000000
00000000
40000000
21000030
00000001
00343200
00000000
00000008
00000014
00000014
00000130
00000030
00000020
00000040
00000000
00000000
40000000
21000030
00000001
00346400
00000000
00000008
00000014
00000014
00000150
00000050
00000040
00000040
00000000
00000000
40000000
21000030
00000001
00349600
00000000
00000008
00000014
00000014
00000170
00000070
00000060
00000040
00000000
00000000
40000000
21000030
00000001
0034c800
00000000
00000008
00000014
00000014
00000190
00000090
00000080
00000040
00000000
00000000
40000000
21000030
00000001
0034fa00
00000000
00000008
00000014
00000014
000001b0
000000b0
000000a0
00000040
00000000
00000000
40000000
21000030
00000001
00352c00
00000000
00000008
00000014
00000014
000001d0
000000d0
000000c0
00000040
00000000
00000000
40000000
21000030
00000001
00355e00
00000000
00000008
00000014
00000014
000001f0
000000f0
000000e0
00000040
00000000
00000000
40000000
10000014
00000001
027c7170
00000001
03000000
00000210
30000000
10000014
00000000
00464000
00000001
00000000
00000400
30000000
10000014
00000000
00464400
00000001
00080000
00000400
30000000
10000014
00000000
00464800
00000001
00100000
00000400
30000000
10000014
00000000
00464c00
00000001
00180000
00000400
30000000
10000014
00000000
00465000
00000001
00200000
00000400
30000000
10000014
00000000
00465400
00000001
00280000
00000400
30000000
10000014
00000000
00465800
00000001
00300000
00000400
30000000
10000014
00000000
00465c00
00000001
00380000
00000400
30000000
22000030
00000003
00000000
00000000
00000040
00000014
00000014
00000000
00000000
00000000
00000000
00000000
00000000
40000000
22000030
00000007
00000000
00000000
00000040
00000014
00000014
00000000
00000000
00340000
01011100
00000014
00000014
40000000
10000014
00000001
02340000
00000001
00002000
0000c800
30000000
10000014
00000001
02340000
00000001
00082000
0000c800
30000000
10000014
00000001
02340000
00000001
00102000
0000c800
30000000
10000014
00000001
02340000
00000001
00182000
0000c800
30000000
10000014
00000001
02340000
00000001
00202000
0000c800
30000000
10000014
00000001
02340000
00000001
00282000
0000c800
30000000
10000014
00000001
02340000
00000001
00302000
0000c800
30000000
10000014
00000001
02340000
00000001
00382000
0000c800
30000000
90000060
00000190
00000107
000000ff
00000000
00000200
00000008
00000002
00000000
00000000
00000000
00000000
00000000
00000000
00000000
00000000
00000000
00000000
00000000
00000000
00000000
00000000
00000000
00000000
00000000
70000000
00000000
00000000
00000000
00000000
00000000
00000000
00000000
00000000
00000000
00000000
00000000
00000000
00000000
00000000
00000000
00000000
10000014
00000001
01000000
00000001
02340000
00003200
30000000
10000014
00000001
01040000
00000001
02343200
00003200
30000000
10000014
00000001
01080000
00000001
02346400
00003200
30000000
10000014
00000001
010c0000
00000001
02349600
00003200
30000000
10000014
00000001
01100000
00000001
0234c800
00003200
30000000
10000014
00000001
01140000
00000001
0234fa00
00003200
30000000
10000014
00000001
01180000
00000001
02352c00
00003200
30000000
10000014
00000001
011c0000
00000001
02355e00
00003200
30000000
21000030
00000001
00340000
00000000
00000008
00000014
00000014
00000110
00000010
001a0000
00000040
00000000
00000000
40000000
21000030
00000001
00343200
00000000
00000008
00000014
00000014
00000130
00000030
001a0020
00000040
00000000
00000000
40000000
21000030
00000001
00346400
00000000
00000008
00000014
00000014
00000150
00000050
001a0040
00000040
00000000
00000000
40000000
21000030
00000001
00349600
00000000
00000008
00000014
00000014
00000170
00000070
001a0060
00000040
00000000
00000000
40000000
21000030
00000001
0034c800
00000000
00000008
00000014
00000014
00000190
00000090
001a0080
00000040
00000000
00000000
40000000
21000030
00000001
0034fa00
00000000
00000008
00000014
00000014
000001b0
000000b0
001a00a0
00000040
00000000
00000000
40000000
21000030
00000001
00352c00
00000000
00000008
00000014
00000014
000001d0
000000d0
001a00c0
00000040
00000000
00000000
40000000
21000030
00000001
00355e00
00000000
00000008
00000014
00000014
000001f0
000000f0
001a00e0
00000040
00000000
00000000
40000000
10000014
00000001
027c7380
00000001
03000000
00000210
30000000
10000014
00000000
00466000
00000001
00000000
00002400
30000000
10000014
00000000
00468400
00000001
00080000
00002400
30000000
10000014
00000000
0046a800
00000001
00100000
00002400
30000000
10000014
00000000
0046cc00
00000001
00180000
00002400
30000000
10000014
00000000
0046f000
00000001
00200000
00002400
30000000
10000014
00000000
00471400
00000001
00280000
00002400
30000000
10000014
00000000
00473800
00000001
00300000
00002400
30000000
10000014
00000000
00475c00
00000001
00380000
00002400
30000000
22000030
00000003
001a0000
00000000
00000040
00000014
00000014
00000000
00000000
001a0000
00000000
00000000
00000000
40000000
22000030
00000007
001a0000
00000000
00000040
00000014
00000014
00000000
00000000
00340000
03031111
00000013
00000014
40000000
10000014
00000001
02340000
00000001
00012000
0006ae00
30000000
10000014
00000001
02340000
00000001
00092000
0006ae00
30000000
10000014
00000001
02340000
00000001
00112000
0006ae00
30000000
10000014
00000001
02340000
00000001
00192000
0006ae00
30000000
10000014
00000001
02340000
00000001
00212000
0006ae00
30000000
10000014
00000001
02340000
00000001
00292000
0006ae00
30000000
10000014
00000001
02340000
00000001
00312000
0006ae00
30000000
10000014
00000001
02340000
00000001
00392000
0006ae00
30000000
90000060
0000017c
00000907
000000ff
00000000
00001200
00000048
00000002
00000000
00000000
00000000
00000000
00000000
00000000
00000000
00000000
00000000
00000000
00000000
00000000
00000000
00000000
00000000
00000000
00000000
70000000
00000000
00000000
00000000
00000000
00000000
00000000
00000000
00000000
00000000
00000000
00000000
00000000
00000000
00000000
00000000
00000000
10000014
00000001
01000000
00000001
02340000
00002f80
30000000
10000014
00000001
01040000
00000001
02342f80
00002f80
30000000
10000014
00000001
01080000
00000001
02345f00
00002f80
30000000
10000014
00000001
010c0000
00000001
02348e80
00002f80
30000000
10000014
00000001
01100000
00000001
0234be00
00002f80
30000000
10000014
00000001
01140000
00000001
0234ed80
00002f80
30000000
10000014
00000001
01180000
00000001
02351d00
00002f80
30000000
10000014
00000001
011c0000
00000001
02354c80
00002f80
30000000
21000030
00000001
00340000
00000000
00000008
00000013
00000014
00000110
00000010
00654000
00000040
00000000
00000000
40000000
21000030
00000001
00342f80
00000000
00000008
00000013
00000014
00000130
00000030
00654020
00000040
00000000
00000000
40000000
21000030
00000001
00345f00
00000000
00000008
00000013
00000014
00000150
00000050
00654040
00000040
00000000
00000000
40000000
21000030
00000001
00348e80
00000000
00000008
00000013
00000014
00000170
00000070
00654060
00000040
00000000
00000000
40000000
21000030
00000001
0034be00
00000000
00000008
00000013
00000014
00000190
00000090
00654080
00000040
00000000
00000000
40000000
21000030
00000001
0034ed80
00000000
00000008
00000013
00000014
000001b0
000000b0
006540a0
00000040
00000000
00000000
40000000
21000030
00000001
00351d00
00000000
00000008
00000013
00000014
000001d0
000000d0
006540c0
00000040
00000000
00000000
40000000
21000030
00000001
00354c80
00000000
00000008
00000013
00000014
000001f0
000000f0
006540e0
00000040
00000000
00000000
40000000
22000030
00000007
001ab400
00000000
00000040
00000002
00000014
00000000
00000000
00340000
03031101
00000001
00000014
40000000
10000014
00000001
02340000
00000001
00012000
00005a00
30000000
10000014
00000001
02340000
00000001
00092000
00005a00
30000000
10000014
00000001
02340000
00000001
00112000
00005a00
30000000
10000014
00000001
02340000
00000001
00192000
00005a00
30000000
10000014
00000001
02340000
00000001
00212000
00005a00
30000000
10000014
00000001
02340000
00000001
00292000
00005a00
30000000
10000014
00000001
02340000
00000001
00312000
00005a00
30000000
10000014
00000001
02340000
00000001
00392000
00005a00
30000000
90000060
00000014
00000907
000000ff
00000000
00001200
00000048
00000002
00000000
00000000
00000000
00000000
00000000
00000000
00000000
00000000
00000000
00000000
00000000
00000000
00000000
00000000
00000000
00000000
00000000
70000000
00000000
00000000
00000000
00000000
00000000
00000000
00000000
00000000
00000000
00000000
00000000
00000000
00000000
00000000
00000000
00000000
10000014
00000001
01000000
00000001
02340000
00000280
30000000
10000014
00000001
01040000
00000001
02340280
00000280
30000000
10000014
00000001
01080000
00000001
02340500
00000280
30000000
10000014
00000001
010c0000
00000001
02340780
00000280
30000000
10000014
00000001
01100000
00000001
02340a00
00000280
30000000
10000014
00000001
01140000
00000001
02340c80
00000280
30000000
10000014
00000001
01180000
00000001
02340f00
00000280
30000000
10000014
00000001
011c0000
00000001
02341180
00000280
30000000
21000030
00000001
00340000
00000000
00000008
00000001
00000014
00000110
00000010
0066bc00
00000040
00000000
00000000
40000000
21000030
00000001
00340280
00000000
00000008
00000001
00000014
00000130
00000030
0066bc20
00000040
00000000
00000000
40000000
21000030
00000001
00340500
00000000
00000008
00000001
00000014
00000150
00000050
0066bc40
00000040
00000000
00000000
40000000
21000030
00000001
00340780
00000000
00000008
00000001
00000014
00000170
00000070
0066bc60
00000040
00000000
00000000
40000000
21000030
00000001
00340a00
00000000
00000008
00000001
00000014
00000190
00000090
0066bc80
00000040
00000000
00000000
40000000
21000030
00000001
00340c80
00000000
00000008
00000001
00000014
000001b0
000000b0
0066bca0
00000040
00000000
00000000
40000000
21000030
00000001
00340f00
00000000
00000008
00000001
00000014
000001d0
000000d0
0066bcc0
00000040
00000000
00000000
40000000
21000030
00000001
00341180
00000000
00000008
00000001
00000014
000001f0
000000f0
0066bce0
00000040
00000000
00000000
40000000
10000014
00000001
027c7590
00000001
03000000
00000210
30000000
10000014
00000000
00478000
00000001
00000000
00000800
30000000
10000014
00000000
00478800
00000001
00080000
00000800
30000000
10000014
00000000
00479000
00000001
00100000
00000800
30000000
10000014
00000000
00479800
00000001
00180000
00000800
30000000
10000014
00000000
0047a000
00000001
00200000
00000800
30000000
10000014
00000000
0047a800
00000001
00280000
00000800
30000000
10000014
00000000
0047b000
00000001
00300000
00000800
30000000
10000014
00000000
0047b800
00000001
00380000
00000800
30000000
22000030
00000003
00692800
00000000
00000080
00000014
00000014
00000000
00000000
00000000
00000000
00000000
00000000
40000000
22000030
00000007
00000000
00000000
00000080
00000014
00000014
00000000
00000000
00340000
01011100
00000014
00000014
40000000
10000014
00000001
02340000
00000001
00004000
00019000
30000000
10000014
00000001
02340000
00000001
00084000
00019000
30000000
10000014
00000001
02340000
00000001
00104000
00019000
30000000
10000014
00000001
02340000
00000001
00184000
00019000
30000000
10000014
00000001
02340000
00000001
00204000
00019000
30000000
10000014
00000001
02340000
00000001
00284000
00019000
30000000
10000014
00000001
02340000
00000001
00304000
00019000
30000000
10000014
00000001
02340000
00000001
00384000
00019000
30000000
90000060
00000190
00000207
000000ff
00000000
00000400
00000010
00000002
00000000
00000000
00000000
00000000
00000000
00000000
00000000
00000000
00000000
00000000
00000000
00000000
00000000
00000000
00000000
00000000
00000000
70000000
00000000
00000000
00000000
00000000
00000000
00000000
00000000
00000000
00000000
00000000
00000000
00000000
00000000
00000000
00000000
00000000
10000014
00000001
01000000
00000001
02340000
00003200
30000000
10000014
00000001
01040000
00000001
02343200
00003200
30000000
10000014
00000001
01080000
00000001
02346400
00003200
30000000
10000014
00000001
010c0000
00000001
02349600
00003200
30000000
10000014
00000001
01100000
00000001
0234c800
00003200
30000000
10000014
00000001
01140000
00000001
0234fa00
00003200
30000000
10000014
00000001
01180000
00000001
02352c00
00003200
30000000
10000014
00000001
011c0000
00000001
02355e00
00003200
30000000
21000030
00000001
00340000
00000000
00000008
00000014
00000014
00000110
00000010
0066d000
00000040
00000000
00000000
40000000
21000030
00000001
00343200
00000000
00000008
00000014
00000014
00000130
00000030
0066d020
00000040
00000000
00000000
40000000
21000030
00000001
00346400
00000000
00000008
00000014
00000014
00000150
00000050
0066d040
00000040
00000000
00000000
40000000
21000030
00000001
00349600
00000000
00000008
00000014
00000014
00000170
00000070
0066d060
00000040
00000000
00000000
40000000
21000030
00000001
0034c800
00000000
00000008
00000014
00000014
00000190
00000090
0066d080
00000040
00000000
00000000
40000000
21000030
00000001
0034fa00
00000000
00000008
00000014
00000014
000001b0
000000b0
0066d0a0
00000040
00000000
00000000
40000000
21000030
00000001
00352c00
00000000
00000008
00000014
00000014
000001d0
000000d0
0066d0c0
00000040
00000000
00000000
40000000
21000030
00000001
00355e00
00000000
00000008
00000014
00000014
000001f0
000000f0
0066d0e0
00000040
00000000
00000000
40000000
a0000020
00000001
02654000
00000001
02000000
00000040
00000100
00000200
00000190
30000000
a0000020
00000001
02654040
00000001
02000040
00000040
00000100
00000200
00000190
30000000
a0000020
00000001
02654080
00000001
02000080
00000040
00000100
00000200
00000190
30000000
a0000020
00000001
026540c0
00000001
020000c0
00000040
00000100
00000200
00000190
30000000
a0000020
00000001
0266d000
00000001
02000100
00000040
00000100
00000200
00000190
30000000
a0000020
00000001
0266d040
00000001
02000140
00000040
00000100
00000200
00000190
30000000
a0000020
00000001
0266d080
00000001
02000180
00000040
00000100
00000200
00000190
30000000
a0000020
00000001
0266d0c0
00000001
020001c0
00000040
00000100
00000200
00000190
30000000
10000014
00000001
027c77a0
00000001
03000000
00000410
30000000
10000014
00000000
0047c000
00000001
00000000
00000800
30000000
10000014
00000000
0047c800
00000001
00080000
00000800
30000000
10000014
00000000
0047d000
00000001
00100000
00000800
30000000
10000014
00000000
0047d800
00000001
00180000
00000800
30000000
10000014
00000000
0047e000
00000001
00200000
00000800
30000000
10000014
00000000
0047e800
00000001
00280000
00000800
30000000
10000014
00000000
0047f000
00000001
00300000
00000800
30000000
10000014
00000000
0047f800
00000001
00380000
00000800
30000000
22000030
00000003
00000000
00000000
00000080
00000014
00000014
00000000
00000000
00000000
00000000
00000000
00000000
40000000
22000030
00000007
00000000
00000000
00000080
00000014
00000014
00000000
00000000
00340000
01011100
00000014
00000014
40000000
10000014
00000001
02340000
00000001
00004000
00019000
30000000
10000014
00000001
02340000
00000001
00084000
00019000
30000000
10000014
00000001
02340000
00000001
00104000
00019000
30000000
10000014
00000001
02340000
00000001
00184000
00019000
30000000
10000014
00000001
02340000
00000001
00204000
00019000
30000000
10000014
00000001
02340000
00000001
00284000
00019000
30000000
10000014
00000001
02340000
00000001
00304000
00019000
30000000
10000014
00000001
02340000
00000001
00384000
00019000
30000000
90000060
00000190
00000207
000000ff
00000000
00000400
00000010
00000002
00000000
00000000
00000000
00000000
00000000
00000000
00000000
00000000
00000000
00000000
00000000
00000000
00000000
00000000
00000000
00000000
00000000
70000000
00000000
00000000
00000000
00000000
00000000
00000000
00000000
00000000
00000000
00000000
00000000
00000000
00000000
00000000
00000000
00000000
10000014
00000001
01000000
00000001
02340000
00003200
30000000
10000014
00000001
01040000
00000001
02343200
00003200
30000000
10000014
00000001
01080000
00000001
02346400
00003200
30000000
10000014
00000001
010c0000
00000001
02349600
00003200
30000000
10000014
00000001
01100000
00000001
0234c800
00003200
30000000
10000014
00000001
01140000
00000001
0234fa00
00003200
30000000
10000014
00000001
01180000
00000001
02352c00
00003200
30000000
10000014
00000001
011c0000
00000001
02355e00
00003200
30000000
21000030
00000001
00340000
00000000
00000008
00000014
00000014
00000210
00000010
00654000
00000080
00000000
00000000
40000000
21000030
00000001
00343200
00000000
00000008
00000014
00000014
00000230
00000030
00654020
00000080
00000000
00000000
40000000
21000030
00000001
00346400
00000000
00000008
00000014
00000014
00000250
00000050
00654040
00000080
00000000
00000000
40000000
21000030
00000001
00349600
00000000
00000008
00000014
00000014
00000270
00000070
00654060
00000080
00000000
00000000
40000000
21000030
00000001
0034c800
00000000
00000008
00000014
00000014
00000290
00000090
00654080
00000080
00000000
00000000
40000000
21000030
00000001
0034fa00
00000000
00000008
00000014
00000014
000002b0
000000b0
006540a0
00000080
00000000
00000000
40000000
21000030
00000001
00352c00
00000000
00000008
00000014
00000014
000002d0
000000d0
006540c0
00000080
00000000
00000000
40000000
21000030
00000001
00355e00
00000000
00000008
00000014
00000014
000002f0
000000f0
006540e0
00000080
00000000
00000000
40000000
10000014
00000001
027c77a0
00000001
03000000
00000410
30000000
10000014
00000000
00480000
00000001
00000000
00000800
30000000
10000014
00000000
00480800
00000001
00080000
00000800
30000000
10000014
00000000
00481000
00000001
00100000
00000800
30000000
10000014
00000000
00481800
00000001
00180000
00000800
30000000
10000014
00000000
00482000
00000001
00200000
00000800
30000000
10000014
00000000
00482800
00000001
00280000
00000800
30000000
10000014
00000000
00483000
00000001
00300000
00000800
30000000
10000014
00000000
00483800
00000001
00380000
00000800
30000000
22000030
00000007
00000000
00000000
00000080
00000014
00000014
00000000
00000000
00340000
01011100
00000014
00000014
40000000
10000014
00000001
02340000
00000001
00004000
00019000
30000000
10000014
00000001
02340000
00000001
00084000
00019000
30000000
10000014
00000001
02340000
00000001
00104000
00019000
30000000
10000014
00000001
02340000
00000001
00184000
00019000
30000000
10000014
00000001
02340000
00000001
00204000
00019000
30000000
10000014
00000001
02340000
00000001
00284000
00019000
30000000
10000014
00000001
02340000
00000001
00304000
00019000
30000000
10000014
00000001
02340000
00000001
00384000
00019000
30000000
90000060
00000190
00000207
000000ff
00000000
00000400
00000010
00000002
00000000
00000000
00000000
00000000
00000000
00000000
00000000
00000000
00000000
00000000
00000000
00000000
00000000
00000000
00000000
00000000
00000000
70000000
00000000
00000000
00000000
00000000
00000000
00000000
00000000
00000000
00000000
00000000
00000000
00000000
00000000
00000000
00000000
00000000
10000014
00000001
01000000
00000001
02340000
00003200
30000000
10000014
00000001
01040000
00000001
02343200
00003200
30000000
10000014
00000001
01080000
00000001
02346400
00003200
30000000
10000014
00000001
010c0000
00000001
02349600
00003200
30000000
10000014
00000001
01100000
00000001
0234c800
00003200
30000000
10000014
00000001
01140000
00000001
0234fa00
00003200
30000000
10000014
00000001
01180000
00000001
02352c00
00003200
30000000
10000014
00000001
011c0000
00000001
02355e00
00003200
30000000
21000030
00000001
00340000
00000000
00000008
00000014
00000014
00000310
00000110
00654100
00000080
00000000
00000000
40000000
21000030
00000001
00343200
00000000
00000008
00000014
00000014
00000330
00000130
00654120
00000080
00000000
00000000
40000000
21000030
00000001
00346400
00000000
00000008
00000014
00000014
00000350
00000150
00654140
00000080
00000000
00000000
40000000
21000030
00000001
00349600
00000000
00000008
00000014
00000014
00000370
00000170
00654160
00000080
00000000
00000000
40000000
21000030
00000001
0034c800
00000000
00000008
00000014
00000014
00000390
00000190
00654180
00000080
00000000
00000000
40000000
21000030
00000001
0034fa00
00000000
00000008
00000014
00000014
000003b0
000001b0
006541a0
00000080
00000000
00000000
40000000
21000030
00000001
00352c00
00000000
00000008
00000014
00000014
000003d0
000001d0
006541c0
00000080
00000000
00000000
40000000
21000030
00000001
00355e00
00000000
00000008
00000014
00000014
000003f0
000001f0
006541e0
00000080
00000000
00000000
40000000
10000014
00000001
027c7bb0
00000001
03000000
00000410
30000000
10000014
00000000
00484000
00000001
00000000
00004800
30000000
10000014
00000000
00488800
00000001
00080000
00004800
30000000
10000014
00000000
0048d000
00000001
00100000
00004800
30000000
10000014
00000000
00491800
00000001
00180000
00004800
30000000
10000014
00000000
00496000
00000001
00200000
00004800
30000000
10000014
00000000
0049a800
00000001
00280000
00004800
30000000
10000014
00000000
0049f000
00000001
00300000
00004800
30000000
10000014
00000000
004a3800
00000001
00380000
00004800
30000000
22000030
00000003
00654000
00000000
00000080
00000014
00000014
00000000
00000000
00000000
00000000
00000000
00000000
40000000
22000030
00000007
00000000
00000000
00000080
00000014
00000014
00000000
00000000
00340000
03032211
0000000a
0000000a
40000000
10000014
00000001
02340000
00000001
00024000
00038400
30000000
10000014
00000001
02340000
00000001
000a4000
00038400
30000000
10000014
00000001
02340000
00000001
00124000
00038400
30000000
10000014
00000001
02340000
00000001
001a4000
00038400
30000000
10000014
00000001
02340000
00000001
00224000
00038400
30000000
10000014
00000001
02340000
00000001
002a4000
00038400
30000000
10000014
00000001
02340000
00000001
00324000
00038400
30000000
10000014
00000001
02340000
00000001
003a4000
00038400
30000000
90000060
00000064
00001207
000000ff
00000000
00002400
00000090
00000002
00000000
00000000
00000000
00000000
00000000
00000000
00000000
00000000
00000000
00000000
00000000
00000000
00000000
00000000
00000000
00000000
00000000
70000000
00000000
00000000
00000000
00000000
00000000
00000000
00000000
00000000
00000000
00000000
00000000
00000000
00000000
00000000
00000000
00000000
10000014
00000001
01000000
00000001
02340000
00000c80
30000000
10000014
00000001
01040000
00000001
02340c80
00000c80
30000000
10000014
00000001
01080000
00000001
02341900
00000c80
30000000
10000014
00000001
010c0000
00000001
02342580
00000c80
30000000
10000014
00000001
01100000
00000001
02343200
00000c80
30000000
10000014
00000001
01140000
00000001
02343e80
00000c80
30000000
10000014
00000001
01180000
00000001
02344b00
00000c80
30000000
10000014
00000001
011c0000
00000001
02345780
00000c80
30000000
21000030
00000001
00340000
00000000
00000008
0000000a
0000000a
00000210
00000010
00692800
00000080
00000000
00000000
40000000
21000030
00000001
00340c80
00000000
00000008
0000000a
0000000a
00000230
00000030
00692820
00000080
00000000
00000000
40000000
21000030
00000001
00341900
00000000
00000008
0000000a
0000000a
00000250
00000050
00692840
00000080
00000000
00000000
40000000
21000030
00000001
00342580
00000000
00000008
0000000a
0000000a
00000270
00000070
00692860
00000080
00000000
00000000
40000000
21000030
00000001
00343200
00000000
00000008
0000000a
0000000a
00000290
00000090
00692880
00000080
00000000
00000000
40000000
21000030
00000001
00343e80
00000000
00000008
0000000a
0000000a
000002b0
000000b0
006928a0
00000080
00000000
00000000
40000000
21000030
00000001
00344b00
00000000
00000008
0000000a
0000000a
000002d0
000000d0
006928c0
00000080
00000000
00000000
40000000
21000030
00000001
00345780
00000000
00000008
0000000a
0000000a
000002f0
000000f0
006928e0
00000080
00000000
00000000
40000000
10000014
00000001
027c7bb0
00000001
03000000
00000410
30000000
10000014
00000000
004a8000
00000001
00000000
00004800
30000000
10000014
00000000
004ac800
00000001
00080000
00004800
30000000
10000014
00000000
004b1000
00000001
00100000
00004800
30000000
10000014
00000000
004b5800
00000001
00180000
00004800
30000000
10000014
00000000
004ba000
00000001
00200000
00004800
30000000
10000014
00000000
004be800
00000001
00280000
00004800
30000000
10000014
00000000
004c3000
00000001
00300000
00004800
30000000
10000014
00000000
004c7800
00000001
00380000
00004800
30000000
22000030
00000007
00000000
00000000
00000080
00000014
00000014
00000000
00000000
00340000
03032211
0000000a
0000000a
40000000
10000014
00000001
02340000
00000001
00024000
00038400
30000000
10000014
00000001
02340000
00000001
000a4000
00038400
30000000
10000014
00000001
02340000
00000001
00124000
00038400
30000000
10000014
00000001
02340000
00000001
001a4000
00038400
30000000
10000014
00000001
02340000
00000001
00224000
00038400
30000000
10000014
00000001
02340000
00000001
002a4000
00038400
30000000
10000014
00000001
02340000
00000001
00324000
00038400
30000000
10000014
00000001
02340000
00000001
003a4000
00038400
30000000
90000060
00000064
00001207
000000ff
00000000
00002400
00000090
00000002
00000000
00000000
00000000
00000000
00000000
00000000
00000000
00000000
00000000
00000000
00000000
00000000
00000000
00000000
00000000
00000000
00000000
70000000
00000000
00000000
00000000
00000000
00000000
00000000
00000000
00000000
00000000
00000000
00000000
00000000
00000000
00000000
00000000
00000000
10000014
00000001
01000000
00000001
02340000
00000c80
30000000
10000014
00000001
01040000
00000001
02340c80
00000c80
30000000
10000014
00000001
01080000
00000001
02341900
00000c80
30000000
10000014
00000001
010c0000
00000001
02342580
00000c80
30000000
10000014
00000001
01100000
00000001
02343200
00000c80
30000000
10000014
00000001
01140000
00000001
02343e80
00000c80
30000000
10000014
00000001
01180000
00000001
02344b00
00000c80
30000000
10000014
00000001
011c0000
00000001
02345780
00000c80
30000000
21000030
00000001
00340000
00000000
00000008
0000000a
0000000a
00000310
00000110
00692900
00000080
00000000
00000000
40000000
21000030
00000001
00340c80
00000000
00000008
0000000a
0000000a
00000330
00000130
00692920
00000080
00000000
00000000
40000000
21000030
00000001
00341900
00000000
00000008
0000000a
0000000a
00000350
00000150
00692940
00000080
00000000
00000000
40000000
21000030
00000001
00342580
00000000
00000008
0000000a
0000000a
00000370
00000170
00692960
00000080
00000000
00000000
40000000
21000030
00000001
00343200
00000000
00000008
0000000a
0000000a
00000390
00000190
00692980
00000080
00000000
00000000
40000000
21000030
00000001
00343e80
00000000
00000008
0000000a
0000000a
000003b0
000001b0
006929a0
00000080
00000000
00000000
40000000
21000030
00000001
00344b00
00000000
00000008
0000000a
0000000a
000003d0
000001d0
006929c0
00000080
00000000
00000000
40000000
21000030
00000001
00345780
00000000
00000008
0000000a
0000000a
000003f0
000001f0
006929e0
00000080
00000000
00000000
40000000
a0000020
00000001
02692800
00000001
0269f000
00000040
00000200
00000400
00000064
30000000
a0000020
00000001
02692840
00000001
0269f040
00000040
00000200
00000400
00000064
30000000
a0000020
00000001
02692880
00000001
0269f080
00000040
00000200
00000400
00000064
30000000
a0000020
00000001
026928c0
00000001
0269f0c0
00000040
00000200
00000400
00000064
30000000
a0000020
00000001
02692900
00000001
0269f100
00000040
00000200
00000400
00000064
30000000
a0000020
00000001
02692940
00000001
0269f140
00000040
00000200
00000400
00000064
30000000
a0000020
00000001
02692980
00000001
0269f180
00000040
00000200
00000400
00000064
30000000
a0000020
00000001
026929c0
00000001
0269f1c0
00000040
00000200
00000400
00000064
30000000
a0000020
00000001
02686000
00000001
0269f200
00000040
00000200
00000400
00000064
30000000
a0000020
00000001
02686040
00000001
0269f240
00000040
00000200
00000400
00000064
30000000
a0000020
00000001
02686080
00000001
0269f280
00000040
00000200
00000400
00000064
30000000
a0000020
00000001
026860c0
00000001
0269f2c0
00000040
00000200
00000400
00000064
30000000
a0000020
00000001
02686100
00000001
0269f300
00000040
00000200
00000400
00000064
30000000
a0000020
00000001
02686140
00000001
0269f340
00000040
00000200
00000400
00000064
30000000
a0000020
00000001
02686180
00000001
0269f380
00000040
00000200
00000400
00000064
30000000
a0000020
00000001
026861c0
00000001
0269f3c0
00000040
00000200
00000400
00000064
30000000
10000014
00000001
027c7fc0
00000001
03000000
00000410
30000000
10000014
00000000
004cc000
00000001
00000000
00001000
30000000
10000014
00000000
004cd000
00000001
00080000
00001000
30000000
10000014
00000000
004ce000
00000001
00100000
00001000
30000000
10000014
00000000
004cf000
00000001
00180000
00001000
30000000
10000014
00000000
004d0000
00000001
00200000
00001000
30000000
10000014
00000000
004d1000
00000001
00280000
00001000
30000000
10000014
00000000
004d2000
00000001
00300000
00001000
30000000
10000014
00000000
004d3000
00000001
00380000
00001000
30000000
22000030
00000003
0069f000
00000000
00000100
0000000a
0000000a
00000000
00000000
00686000
00000000
00000000
00000000
40000000
22000030
00000007
00686000
00000000
00000100
0000000a
0000000a
00000000
00000000
00340000
01011100
0000000a
0000000a
40000000
10000014
00000001
02340000
00000001
00008000
0000c800
30000000
10000014
00000001
02340000
00000001
00088000
0000c800
30000000
10000014
00000001
02340000
00000001
00108000
0000c800
30000000
10000014
00000001
02340000
00000001
00188000
0000c800
30000000
10000014
00000001
02340000
00000001
00208000
0000c800
30000000
10000014
00000001
02340000
00000001
00288000
0000c800
30000000
10000014
00000001
02340000
00000001
00308000
0000c800
30000000
10000014
00000001
02340000
00000001
00388000
0000c800
30000000
90000060
00000064
00000407
000000ff
00000000
00000800
00000020
00000002
00000000
00000000
00000000
00000000
00000000
00000000
00000000
00000000
00000000
00000000
00000000
00000000
00000000
00000000
00000000
00000000
00000000
70000000
00000000
00000000
00000000
00000000
00000000
00000000
00000000
00000000
00000000
00000000
00000000
00000000
00000000
00000000
00000000
00000000
10000014
00000001
01000000
00000001
02340000
00000c80
30000000
10000014
00000001
01040000
00000001
02340c80
00000c80
30000000
10000014
00000001
01080000
00000001
02341900
00000c80
30000000
10000014
00000001
010c0000
00000001
02342580
00000c80
30000000
10000014
00000001
01100000
00000001
02343200
00000c80
30000000
10000014
00000001
01140000
00000001
02343e80
00000c80
30000000
10000014
00000001
01180000
00000001
02344b00
00000c80
30000000
10000014
00000001
011c0000
00000001
02345780
00000c80
30000000
21000030
00000001
00340000
00000000
00000008
0000000a
0000000a
00000210
00000010
00000000
00000080
00000000
00000000
40000000
21000030
00000001
00340c80
00000000
00000008
0000000a
0000000a
00000230
00000030
00000020
00000080
00000000
00000000
40000000
21000030
00000001
00341900
00000000
00000008
0000000a
0000000a
00000250
00000050
00000040
00000080
00000000
00000000
40000000
21000030
00000001
00342580
00000000
00000008
0000000a
0000000a
00000270
00000070
00000060
00000080
00000000
00000000
40000000
21000030
00000001
00343200
00000000
00000008
0000000a
0000000a
00000290
00000090
00000080
00000080
00000000
00000000
40000000
21000030
00000001
00343e80
00000000
00000008
0000000a
0000000a
000002b0
000000b0
000000a0
00000080
00000000
00000000
40000000
21000030
00000001
00344b00
00000000
00000008
0000000a
0000000a
000002d0
000000d0
000000c0
00000080
00000000
00000000
40000000
21000030
00000001
00345780
00000000
00000008
0000000a
0000000a
000002f0
000000f0
000000e0
00000080
00000000
00000000
40000000
10000014
00000001
027c7fc0
00000001
03000000
00000410
30000000
10000014
00000000
004d4000
00000001
00000000
00001000
30000000
10000014
00000000
004d5000
00000001
00080000
00001000
30000000
10000014
00000000
004d6000
00000001
00100000
00001000
30000000
10000014
00000000
004d7000
00000001
00180000
00001000
30000000
10000014
00000000
004d8000
00000001
00200000
00001000
30000000
10000014
00000000
004d9000
00000001
00280000
00001000
30000000
10000014
00000000
004da000
00000001
00300000
00001000
30000000
10000014
00000000
004db000
00000001
00380000
00001000
30000000
22000030
00000007
00686000
00000000
00000100
0000000a
0000000a
00000000
00000000
00340000
01011100
0000000a
0000000a
40000000
10000014
00000001
02340000
00000001
00008000
0000c800
30000000
10000014
00000001
02340000
00000001
00088000
0000c800
30000000
10000014
00000001
02340000
00000001
00108000
0000c800
30000000
10000014
00000001
02340000
00000001
00188000
0000c800
30000000
10000014
00000001
02340000
00000001
00208000
0000c800
30000000
10000014
00000001
02340000
00000001
00288000
0000c800
30000000
10000014
00000001
02340000
00000001
00308000
0000c800
30000000
10000014
00000001
02340000
00000001
00388000
0000c800
30000000
90000060
00000064
00000407
000000ff
00000000
00000800
00000020
00000002
00000000
00000000
00000000
00000000
00000000
00000000
00000000
00000000
00000000
00000000
00000000
00000000
00000000
00000000
00000000
00000000
00000000
70000000
00000000
00000000
00000000
00000000
00000000
00000000
00000000
00000000
00000000
00000000
00000000
00000000
00000000
00000000
00000000
00000000
10000014
00000001
01000000
00000001
02340000
00000c80
30000000
10000014
00000001
01040000
00000001
02340c80
00000c80
30000000
10000014
00000001
01080000
00000001
02341900
00000c80
30000000
10000014
00000001
010c0000
00000001
02342580
00000c80
30000000
10000014
00000001
01100000
00000001
02343200
00000c80
30000000
10000014
00000001
01140000
00000001
02343e80
00000c80
30000000
10000014
00000001
01180000
00000001
02344b00
00000c80
30000000
10000014
00000001
011c0000
00000001
02345780
00000c80
30000000
21000030
00000001
00340000
00000000
00000008
0000000a
0000000a
00000310
00000110
00000100
00000080
00000000
00000000
40000000
21000030
00000001
00340c80
00000000
00000008
0000000a
0000000a
00000330
00000130
00000120
00000080
00000000
00000000
40000000
21000030
00000001
00341900
00000000
00000008
0000000a
0000000a
00000350
00000150
00000140
00000080
00000000
00000000
40000000
21000030
00000001
00342580
00000000
00000008
0000000a
0000000a
00000370
00000170
00000160
00000080
00000000
00000000
40000000
21000030
00000001
00343200
00000000
00000008
0000000a
0000000a
00000390
00000190
00000180
00000080
00000000
00000000
40000000
21000030
00000001
00343e80
00000000
00000008
0000000a
0000000a
000003b0
000001b0
000001a0
00000080
00000000
00000000
40000000
21000030
00000001
00344b00
00000000
00000008
0000000a
0000000a
000003d0
000001d0
000001c0
00000080
00000000
00000000
40000000
21000030
00000001
00345780
00000000
00000008
0000000a
0000000a
000003f0
000001f0
000001e0
00000080
00000000
00000000
40000000
10000014
00000001
027c83d0
00000001
03000000
00000410
30000000
10000014
00000000
004dc000
00000001
00000000
00000800
30000000
10000014
00000000
004dc800
00000001
00080000
00000800
30000000
10000014
00000000
004dd000
00000001
00100000
00000800
30000000
10000014
00000000
004dd800
00000001
00180000
00000800
30000000
10000014
00000000
004de000
00000001
00200000
00000800
30000000
10000014
00000000
004de800
00000001
00280000
00000800
30000000
10000014
00000000
004df000
00000001
00300000
00000800
30000000
10000014
00000000
004df800
00000001
00380000
00000800
30000000
22000030
00000003
00000000
00000000
00000080
0000000a
0000000a
00000000
00000000
00000000
00000000
00000000
00000000
40000000
22000030
00000007
00000000
00000000
00000080
0000000a
0000000a
00000000
00000000
00340000
01011100
0000000a
0000000a
40000000
10000014
00000001
02340000
00000001
00004000
00006400
30000000
10000014
00000001
02340000
00000001
00084000
00006400
30000000
10000014
00000001
02340000
00000001
00104000
00006400
30000000
10000014
00000001
02340000
00000001
00184000
00006400
30000000
10000014
00000001
02340000
00000001
00204000
00006400
30000000
10000014
00000001
02340000
00000001
00284000
00006400
30000000
10000014
00000001
02340000
00000001
00304000
00006400
30000000
10000014
00000001
02340000
00000001
00384000
00006400
30000000
90000060
00000064
00000207
000000ff
00000000
00000400
00000010
00000002
00000000
00000000
00000000
00000000
00000000
00000000
00000000
00000000
00000000
00000000
00000000
00000000
00000000
00000000
00000000
00000000
00000000
70000000
00000000
00000000
00000000
00000000
00000000
00000000
00000000
00000000
00000000
00000000
00000000
00000000
00000000
00000000
00000000
00000000
10000014
00000001
01000000
00000001
02340000
00000c80
30000000
10000014
00000001
01040000
00000001
02340c80
00000c80
30000000
10000014
00000001
01080000
00000001
02341900
00000c80
30000000
10000014
00000001
010c0000
00000001
02342580
00000c80
30000000
10000014
00000001
01100000
00000001
02343200
00000c80
30000000
10000014
00000001
01140000
00000001
02343e80
00000c80
30000000
10000014
00000001
01180000
00000001
02344b00
00000c80
30000000
10000014
00000001
011c0000
00000001
02345780
00000c80
30000000
21000030
00000001
00340000
00000000
00000008
0000000a
0000000a
00000210
00000010
001a0000
00000080
00000000
00000000
40000000
21000030
00000001
00340c80
00000000
00000008
0000000a
0000000a
00000230
00000030
001a0020
00000080
00000000
00000000
40000000
21000030
00000001
00341900
00000000
00000008
0000000a
0000000a
00000250
00000050
001a0040
00000080
00000000
00000000
40000000
21000030
00000001
00342580
00000000
00000008
0000000a
0000000a
00000270
00000070
001a0060
00000080
00000000
00000000
40000000
21000030
00000001
00343200
00000000
00000008
0000000a
0000000a
00000290
00000090
001a0080
00000080
00000000
00000000
40000000
21000030
00000001
00343e80
00000000
00000008
0000000a
0000000a
000002b0
000000b0
001a00a0
00000080
00000000
00000000
40000000
21000030
00000001
00344b00
00000000
00000008
0000000a
0000000a
000002d0
000000d0
001a00c0
00000080
00000000
00000000
40000000
21000030
00000001
00345780
00000000
00000008
0000000a
0000000a
000002f0
000000f0
001a00e0
00000080
00000000
00000000
40000000
10000014
00000001
027c83d0
00000001
03000000
00000410
30000000
10000014
00000000
004e0000
00000001
00000000
00000800
30000000
10000014
00000000
004e0800
00000001
00080000
00000800
30000000
10000014
00000000
004e1000
00000001
00100000
00000800
30000000
10000014
00000000
004e1800
00000001
00180000
00000800
30000000
10000014
00000000
004e2000
00000001
00200000
00000800
30000000
10000014
00000000
004e2800
00000001
00280000
00000800
30000000
10000014
00000000
004e3000
00000001
00300000
00000800
30000000
10000014
00000000
004e3800
00000001
00380000
00000800
30000000
22000030
00000007
00000000
00000000
00000080
0000000a
0000000a
00000000
00000000
00340000
01011100
0000000a
0000000a
40000000
10000014
00000001
02340000
00000001
00004000
00006400
30000000
10000014
00000001
02340000
00000001
00084000
00006400
30000000
10000014
00000001
02340000
00000001
00104000
00006400
30000000
10000014
00000001
02340000
00000001
00184000
00006400
30000000
10000014
00000001
02340000
00000001
00204000
00006400
30000000
10000014
00000001
02340000
00000001
00284000
00006400
30000000
10000014
00000001
02340000
00000001
00304000
00006400
30000000
10000014
00000001
02340000
00000001
00384000
00006400
30000000
90000060
00000064
00000207
000000ff
00000000
00000400
00000010
00000002
00000000
00000000
00000000
00000000
00000000
00000000
00000000
00000000
00000000
00000000
00000000
00000000
00000000
00000000
00000000
00000000
00000000
70000000
00000000
00000000
00000000
00000000
00000000
00000000
00000000
00000000
00000000
00000000
00000000
00000000
00000000
00000000
00000000
00000000
10000014
00000001
01000000
00000001
02340000
00000c80
30000000
10000014
00000001
01040000
00000001
02340c80
00000c80
30000000
10000014
00000001
01080000
00000001
02341900
00000c80
30000000
10000014
00000001
010c0000
00000001
02342580
00000c80
30000000
10000014
00000001
01100000
00000001
02343200
00000c80
30000000
10000014
00000001
01140000
00000001
02343e80
00000c80
30000000
10000014
00000001
01180000
00000001
02344b00
00000c80
30000000
10000014
00000001
011c0000
00000001
02345780
00000c80
30000000
21000030
00000001
00340000
00000000
00000008
0000000a
0000000a
00000310
00000110
001a0100
00000080
00000000
00000000
40000000
21000030
00000001
00340c80
00000000
00000008
0000000a
0000000a
00000330
00000130
001a0120
00000080
00000000
00000000
40000000
21000030
00000001
00341900
00000000
00000008
0000000a
0000000a
00000350
00000150
001a0140
00000080
00000000
00000000
40000000
21000030
00000001
00342580
00000000
00000008
0000000a
0000000a
00000370
00000170
001a0160
00000080
00000000
00000000
40000000
21000030
00000001
00343200
00000000
00000008
0000000a
0000000a
00000390
00000190
001a0180
00000080
00000000
00000000
40000000
21000030
00000001
00343e80
00000000
00000008
0000000a
0000000a
000003b0
000001b0
001a01a0
00000080
00000000
00000000
40000000
21000030
00000001
00344b00
00000000
00000008
0000000a
0000000a
000003d0
000001d0
001a01c0
00000080
00000000
00000000
40000000
21000030
00000001
00345780
00000000
00000008
0000000a
0000000a
000003f0
000001f0
001a01e0
00000080
00000000
00000000
40000000
10000014
00000001
027c87e0
00000001
03000000
00000410
30000000
10000014
00000000
004e4000
00000001
00000000
00004800
30000000
10000014
00000000
004e8800
00000001
00080000
00004800
30000000
10000014
00000000
004ed000
00000001
00100000
00004800
30000000
10000014
00000000
004f1800
00000001
00180000
00004800
30000000
10000014
00000000
004f6000
00000001
00200000
00004800
30000000
10000014
00000000
004fa800
00000001
00280000
00004800
30000000
10000014
00000000
004ff000
00000001
00300000
00004800
30000000
10000014
00000000
00503800
00000001
00380000
00004800
30000000
22000030
00000003
001a0000
00000000
00000080
0000000a
0000000a
00000000
00000000
001a0000
00000000
00000000
00000000
40000000
22000030
00000007
001a0000
00000000
00000080
0000000a
0000000a
00000000
00000000
00340000
03031111
0000000a
0000000a
40000000
10000014
00000001
02340000
00000001
00024000
00038400
30000000
10000014
00000001
02340000
00000001
000a4000
00038400
30000000
10000014
00000001
02340000
00000001
00124000
00038400
30000000
10000014
00000001
02340000
00000001
001a4000
00038400
30000000
10000014
00000001
02340000
00000001
00224000
00038400
30000000
10000014
00000001
02340000
00000001
002a4000
00038400
30000000
10000014
00000001
02340000
00000001
00324000
00038400
30000000
10000014
00000001
02340000
00000001
003a4000
00038400
30000000
90000060
00000064
00001207
000000ff
00000000
00002400
00000090
00000002
00000000
00000000
00000000
00000000
00000000
00000000
00000000
00000000
00000000
00000000
00000000
00000000
00000000
00000000
00000000
00000000
00000000
70000000
00000000
00000000
00000000
00000000
00000000
00000000
00000000
00000000
00000000
00000000
00000000
00000000
00000000
00000000
00000000
00000000
10000014
00000001
01000000
00000001
02340000
00000c80
30000000
10000014
00000001
01040000
00000001
02340c80
00000c80
30000000
10000014
00000001
01080000
00000001
02341900
00000c80
30000000
10000014
00000001
010c0000
00000001
02342580
00000c80
30000000
10000014
00000001
01100000
00000001
02343200
00000c80
30000000
10000014
00000001
01140000
00000001
02343e80
00000c80
30000000
10000014
00000001
01180000
00000001
02344b00
00000c80
30000000
10000014
00000001
011c0000
00000001
02345780
00000c80
30000000
21000030
00000001
00340000
00000000
00000008
0000000a
0000000a
00000210
00000010
00686000
00000080
00000000
00000000
40000000
21000030
00000001
00340c80
00000000
00000008
0000000a
0000000a
00000230
00000030
00686020
00000080
00000000
00000000
40000000
21000030
00000001
00341900
00000000
00000008
0000000a
0000000a
00000250
00000050
00686040
00000080
00000000
00000000
40000000
21000030
00000001
00342580
00000000
00000008
0000000a
0000000a
00000270
00000070
00686060
00000080
00000000
00000000
40000000
21000030
00000001
00343200
00000000
00000008
0000000a
0000000a
00000290
00000090
00686080
00000080
00000000
00000000
40000000
21000030
00000001
00343e80
00000000
00000008
0000000a
0000000a
000002b0
000000b0
006860a0
00000080
00000000
00000000
40000000
21000030
00000001
00344b00
00000000
00000008
0000000a
0000000a
000002d0
000000d0
006860c0
00000080
00000000
00000000
40000000
21000030
00000001
00345780
00000000
00000008
0000000a
0000000a
000002f0
000000f0
006860e0
00000080
00000000
00000000
40000000
10000014
00000001
027c87e0
00000001
03000000
00000410
30000000
10000014
00000000
00508000
00000001
00000000
00004800
30000000
10000014
00000000
0050c800
00000001
00080000
00004800
30000000
10000014
00000000
00511000
00000001
00100000
00004800
30000000
10000014
00000000
00515800
00000001
00180000
00004800
30000000
10000014
00000000
0051a000
00000001
00200000
00004800
30000000
10000014
00000000
0051e800
00000001
00280000
00004800
30000000
10000014
00000000
00523000
00000001
00300000
00004800
30000000
10000014
00000000
00527800
00000001
00380000
00004800
30000000
22000030
00000007
001a0000
00000000
00000080
0000000a
0000000a
00000000
00000000
00340000
03031111
0000000a
0000000a
40000000
10000014
00000001
02340000
00000001
00024000
00038400
30000000
10000014
00000001
02340000
00000001
000a4000
00038400
30000000
10000014
00000001
02340000
00000001
00124000
00038400
30000000
10000014
00000001
02340000
00000001
001a4000
00038400
30000000
10000014
00000001
02340000
00000001
00224000
00038400
30000000
10000014
00000001
02340000
00000001
002a4000
00038400
30000000
10000014
00000001
02340000
00000001
00324000
00038400
30000000
10000014
00000001
02340000
00000001
003a4000
00038400
30000000
90000060
00000064
00001207
000000ff
00000000
00002400
00000090
00000002
00000000
00000000
00000000
00000000
00000000
00000000
00000000
00000000
00000000
00000000
00000000
00000000
00000000
00000000
00000000
00000000
00000000
70000000
00000000
00000000
00000000
00000000
00000000
00000000
00000000
00000000
00000000
00000000
00000000
00000000
00000000
00000000
00000000
00000000
10000014
00000001
01000000
00000001
02340000
00000c80
30000000
10000014
00000001
01040000
00000001
02340c80
00000c80
30000000
10000014
00000001
01080000
00000001
02341900
00000c80
30000000
10000014
00000001
010c0000
00000001
02342580
00000c80
30000000
10000014
00000001
01100000
00000001
02343200
00000c80
30000000
10000014
00000001
01140000
00000001
02343e80
00000c80
30000000
10000014
00000001
01180000
00000001
02344b00
00000c80
30000000
10000014
00000001
011c0000
00000001
02345780
00000c80
30000000
21000030
00000001
00340000
00000000
00000008
0000000a
0000000a
00000310
00000110
00686100
00000080
00000000
00000000
40000000
21000030
00000001
00340c80
00000000
00000008
0000000a
0000000a
00000330
00000130
00686120
00000080
00000000
00000000
40000000
21000030
00000001
00341900
00000000
00000008
0000000a
0000000a
00000350
00000150
00686140
00000080
00000000
00000000
40000000
21000030
00000001
00342580
00000000
00000008
0000000a
0000000a
00000370
00000170
00686160
00000080
00000000
00000000
40000000
21000030
00000001
00343200
00000000
00000008
0000000a
0000000a
00000390
00000190
00686180
00000080
00000000
00000000
40000000
21000030
00000001
00343e80
00000000
00000008
0000000a
0000000a
000003b0
000001b0
006861a0
00000080
00000000
00000000
40000000
21000030
00000001
00344b00
00000000
00000008
0000000a
0000000a
000003d0
000001d0
006861c0
00000080
00000000
00000000
40000000
21000030
00000001
00345780
00000000
00000008
0000000a
0000000a
000003f0
000001f0
006861e0
00000080
00000000
00000000
40000000
10000014
00000001
027c8bf0
00000001
03000000
00000410
30000000
10000014
00000000
0052c000
00000001
00000000
00001000
30000000
10000014
00000000
0052d000
00000001
00080000
00001000
30000000
10000014
00000000
0052e000
00000001
00100000
00001000
30000000
10000014
00000000
0052f000
00000001
00180000
00001000
30000000
10000014
00000000
00530000
00000001
00200000
00001000
30000000
10000014
00000000
00531000
00000001
00280000
00001000
30000000
10000014
00000000
00532000
00000001
00300000
00001000
30000000
10000014
00000000
00533000
00000001
00380000
00001000
30000000
22000030
00000003
0069f000
00000000
00000100
0000000a
0000000a
00000000
00000000
00000000
00000000
00000000
00000000
40000000
22000030
00000007
00000000
00000000
00000100
0000000a
0000000a
00000000
00000000
00340000
01011100
0000000a
0000000a
40000000
10000014
00000001
02340000
00000001
00008000
0000c800
30000000
10000014
00000001
02340000
00000001
00088000
0000c800
30000000
10000014
00000001
02340000
00000001
00108000
0000c800
30000000
10000014
00000001
02340000
00000001
00188000
0000c800
30000000
10000014
00000001
02340000
00000001
00208000
0000c800
30000000
10000014
00000001
02340000
00000001
00288000
0000c800
30000000
10000014
00000001
02340000
00000001
00308000
0000c800
30000000
10000014
00000001
02340000
00000001
00388000
0000c800
30000000
90000060
00000064
00000407
000000ff
00000000
00000800
00000020
00000002
00000000
00000000
00000000
00000000
00000000
00000000
00000000
00000000
00000000
00000000
00000000
00000000
00000000
00000000
00000000
00000000
00000000
70000000
00000000
00000000
00000000
00000000
00000000
00000000
00000000
00000000
00000000
00000000
00000000
00000000
00000000
00000000
00000000
00000000
10000014
00000001
01000000
00000001
02340000
00000c80
30000000
10000014
00000001
01040000
00000001
02340c80
00000c80
30000000
10000014
00000001
01080000
00000001
02341900
00000c80
30000000
10000014
00000001
010c0000
00000001
02342580
00000c80
30000000
10000014
00000001
01100000
00000001
02343200
00000c80
30000000
10000014
00000001
01140000
00000001
02343e80
00000c80
30000000
10000014
00000001
01180000
00000001
02344b00
00000c80
30000000
10000014
00000001
011c0000
00000001
02345780
00000c80
30000000
21000030
00000001
00340000
00000000
00000008
0000000a
0000000a
00000210
00000010
00692800
00000080
00000000
00000000
40000000
21000030
00000001
00340c80
00000000
00000008
0000000a
0000000a
00000230
00000030
00692820
00000080
00000000
00000000
40000000
21000030
00000001
00341900
00000000
00000008
0000000a
0000000a
00000250
00000050
00692840
00000080
00000000
00000000
40000000
21000030
00000001
00342580
00000000
00000008
0000000a
0000000a
00000270
00000070
00692860
00000080
00000000
00000000
40000000
21000030
00000001
00343200
00000000
00000008
0000000a
0000000a
00000290
00000090
00692880
00000080
00000000
00000000
40000000
21000030
00000001
00343e80
00000000
00000008
0000000a
0000000a
000002b0
000000b0
006928a0
00000080
00000000
00000000
40000000
21000030
00000001
00344b00
00000000
00000008
0000000a
0000000a
000002d0
000000d0
006928c0
00000080
00000000
00000000
40000000
21000030
00000001
00345780
00000000
00000008
0000000a
0000000a
000002f0
000000f0
006928e0
00000080
00000000
00000000
40000000
10000014
00000001
027c8bf0
00000001
03000000
00000410
30000000
10000014
00000000
00534000
00000001
00000000
00001000
30000000
10000014
00000000
00535000
00000001
00080000
00001000
30000000
10000014
00000000
00536000
00000001
00100000
00001000
30000000
10000014
00000000
00537000
00000001
00180000
00001000
30000000
10000014
00000000
00538000
00000001
00200000
00001000
30000000
10000014
00000000
00539000
00000001
00280000
00001000
30000000
10000014
00000000
0053a000
00000001
00300000
00001000
30000000
10000014
00000000
0053b000
00000001
00380000
00001000
30000000
22000030
00000007
00000000
00000000
00000100
0000000a
0000000a
00000000
00000000
00340000
01011100
0000000a
0000000a
40000000
10000014
00000001
02340000
00000001
00008000
0000c800
30000000
10000014
00000001
02340000
00000001
00088000
0000c800
30000000
10000014
00000001
02340000
00000001
00108000
0000c800
30000000
10000014
00000001
02340000
00000001
00188000
0000c800
30000000
10000014
00000001
02340000
00000001
00208000
0000c800
30000000
10000014
00000001
02340000
00000001
00288000
0000c800
30000000
10000014
00000001
02340000
00000001
00308000
0000c800
30000000
10000014
00000001
02340000
00000001
00388000
0000c800
30000000
90000060
00000064
00000407
000000ff
00000000
00000800
00000020
00000002
00000000
00000000
00000000
00000000
00000000
00000000
00000000
00000000
00000000
00000000
00000000
00000000
00000000
00000000
00000000
00000000
00000000
70000000
00000000
00000000
00000000
00000000
00000000
00000000
00000000
00000000
00000000
00000000
00000000
00000000
00000000
00000000
00000000
00000000
10000014
00000001
01000000
00000001
02340000
00000c80
30000000
10000014
00000001
01040000
00000001
02340c80
00000c80
30000000
10000014
00000001
01080000
00000001
02341900
00000c80
30000000
10000014
00000001
010c0000
00000001
02342580
00000c80
30000000
10000014
00000001
01100000
00000001
02343200
00000c80
30000000
10000014
00000001
01140000
00000001
02343e80
00000c80
30000000
10000014
00000001
01180000
00000001
02344b00
00000c80
30000000
10000014
00000001
011c0000
00000001
02345780
00000c80
30000000
21000030
00000001
00340000
00000000
00000008
0000000a
0000000a
00000310
00000110
00692900
00000080
00000000
00000000
40000000
21000030
00000001
00340c80
00000000
00000008
0000000a
0000000a
00000330
00000130
00692920
00000080
00000000
00000000
40000000
21000030
00000001
00341900
00000000
00000008
0000000a
0000000a
00000350
00000150
00692940
00000080
00000000
00000000
40000000
21000030
00000001
00342580
00000000
00000008
0000000a
0000000a
00000370
00000170
00692960
00000080
00000000
00000000
40000000
21000030
00000001
00343200
00000000
00000008
0000000a
0000000a
00000390
00000190
00692980
00000080
00000000
00000000
40000000
21000030
00000001
00343e80
00000000
00000008
0000000a
0000000a
000003b0
000001b0
006929a0
00000080
00000000
00000000
40000000
21000030
00000001
00344b00
00000000
00000008
0000000a
0000000a
000003d0
000001d0
006929c0
00000080
00000000
00000000
40000000
21000030
00000001
00345780
00000000
00000008
0000000a
0000000a
000003f0
000001f0
006929e0
00000080
00000000
00000000
40000000
a0000020
00000001
02686000
00000001
02000000
00000040
00000200
00000400
00000064
30000000
a0000020
00000001
02686040
00000001
02000040
00000040
00000200
00000400
00000064
30000000
a0000020
00000001
02686080
00000001
02000080
00000040
00000200
00000400
00000064
30000000
a0000020
00000001
026860c0
00000001
020000c0
00000040
00000200
00000400
00000064
30000000
a0000020
00000001
02686100
00000001
02000100
00000040
00000200
00000400
00000064
30000000
a0000020
00000001
02686140
00000001
02000140
00000040
00000200
00000400
00000064
30000000
a0000020
00000001
02686180
00000001
02000180
00000040
00000200
00000400
00000064
30000000
a0000020
00000001
026861c0
00000001
020001c0
00000040
00000200
00000400
00000064
30000000
a0000020
00000001
02692800
00000001
02000200
00000040
00000200
00000400
00000064
30000000
a0000020
00000001
02692840
00000001
02000240
00000040
00000200
00000400
00000064
30000000
a0000020
00000001
02692880
00000001
02000280
00000040
00000200
00000400
00000064
30000000
a0000020
00000001
026928c0
00000001
020002c0
00000040
00000200
00000400
00000064
30000000
a0000020
00000001
02692900
00000001
02000300
00000040
00000200
00000400
00000064
30000000
a0000020
00000001
02692940
00000001
02000340
00000040
00000200
00000400
00000064
30000000
a0000020
00000001
02692980
00000001
02000380
00000040
00000200
00000400
00000064
30000000
a0000020
00000001
026929c0
00000001
020003c0
00000040
00000200
00000400
00000064
30000000
10000014
00000001
027c9000
00000001
03000000
00000810
30000000
10000014
00000000
0053c000
00000001
00000000
00001000
30000000
10000014
00000000
0053d000
00000001
00080000
00001000
30000000
10000014
00000000
0053e000
00000001
00100000
00001000
30000000
10000014
00000000
0053f000
00000001
00180000
00001000
30000000
10000014
00000000
00540000
00000001
00200000
00001000
30000000
10000014
00000000
00541000
00000001
00280000
00001000
30000000
10000014
00000000
00542000
00000001
00300000
00001000
30000000
10000014
00000000
00543000
00000001
00380000
00001000
30000000
22000030
00000003
00000000
00000000
00000100
0000000a
0000000a
00000000
00000000
00000000
00000000
00000000
00000000
40000000
22000030
00000007
00000000
00000000
00000100
0000000a
0000000a
00000000
00000000
00340000
01011100
0000000a
0000000a
40000000
10000014
00000001
02340000
00000001
00008000
0000c800
30000000
10000014
00000001
02340000
00000001
00088000
0000c800
30000000
10000014
00000001
02340000
00000001
00108000
0000c800
30000000
10000014
00000001
02340000
00000001
00188000
0000c800
30000000
10000014
00000001
02340000
00000001
00208000
0000c800
30000000
10000014
00000001
02340000
00000001
00288000
0000c800
30000000
10000014
00000001
02340000
00000001
00308000
0000c800
30000000
10000014
00000001
02340000
00000001
00388000
0000c800
30000000
90000060
00000064
00000407
000000ff
00000000
00000800
00000020
00000002
00000000
00000000
00000000
00000000
00000000
00000000
00000000
00000000
00000000
00000000
00000000
00000000
00000000
00000000
00000000
00000000
00000000
70000000
00000000
00000000
00000000
00000000
00000000
00000000
00000000
00000000
00000000
00000000
00000000
00000000
00000000
00000000
00000000
00000000
10000014
00000001
01000000
00000001
02340000
00000c80
30000000
10000014
00000001
01040000
00000001
02340c80
00000c80
30000000
10000014
00000001
01080000
00000001
02341900
00000c80
30000000
10000014
00000001
010c0000
00000001
02342580
00000c80
30000000
10000014
00000001
01100000
00000001
02343200
00000c80
30000000
10000014
00000001
01140000
00000001
02343e80
00000c80
30000000
10000014
00000001
01180000
00000001
02344b00
00000c80
30000000
10000014
00000001
011c0000
00000001
02345780
00000c80
30000000
21000030
00000001
00340000
00000000
00000008
0000000a
0000000a
00000410
00000010
00686000
00000100
00000000
00000000
40000000
21000030
00000001
00340c80
00000000
00000008
0000000a
0000000a
00000430
00000030
00686020
00000100
00000000
00000000
40000000
21000030
00000001
00341900
00000000
00000008
0000000a
0000000a
00000450
00000050
00686040
00000100
00000000
00000000
40000000
21000030
00000001
00342580
00000000
00000008
0000000a
0000000a
00000470
00000070
00686060
00000100
00000000
00000000
40000000
21000030
00000001
00343200
00000000
00000008
0000000a
0000000a
00000490
00000090
00686080
00000100
00000000
00000000
40000000
21000030
00000001
00343e80
00000000
00000008
0000000a
0000000a
000004b0
000000b0
006860a0
00000100
00000000
00000000
40000000
21000030
00000001
00344b00
00000000
00000008
0000000a
0000000a
000004d0
000000d0
006860c0
00000100
00000000
00000000
40000000
21000030
00000001
00345780
00000000
00000008
0000000a
0000000a
000004f0
000000f0
006860e0
00000100
00000000
00000000
40000000
10000014
00000001
027c9000
00000001
03000000
00000810
30000000
10000014
00000000
00544000
00000001
00000000
00001000
30000000
10000014
00000000
00545000
00000001
00080000
00001000
30000000
10000014
00000000
00546000
00000001
00100000
00001000
30000000
10000014
00000000
00547000
00000001
00180000
00001000
30000000
10000014
00000000
00548000
00000001
00200000
00001000
30000000
10000014
00000000
00549000
00000001
00280000
00001000
30000000
10000014
00000000
0054a000
00000001
00300000
00001000
30000000
10000014
00000000
0054b000
00000001
00380000
00001000
30000000
22000030
00000007
00000000
00000000
00000100
0000000a
0000000a
00000000
00000000
00340000
01011100
0000000a
0000000a
40000000
10000014
00000001
02340000
00000001
00008000
0000c800
30000000
10000014
00000001
02340000
00000001
00088000
0000c800
30000000
10000014
00000001
02340000
00000001
00108000
0000c800
30000000
10000014
00000001
02340000
00000001
00188000
0000c800
30000000
10000014
00000001
02340000
00000001
00208000
0000c800
30000000
10000014
00000001
02340000
00000001
00288000
0000c800
30000000
10000014
00000001
02340000
00000001
00308000
0000c800
30000000
10000014
00000001
02340000
00000001
00388000
0000c800
30000000
90000060
00000064
00000407
000000ff
00000000
00000800
00000020
00000002
00000000
00000000
00000000
00000000
00000000
00000000
00000000
00000000
00000000
00000000
00000000
00000000
00000000
00000000
00000000
00000000
00000000
70000000
00000000
00000000
00000000
00000000
00000000
00000000
00000000
00000000
00000000
00000000
00000000
00000000
00000000
00000000
00000000
00000000
10000014
00000001
01000000
00000001
02340000
00000c80
30000000
10000014
00000001
01040000
00000001
02340c80
00000c80
30000000
10000014
00000001
01080000
00000001
02341900
00000c80
30000000
10000014
00000001
010c0000
00000001
02342580
00000c80
30000000
10000014
00000001
01100000
00000001
02343200
00000c80
30000000
10000014
00000001
01140000
00000001
02343e80
00000c80
30000000
10000014
00000001
01180000
00000001
02344b00
00000c80
30000000
10000014
00000001
011c0000
00000001
02345780
00000c80
30000000
21000030
00000001
00340000
00000000
00000008
0000000a
0000000a
00000510
00000110
00686100
00000100
00000000
00000000
40000000
21000030
00000001
00340c80
00000000
00000008
0000000a
0000000a
00000530
00000130
00686120
00000100
00000000
00000000
40000000
21000030
00000001
00341900
00000000
00000008
0000000a
0000000a
00000550
00000150
00686140
00000100
00000000
00000000
40000000
21000030
00000001
00342580
00000000
00000008
0000000a
0000000a
00000570
00000170
00686160
00000100
00000000
00000000
40000000
21000030
00000001
00343200
00000000
00000008
0000000a
0000000a
00000590
00000190
00686180
00000100
00000000
00000000
40000000
21000030
00000001
00343e80
00000000
00000008
0000000a
0000000a
000005b0
000001b0
006861a0
00000100
00000000
00000000
40000000
21000030
00000001
00344b00
00000000
00000008
0000000a
0000000a
000005d0
000001d0
006861c0
00000100
00000000
00000000
40000000
21000030
00000001
00345780
00000000
00000008
0000000a
0000000a
000005f0
000001f0
006861e0
00000100
00000000
00000000
40000000
10000014
00000001
027c9000
00000001
03000000
00000810
30000000
10000014
00000000
0054c000
00000001
00000000
00001000
30000000
10000014
00000000
0054d000
00000001
00080000
00001000
30000000
10000014
00000000
0054e000
00000001
00100000
00001000
30000000
10000014
00000000
0054f000
00000001
00180000
00001000
30000000
10000014
00000000
00550000
00000001
00200000
00001000
30000000
10000014
00000000
00551000
00000001
00280000
00001000
30000000
10000014
00000000
00552000
00000001
00300000
00001000
30000000
10000014
00000000
00553000
00000001
00380000
00001000
30000000
22000030
00000007
00000000
00000000
00000100
0000000a
0000000a
00000000
00000000
00340000
01011100
0000000a
0000000a
40000000
10000014
00000001
02340000
00000001
00008000
0000c800
30000000
10000014
00000001
02340000
00000001
00088000
0000c800
30000000
10000014
00000001
02340000
00000001
00108000
0000c800
30000000
10000014
00000001
02340000
00000001
00188000
0000c800
30000000
10000014
00000001
02340000
00000001
00208000
0000c800
30000000
10000014
00000001
02340000
00000001
00288000
0000c800
30000000
10000014
00000001
02340000
00000001
00308000
0000c800
30000000
10000014
00000001
02340000
00000001
00388000
0000c800
30000000
90000060
00000064
00000407
000000ff
00000000
00000800
00000020
00000002
00000000
00000000
00000000
00000000
00000000
00000000
00000000
00000000
00000000
00000000
00000000
00000000
00000000
00000000
00000000
00000000
00000000
70000000
00000000
00000000
00000000
00000000
00000000
00000000
00000000
00000000
00000000
00000000
00000000
00000000
00000000
00000000
00000000
00000000
10000014
00000001
01000000
00000001
02340000
00000c80
30000000
10000014
00000001
01040000
00000001
02340c80
00000c80
30000000
10000014
00000001
01080000
00000001
02341900
00000c80
30000000
10000014
00000001
010c0000
00000001
02342580
00000c80
30000000
10000014
00000001
01100000
00000001
02343200
00000c80
30000000
10000014
00000001
01140000
00000001
02343e80
00000c80
30000000
10000014
00000001
01180000
00000001
02344b00
00000c80
30000000
10000014
00000001
011c0000
00000001
02345780
00000c80
30000000
21000030
00000001
00340000
00000000
00000008
0000000a
0000000a
00000610
00000210
00686200
00000100
00000000
00000000
40000000
21000030
00000001
00340c80
00000000
00000008
0000000a
0000000a
00000630
00000230
00686220
00000100
00000000
00000000
40000000
21000030
00000001
00341900
00000000
00000008
0000000a
0000000a
00000650
00000250
00686240
00000100
00000000
00000000
40000000
21000030
00000001
00342580
00000000
00000008
0000000a
0000000a
00000670
00000270
00686260
00000100
00000000
00000000
40000000
21000030
00000001
00343200
00000000
00000008
0000000a
0000000a
00000690
00000290
00686280
00000100
00000000
00000000
40000000
21000030
00000001
00343e80
00000000
00000008
0000000a
0000000a
000006b0
000002b0
006862a0
00000100
00000000
00000000
40000000
21000030
00000001
00344b00
00000000
00000008
0000000a
0000000a
000006d0
000002d0
006862c0
00000100
00000000
00000000
40000000
21000030
00000001
00345780
00000000
00000008
0000000a
0000000a
000006f0
000002f0
006862e0
00000100
00000000
00000000
40000000
10000014
00000001
027c9000
00000001
03000000
00000810
30000000
10000014
00000000
00554000
00000001
00000000
00001000
30000000
10000014
00000000
00555000
00000001
00080000
00001000
30000000
10000014
00000000
00556000
00000001
00100000
00001000
30000000
10000014
00000000
00557000
00000001
00180000
00001000
30000000
10000014
00000000
00558000
00000001
00200000
00001000
30000000
10000014
00000000
00559000
00000001
00280000
00001000
30000000
10000014
00000000
0055a000
00000001
00300000
00001000
30000000
10000014
00000000
0055b000
00000001
00380000
00001000
30000000
22000030
00000007
00000000
00000000
00000100
0000000a
0000000a
00000000
00000000
00340000
01011100
0000000a
0000000a
40000000
10000014
00000001
02340000
00000001
00008000
0000c800
30000000
10000014
00000001
02340000
00000001
00088000
0000c800
30000000
10000014
00000001
02340000
00000001
00108000
0000c800
30000000
10000014
00000001
02340000
00000001
00188000
0000c800
30000000
10000014
00000001
02340000
00000001
00208000
0000c800
30000000
10000014
00000001
02340000
00000001
00288000
0000c800
30000000
10000014
00000001
02340000
00000001
00308000
0000c800
30000000
10000014
00000001
02340000
00000001
00388000
0000c800
30000000
90000060
00000064
00000407
000000ff
00000000
00000800
00000020
00000002
00000000
00000000
00000000
00000000
00000000
00000000
00000000
00000000
00000000
00000000
00000000
00000000
00000000
00000000
00000000
00000000
00000000
70000000
00000000
00000000
00000000
00000000
00000000
00000000
00000000
00000000
00000000
00000000
00000000
00000000
00000000
00000000
00000000
00000000
10000014
00000001
01000000
00000001
02340000
00000c80
30000000
10000014
00000001
01040000
00000001
02340c80
00000c80
30000000
10000014
00000001
01080000
00000001
02341900
00000c80
30000000
10000014
00000001
010c0000
00000001
02342580
00000c80
30000000
10000014
00000001
01100000
00000001
02343200
00000c80
30000000
10000014
00000001
01140000
00000001
02343e80
00000c80
30000000
10000014
00000001
01180000
00000001
02344b00
00000c80
30000000
10000014
00000001
011c0000
00000001
02345780
00000c80
30000000
21000030
00000001
00340000
00000000
00000008
0000000a
0000000a
00000710
00000310
00686300
00000100
00000000
00000000
40000000
21000030
00000001
00340c80
00000000
00000008
0000000a
0000000a
00000730
00000330
00686320
00000100
00000000
00000000
40000000
21000030
00000001
00341900
00000000
00000008
0000000a
0000000a
00000750
00000350
00686340
00000100
00000000
00000000
40000000
21000030
00000001
00342580
00000000
00000008
0000000a
0000000a
00000770
00000370
00686360
00000100
00000000
00000000
40000000
21000030
00000001
00343200
00000000
00000008
0000000a
0000000a
00000790
00000390
00686380
00000100
00000000
00000000
40000000
21000030
00000001
00343e80
00000000
00000008
0000000a
0000000a
000007b0
000003b0
006863a0
00000100
00000000
00000000
40000000
21000030
00000001
00344b00
00000000
00000008
0000000a
0000000a
000007d0
000003d0
006863c0
00000100
00000000
00000000
40000000
21000030
00000001
00345780
00000000
00000008
0000000a
0000000a
000007f0
000003f0
006863e0
00000100
00000000
00000000
40000000
f0000000
